2024-12-05 01:38:20,010 [INFO] LogOutputStream:77 - [STDOUT_REDIRECT] 
2024-12-05 08:12:10,658 [INFO] Activator:176 - 


2024-12-05 08:12:10,662 [INFO] Activator:177 - !SESSION log4j initialized
2024-12-05 08:12:18,861 [INFO] LogOutputStream:77 - [STDOUT_REDIRECT] 
2024-12-05 08:12:20,714 [INFO] ApplicationProperties:184 - Using Application install path: /home/cotti/st/stm32cubeide_1.17.0/plugins/com.st.stm32cube.common.mx_6.13.0.202411220809
2024-12-05 08:12:20,732 [INFO] DbMcusXml:78 - Set database path to: /home/cotti/st/stm32cubeide_1.17.0/plugins/com.st.stm32cube.common.mx_6.13.0.202411220809//db//mcu/
2024-12-05 08:12:20,732 [INFO] ApiDb:274 - Set plugin database path to: /home/cotti/st/stm32cubeide_1.17.0/plugins/com.st.stm32cube.common.mx_6.13.0.202411220809//db//plugins/boardmanager/
2024-12-05 08:12:20,733 [WARN] ApiDb:259 - Overriding images path with different value:  => /home/cotti/st/stm32cubeide_1.17.0/plugins/com.st.stm32cube.common.mx_6.13.0.202411220809//db//plugins/mcufinder/images/
2024-12-05 08:12:20,743 [INFO] ApiDb:250 - Set database path to: /home/cotti/.stmcufinder/plugins/mcufinder//mcu/
2024-12-05 08:12:20,745 [INFO] DbMcusAds:125 - Set database path to: /home/cotti/.stmcufinder/plugins/mcufinder//mcu/
2024-12-05 08:12:20,748 [INFO] CrossReferenceDbSqlite:203 - Set database path to: /home/cotti/.stmcufinder/plugins/mcufinder//mcu/cs/
2024-12-05 08:12:20,880 [INFO] RulesReader:64 - Compatibility file has been processed (297 Rules)
2024-12-05 08:12:20,961 [INFO] DbMcusXml:78 - Set database path to: /home/cotti/st/stm32cubeide_1.17.0/plugins/com.st.stm32cube.common.mx_6.13.0.202411220809//db//mcu/
2024-12-05 08:12:20,962 [INFO] ApiDb:274 - Set plugin database path to: /home/cotti/st/stm32cubeide_1.17.0/plugins/com.st.stm32cube.common.mx_6.13.0.202411220809//db//plugins/boardmanager/
2024-12-05 08:12:20,962 [INFO] ApiDb:261 - Set plugin images path to: /home/cotti/st/stm32cubeide_1.17.0/plugins/com.st.stm32cube.common.mx_6.13.0.202411220809//db//plugins/mcufinder/images/
2024-12-05 08:12:20,962 [WARN] DbFile:41 - Overriding database path with different value: /home/cotti/.stmcufinder/plugins/mcufinder/ => /home/cotti/.stmcufinder/plugins/mcufinder
2024-12-05 08:12:20,963 [INFO] ApiDb:250 - Set database path to: /home/cotti/.stmcufinder/plugins/mcufinder//mcu/
2024-12-05 08:12:20,963 [WARN] DbFile:41 - Overriding database path with different value: /home/cotti/.stmcufinder/plugins/mcufinder/ => /home/cotti/.stmcufinder/plugins/mcufinder
2024-12-05 08:12:20,963 [INFO] DbMcusAds:125 - Set database path to: /home/cotti/.stmcufinder/plugins/mcufinder//mcu/
2024-12-05 08:12:20,963 [WARN] DbFile:41 - Overriding database path with different value: /home/cotti/.stmcufinder/plugins/mcufinder/ => /home/cotti/.stmcufinder/plugins/mcufinder
2024-12-05 08:12:20,963 [WARN] DbFile:41 - Overriding database path with different value: /home/cotti/.stmcufinder/plugins/mcufinder/ => /home/cotti/.stmcufinder/plugins/mcufinder
2024-12-05 08:12:20,963 [INFO] CrossReferenceDbSqlite:203 - Set database path to: /home/cotti/.stmcufinder/plugins/mcufinder//mcu/cs/
2024-12-05 08:12:21,067 [INFO] MainPanel:272 - HeapMemory: 268435456
2024-12-05 08:12:21,246 [INFO] DbMcusXml:78 - Set database path to: /home/cotti/st/stm32cubeide_1.17.0/plugins/com.st.stm32cube.common.mx_6.13.0.202411220809//db//mcu/
2024-12-05 08:12:21,246 [INFO] ApiDb:274 - Set plugin database path to: /home/cotti/st/stm32cubeide_1.17.0/plugins/com.st.stm32cube.common.mx_6.13.0.202411220809//db//plugins/boardmanager/
2024-12-05 08:12:21,246 [INFO] ApiDb:261 - Set plugin images path to: /home/cotti/st/stm32cubeide_1.17.0/plugins/com.st.stm32cube.common.mx_6.13.0.202411220809//db//plugins/mcufinder/images/
2024-12-05 08:12:21,247 [WARN] DbFile:41 - Overriding database path with different value: /home/cotti/.stmcufinder/plugins/mcufinder/ => /home/cotti/.stmcufinder/plugins/mcufinder
2024-12-05 08:12:21,247 [INFO] ApiDb:250 - Set database path to: /home/cotti/.stmcufinder/plugins/mcufinder//mcu/
2024-12-05 08:12:21,247 [WARN] DbFile:41 - Overriding database path with different value: /home/cotti/.stmcufinder/plugins/mcufinder/ => /home/cotti/.stmcufinder/plugins/mcufinder
2024-12-05 08:12:21,247 [INFO] DbMcusAds:125 - Set database path to: /home/cotti/.stmcufinder/plugins/mcufinder//mcu/
2024-12-05 08:12:21,247 [WARN] DbFile:41 - Overriding database path with different value: /home/cotti/.stmcufinder/plugins/mcufinder/ => /home/cotti/.stmcufinder/plugins/mcufinder
2024-12-05 08:12:21,247 [WARN] DbFile:41 - Overriding database path with different value: /home/cotti/.stmcufinder/plugins/mcufinder/ => /home/cotti/.stmcufinder/plugins/mcufinder
2024-12-05 08:12:21,247 [INFO] CrossReferenceDbSqlite:203 - Set database path to: /home/cotti/.stmcufinder/plugins/mcufinder//mcu/cs/
2024-12-05 08:12:21,270 [INFO] ApplicationProperties:184 - Using Application install path: /home/cotti/st/stm32cubeide_1.17.0/plugins/com.st.stm32cube.common.mx_6.13.0.202411220809
2024-12-05 08:12:21,273 [INFO] PluginManage:196 - Search for loadable plugins [exclusion list=, ]
2024-12-05 08:12:21,275 [INFO] PluginManage:310 - Check plugin analytics
2024-12-05 08:12:21,482 [INFO] AnalyticsPlugin:253 - Accepted Software Licenses: 
2024-12-05 08:12:21,482 [INFO] AnalyticsPlugin:255 - Accepted CMSIS Pack Licenses: 
2024-12-05 08:12:21,483 [INFO] AnalyticsPlugin:257 - Accepted Firmware Licenses: FW.F4.1.27.0,FW.F4.1.28.0
2024-12-05 08:12:21,488 [INFO] PluginManage:359 - Loaded plugin analytics (category:tool,tabindex:-1)
2024-12-05 08:12:21,489 [INFO] PluginManage:310 - Check plugin cadmodel
2024-12-05 08:12:21,495 [INFO] CADModel:105 - Init CAD model plugin
2024-12-05 08:12:21,495 [INFO] PluginManage:359 - Loaded plugin cadmodel (category:power,tabindex:5)
2024-12-05 08:12:21,496 [INFO] PluginManage:310 - Check plugin clock
2024-12-05 08:12:21,507 [INFO] PluginManage:359 - Loaded plugin clock (category:base,tabindex:2)
2024-12-05 08:12:21,507 [INFO] PluginManage:310 - Check plugin ddr
2024-12-05 08:12:21,510 [INFO] PluginManage:359 - Loaded plugin ddr (category:tool,tabindex:6)
2024-12-05 08:12:21,511 [INFO] PluginManage:310 - Check plugin filemanager
2024-12-05 08:12:21,704 [INFO] PluginManage:359 - Loaded plugin filemanager (category:base,tabindex:10)
2024-12-05 08:12:21,704 [INFO] PluginManage:310 - Check plugin ipmanager
2024-12-05 08:12:21,710 [INFO] PluginManage:359 - Loaded plugin ipmanager (category:base,tabindex:5)
2024-12-05 08:12:21,710 [INFO] PluginManage:310 - Check plugin lpbam
2024-12-05 08:12:21,721 [INFO] PluginManage:359 - Loaded plugin lpbam (category:base,tabindex:0)
2024-12-05 08:12:21,721 [INFO] PluginManage:310 - Check plugin memorymap
2024-12-05 08:12:21,733 [INFO] PluginManage:359 - Loaded plugin memorymap (category:base,tabindex:4)
2024-12-05 08:12:21,733 [INFO] PluginManage:310 - Check plugin pinoutandconfiguration
2024-12-05 08:12:21,747 [INFO] PluginManage:359 - Loaded plugin pinoutandconfiguration (category:base,tabindex:1)
2024-12-05 08:12:21,748 [INFO] PluginManage:310 - Check plugin pinoutconfig
2024-12-05 08:12:21,851 [WARN] SupportedApi:132 - Cannot load RTOS API schema: s4s-elt-must-match.1: The content of 'definitions' must match (annotation?, (simpleType | complexType)?, (unique | key | keyref)*)). A problem was found starting at: attribute.
2024-12-05 08:12:22,033 [INFO] PluginManage:359 - Loaded plugin pinoutconfig (category:base,tabindex:0)
2024-12-05 08:12:22,033 [INFO] PluginManage:310 - Check plugin power
2024-12-05 08:12:22,054 [INFO] PluginManage:359 - Loaded plugin power (category:power,tabindex:4)
2024-12-05 08:12:22,054 [INFO] PluginManage:310 - Check plugin projectmanager
2024-12-05 08:12:22,092 [INFO] PluginManage:359 - Loaded plugin projectmanager (category:projectmanager,tabindex:4)
2024-12-05 08:12:22,093 [INFO] PluginManage:310 - Check plugin rif
2024-12-05 08:12:22,107 [INFO] PluginManage:359 - Loaded plugin rif (category:base,tabindex:3)
2024-12-05 08:12:22,107 [INFO] PluginManage:310 - Check plugin thirdparty
2024-12-05 08:12:22,328 [WARN] IntegrityCheckThread:84 - waiting for thirdparty lock release [integrity check]
2024-12-05 08:12:22,328 [INFO] PluginManage:359 - Loaded plugin thirdparty (category:base,tabindex:-1)
2024-12-05 08:12:22,328 [INFO] IntegrityCheckThread:86 - entering critical section [integrity check]
2024-12-05 08:12:22,328 [INFO] PluginManage:310 - Check plugin tools
2024-12-05 08:12:22,329 [INFO] ThirdPartyUpdaterWithRetryManager:70 - Updater plugin not ready yet. [1/15]
2024-12-05 08:12:22,331 [INFO] PluginManage:359 - Loaded plugin tools (category:base,tabindex:7)
2024-12-05 08:12:22,332 [INFO] PluginManage:310 - Check plugin tutovideos
2024-12-05 08:12:22,533 [INFO] PluginManage:359 - Loaded plugin tutovideos (category:base,tabindex:-1)
2024-12-05 08:12:22,533 [INFO] PluginManage:310 - Check plugin updater
2024-12-05 08:12:22,567 [INFO] PluginManage:359 - Loaded plugin updater (category:base,tabindex:12)
2024-12-05 08:12:22,568 [INFO] PluginManage:310 - Check plugin userauth
2024-12-05 08:12:22,574 [INFO] UserAuth:118 - Init User Auth plugin
2024-12-05 08:12:22,575 [INFO] PluginManage:359 - Loaded plugin userauth (category:base,tabindex:14)
2024-12-05 08:12:22,576 [INFO] PluginManage:283 - PluginManage : Loaded plugins [18]
2024-12-05 08:12:22,814 [INFO] PinOutPanel:1589 - setPackage(No Configuration,No Configuration)
2024-12-05 08:12:22,910 [INFO] CADModel:165 - CPN selected for project level
2024-12-05 08:12:22,911 [INFO] CADModel:114 - Register for checkConnection events
2024-12-05 08:12:22,937 [INFO] IPUIPlugin:80 - create IPUIPlugin
2024-12-05 08:12:22,937 [INFO] PluginManager:220 - loadIPPluginJar : add fmc
2024-12-05 08:12:22,939 [INFO] IPUIPlugin:80 - create IPUIPlugin
2024-12-05 08:12:22,940 [INFO] PluginManager:220 - loadIPPluginJar : add quadspi
2024-12-05 08:12:22,943 [INFO] IPUIPlugin:80 - create IPUIPlugin
2024-12-05 08:12:22,943 [INFO] PluginManager:220 - loadIPPluginJar : add aes
2024-12-05 08:12:22,947 [INFO] IPUIPlugin:80 - create IPUIPlugin
2024-12-05 08:12:22,947 [INFO] PluginManager:220 - loadIPPluginJar : add lorawan
2024-12-05 08:12:22,949 [INFO] IPUIPlugin:80 - create IPUIPlugin
2024-12-05 08:12:22,949 [INFO] PluginManager:220 - loadIPPluginJar : add ltdc
2024-12-05 08:12:22,951 [INFO] IPUIPlugin:80 - create IPUIPlugin
2024-12-05 08:12:22,951 [INFO] PluginManager:220 - loadIPPluginJar : add fatfs
2024-12-05 08:12:22,956 [INFO] IPUIPlugin:80 - create IPUIPlugin
2024-12-05 08:12:22,956 [INFO] PluginManager:220 - loadIPPluginJar : add resmgrutility
2024-12-05 08:12:22,964 [INFO] IPUIPlugin:80 - create IPUIPlugin
2024-12-05 08:12:22,965 [INFO] PluginManager:220 - loadIPPluginJar : add linkedlist
2024-12-05 08:12:22,973 [INFO] IPUIPlugin:80 - create IPUIPlugin
2024-12-05 08:12:22,974 [INFO] PluginManager:220 - loadIPPluginJar : add mdma
2024-12-05 08:12:22,976 [INFO] IPUIPlugin:80 - create IPUIPlugin
2024-12-05 08:12:22,976 [INFO] PluginManager:220 - loadIPPluginJar : add tsc
2024-12-05 08:12:22,978 [INFO] IPUIPlugin:80 - create IPUIPlugin
2024-12-05 08:12:22,978 [INFO] PluginManager:220 - loadIPPluginJar : add genericplugin
2024-12-05 08:12:22,981 [INFO] IPUIPlugin:80 - create IPUIPlugin
2024-12-05 08:12:22,982 [INFO] PluginManager:220 - loadIPPluginJar : add pdm2pcm
2024-12-05 08:12:22,986 [INFO] IPUIPlugin:80 - create IPUIPlugin
2024-12-05 08:12:22,986 [INFO] PluginManager:220 - loadIPPluginJar : add nvic
2024-12-05 08:12:22,989 [INFO] IPUIPlugin:80 - create IPUIPlugin
2024-12-05 08:12:22,989 [INFO] PluginManager:220 - loadIPPluginJar : add usart
2024-12-05 08:12:22,991 [INFO] IPUIPlugin:80 - create IPUIPlugin
2024-12-05 08:12:22,992 [INFO] PluginManager:220 - loadIPPluginJar : add radio
2024-12-05 08:12:22,997 [INFO] IPUIPlugin:80 - create IPUIPlugin
2024-12-05 08:12:22,997 [INFO] PluginManager:220 - loadIPPluginJar : add gpio
2024-12-05 08:12:23,000 [INFO] IPUIPlugin:80 - create IPUIPlugin
2024-12-05 08:12:23,000 [INFO] PluginManager:220 - loadIPPluginJar : add ddr_ctrl_phy
2024-12-05 08:12:23,008 [INFO] IPUIPlugin:80 - create IPUIPlugin
2024-12-05 08:12:23,012 [INFO] PluginManager:220 - loadIPPluginJar : add plateformsettings
2024-12-05 08:12:23,014 [INFO] IPUIPlugin:80 - create IPUIPlugin
2024-12-05 08:12:23,015 [INFO] PluginManager:220 - loadIPPluginJar : add cryp
2024-12-05 08:12:23,017 [INFO] IPUIPlugin:80 - create IPUIPlugin
2024-12-05 08:12:23,018 [INFO] PluginManager:220 - loadIPPluginJar : add i2c
2024-12-05 08:12:23,024 [INFO] IPUIPlugin:80 - create IPUIPlugin
2024-12-05 08:12:23,024 [INFO] PluginManager:220 - loadIPPluginJar : add stm32_wpan
2024-12-05 08:12:23,027 [INFO] IPUIPlugin:80 - create IPUIPlugin
2024-12-05 08:12:23,028 [INFO] PluginManager:220 - loadIPPluginJar : add openamp
2024-12-05 08:12:23,031 [INFO] IPUIPlugin:80 - create IPUIPlugin
2024-12-05 08:12:23,031 [INFO] PluginManager:220 - loadIPPluginJar : add extmemmanager
2024-12-05 08:12:23,034 [INFO] IPUIPlugin:80 - create IPUIPlugin
2024-12-05 08:12:23,034 [INFO] PluginManager:220 - loadIPPluginJar : add hash
2024-12-05 08:12:23,038 [INFO] IPUIPlugin:80 - create IPUIPlugin
2024-12-05 08:12:23,038 [INFO] PluginManager:220 - loadIPPluginJar : add i3c
2024-12-05 08:12:23,041 [INFO] IPUIPlugin:80 - create IPUIPlugin
2024-12-05 08:12:23,041 [INFO] PluginManager:220 - loadIPPluginJar : add i2s
2024-12-05 08:12:23,044 [INFO] IPUIPlugin:80 - create IPUIPlugin
2024-12-05 08:12:23,045 [INFO] PluginManager:220 - loadIPPluginJar : add gtzc
2024-12-05 08:12:23,047 [INFO] IPUIPlugin:80 - create IPUIPlugin
2024-12-05 08:12:23,047 [INFO] PluginManager:220 - loadIPPluginJar : add tim
2024-12-05 08:12:23,050 [INFO] IPUIPlugin:80 - create IPUIPlugin
2024-12-05 08:12:23,050 [INFO] PluginManager:220 - loadIPPluginJar : add ucpd
2024-12-05 08:12:23,054 [INFO] IPUIPlugin:80 - create IPUIPlugin
2024-12-05 08:12:23,054 [INFO] PluginManager:220 - loadIPPluginJar : add sai
2024-12-05 08:12:23,058 [INFO] IPUIPlugin:80 - create IPUIPlugin
2024-12-05 08:12:23,058 [INFO] PluginManager:220 - loadIPPluginJar : add dma3
2024-12-05 08:12:23,062 [INFO] IPUIPlugin:80 - create IPUIPlugin
2024-12-05 08:12:23,062 [INFO] PluginManager:220 - loadIPPluginJar : add usbx
2024-12-05 08:12:23,065 [INFO] IPUIPlugin:80 - create IPUIPlugin
2024-12-05 08:12:23,065 [INFO] PluginManager:220 - loadIPPluginJar : add dfsdm
2024-12-05 08:12:23,068 [INFO] IPUIPlugin:80 - create IPUIPlugin
2024-12-05 08:12:23,068 [INFO] PluginManager:220 - loadIPPluginJar : add spi
2024-12-05 08:12:23,072 [INFO] IPUIPlugin:80 - create IPUIPlugin
2024-12-05 08:12:23,072 [INFO] PluginManager:220 - loadIPPluginJar : add ipddr
2024-12-05 08:12:23,081 [INFO] IPUIPlugin:80 - create IPUIPlugin
2024-12-05 08:12:23,081 [INFO] PluginManager:220 - loadIPPluginJar : add adc
2024-12-05 08:12:23,083 [INFO] IPUIPlugin:80 - create IPUIPlugin
2024-12-05 08:12:23,083 [INFO] PluginManager:220 - loadIPPluginJar : add comp
2024-12-05 08:12:23,086 [INFO] IPUIPlugin:80 - create IPUIPlugin
2024-12-05 08:12:23,087 [INFO] PluginManager:220 - loadIPPluginJar : add opamp
2024-12-05 08:12:23,090 [INFO] IPUIPlugin:80 - create IPUIPlugin
2024-12-05 08:12:23,091 [INFO] PluginManager:220 - loadIPPluginJar : add can
2024-12-05 08:12:23,100 [INFO] IPUIPlugin:80 - create IPUIPlugin
2024-12-05 08:12:23,100 [INFO] PluginManager:220 - loadIPPluginJar : add gic
2024-12-05 08:12:23,103 [INFO] IPUIPlugin:80 - create IPUIPlugin
2024-12-05 08:12:23,103 [INFO] PluginManager:220 - loadIPPluginJar : add gfxmmu
2024-12-05 08:12:23,108 [INFO] IPUIPlugin:80 - create IPUIPlugin
2024-12-05 08:12:23,109 [INFO] PluginManager:220 - loadIPPluginJar : add touchsensing
2024-12-05 08:12:23,115 [INFO] IPUIPlugin:80 - create IPUIPlugin
2024-12-05 08:12:23,115 [INFO] PluginManager:220 - loadIPPluginJar : add tracer_emb
2024-12-05 08:12:23,126 [INFO] IPUIPlugin:80 - create IPUIPlugin
2024-12-05 08:12:23,126 [INFO] PluginManager:220 - loadIPPluginJar : add freertos
2024-12-05 08:12:23,133 [INFO] IPUIPlugin:80 - create IPUIPlugin
2024-12-05 08:12:23,134 [INFO] PluginManager:220 - loadIPPluginJar : add dma
2024-12-05 08:12:23,136 [INFO] IPUIPlugin:80 - create IPUIPlugin
2024-12-05 08:12:23,137 [INFO] PluginManager:220 - loadIPPluginJar : add ts
2024-12-05 08:12:23,253 [FATAL] Updater:351 - Updater called before beeing initialized
2024-12-05 08:12:23,292 [INFO] RulesReader:64 - Compatibility file has been processed (297 Rules)
2024-12-05 08:12:23,315 [INFO] RulesReader:64 - Compatibility file has been processed (297 Rules)
2024-12-05 08:12:23,328 [INFO] CADModel:165 - CPN selected for project level
2024-12-05 08:12:23,328 [INFO] CADModel:114 - Register for checkConnection events
2024-12-05 08:12:23,328 [FATAL] Updater:351 - Updater called before beeing initialized
2024-12-05 08:12:23,328 [ERROR] CADModel:125 - Updater not yet initialized, retry later 
2024-12-05 08:12:23,504 [FATAL] Updater:351 - Updater called before beeing initialized
2024-12-05 08:12:23,509 [INFO] CADModel:165 - CPN selected for project level
2024-12-05 08:12:23,510 [INFO] CADModel:114 - Register for checkConnection events
2024-12-05 08:12:23,510 [FATAL] Updater:351 - Updater called before beeing initialized
2024-12-05 08:12:23,510 [ERROR] CADModel:125 - Updater not yet initialized, retry later 
2024-12-05 08:12:23,513 [FATAL] Updater:351 - Updater called before beeing initialized
2024-12-05 08:12:23,639 [FATAL] Updater:351 - Updater called before beeing initialized
2024-12-05 08:12:23,645 [INFO] DbMcusAds:53 - JSON generation date=Thu Sep 30 03:55:09 ART 2021 (1632984909247)
2024-12-05 08:12:23,646 [FATAL] Updater:351 - Updater called before beeing initialized
2024-12-05 08:12:23,693 [WARN] DetailPanel:346 - Failed to get advertising image, set to default
2024-12-05 08:12:23,990 [FATAL] Updater:351 - Updater called before beeing initialized
2024-12-05 08:12:23,992 [FATAL] Updater:351 - Updater called before beeing initialized
2024-12-05 08:12:23,992 [FATAL] Updater:351 - Updater called before beeing initialized
2024-12-05 08:12:23,992 [WARN] DetailPanel:346 - Failed to get advertising image, set to default
2024-12-05 08:12:23,994 [FATAL] Updater:351 - Updater called before beeing initialized
2024-12-05 08:12:24,038 [ERROR] Updater:1198 - MainUpdater not yet initialized. External WinMGr cannot be set.
2024-12-05 08:12:24,040 [INFO] Updater:1134 - Updater Version found : 6.13.0
2024-12-05 08:12:24,063 [INFO] ApplicationProperties:184 - Using Application install path: /home/cotti/st/stm32cubeide_1.17.0/plugins/com.st.stm32cube.common.mx_6.13.0.202411220809
2024-12-05 08:12:24,435 [INFO] MainUpdater:2872 - connection check result : 10
2024-12-05 08:12:24,436 [INFO] MainUpdater:289 - Updater Check For Update Now.
2024-12-05 08:12:24,436 [INFO] MicroXplorer:498 - Change Database Version : DB.6.0.130
2024-12-05 08:12:24,443 [INFO] McuFinderGlobals:63 - Set McuFinder mode to 2 (CubeIDE integrated)
2024-12-05 08:12:24,447 [INFO] UserAuth:486 - Internet connection configuration mode: 1
2024-12-05 08:12:24,486 [INFO] JxBrowserEngine:152 - Initiate JxBrowser Engine with user profile folder
2024-12-05 08:12:24,650 [INFO] CheckServerUpdateThread:120 - End of CheckServer Thread
2024-12-05 08:12:25,567 [WARN] PackLoader:240 - Cannot read IP mode file for STMicroelectronics.FP-SNS-MOTENVWB1.1.4.0
2024-12-05 08:12:25,592 [WARN] PackLoader:240 - Cannot read IP mode file for STMicroelectronics.FP-ATR-ASTRA1.2.0.1
2024-12-05 08:12:25,623 [WARN] PackLoader:240 - Cannot read IP mode file for STMicroelectronics.X-CUBE-SMBUS.2.1.0
2024-12-05 08:12:25,651 [WARN] PackLoader:240 - Cannot read IP mode file for STMicroelectronics.X-CUBE-WB05N.1.1.0
2024-12-05 08:12:25,724 [WARN] PackLoader:240 - Cannot read IP mode file for STMicroelectronics.X-CUBE-AZRTOS-F7.1.1.0
2024-12-05 08:12:25,938 [WARN] PackLoader:240 - Cannot read IP mode file for STMicroelectronics.X-CUBE-MEMS1.11.0.0
2024-12-05 08:12:26,320 [WARN] PackLoader:240 - Cannot read IP mode file for STMicroelectronics.X-CUBE-BLE1.6.2.4
2024-12-05 08:12:26,326 [WARN] PackLoader:240 - Cannot read IP mode file for STMicroelectronics.FP-SNS-FLIGHT1.5.0.2
2024-12-05 08:12:26,336 [WARN] PackLoader:240 - Cannot read IP mode file for STMicroelectronics.X-CUBE-DISPLAY.3.0.0
2024-12-05 08:12:26,351 [WARN] PackLoader:240 - Cannot read IP mode file for STMicroelectronics.X-CUBE-BLE1.7.0.0
2024-12-05 08:12:26,361 [WARN] PackLoader:240 - Cannot read IP mode file for STMicroelectronics.X-CUBE-NFC10.1.0.0
2024-12-05 08:12:26,379 [WARN] PackLoader:240 - Cannot read IP mode file for STMicroelectronics.X-CUBE-BLEMGR.3.1.0
2024-12-05 08:12:26,387 [WARN] PackLoader:240 - Cannot read IP mode file for STMicroelectronics.FP-SNS-SMARTAG2.1.2.0
2024-12-05 08:12:26,404 [INFO] LogOutputStream:77 - [STDOUT_REDIRECT] 1 : Invalid condition id : UX_CORESTACK_Condition cause : null
2024-12-05 08:12:26,406 [INFO] LogOutputStream:77 - [STDOUT_REDIRECT] 1 : Invalid condition id : UX_CORESTACK_Condition cause : null
2024-12-05 08:12:26,407 [INFO] LogOutputStream:77 - [STDOUT_REDIRECT] 1 : Invalid condition id : UX_CORESTACK_Condition cause : null
2024-12-05 08:12:26,408 [INFO] LogOutputStream:77 - [STDOUT_REDIRECT] 1 : Invalid condition id : UX_CORESTACK_Condition cause : null
2024-12-05 08:12:26,408 [INFO] LogOutputStream:77 - [STDOUT_REDIRECT] 1 : Invalid condition id : UX_CORESTACK_Condition cause : null
2024-12-05 08:12:26,418 [WARN] PackLoader:240 - Cannot read IP mode file for STMicroelectronics.X-CUBE-AZRTOS-WL.2.0.0
2024-12-05 08:12:26,421 [INFO] WebApp:168 - Instantiating new browser for Auth
2024-12-05 08:12:26,430 [WARN] PackLoader:240 - Cannot read IP mode file for STMicroelectronics.FP-SNS-MOTENV1.5.0.0
2024-12-05 08:12:26,438 [WARN] PackLoader:240 - Cannot read IP mode file for wolfSSL.I-CUBE-wolfMQTT.1.19.0
2024-12-05 08:12:26,456 [WARN] PackLoader:240 - Cannot read IP mode file for WES.I-CUBE-Cesium.1.3.0
2024-12-05 08:12:26,470 [WARN] PackLoader:240 - Cannot read IP mode file for STMicroelectronics.X-CUBE-BLE2.3.3.0
2024-12-05 08:12:26,492 [WARN] PackLoader:240 - Cannot read IP mode file for STMicroelectronics.X-CUBE-DISPLAY.2.2.0
2024-12-05 08:12:26,535 [WARN] PackLoader:240 - Cannot read IP mode file for STMicroelectronics.X-CUBE-TOF1.3.2.0
2024-12-05 08:12:26,558 [WARN] PackLoader:240 - Cannot read IP mode file for STMicroelectronics.X-CUBE-NFC9.1.0.0
2024-12-05 08:12:26,575 [WARN] PackLoader:240 - Cannot read IP mode file for STMicroelectronics.X-CUBE-TCPP.4.1.0
2024-12-05 08:12:26,584 [WARN] PackLoader:240 - Cannot read IP mode file for STMicroelectronics.X-CUBE-TOUCHGFX.4.21.1
2024-12-05 08:12:26,591 [WARN] PackLoader:240 - Cannot read IP mode file for STMicroelectronics.X-CUBE-TOUCHGFX.4.21.0
2024-12-05 08:12:26,763 [WARN] PackLoader:240 - Cannot read IP mode file for STMicroelectronics.X-CUBE-MEMS1.9.4.0
2024-12-05 08:12:27,081 [WARN] PackLoader:240 - Cannot read IP mode file for STMicroelectronics.X-CUBE-AI.7.3.0
2024-12-05 08:12:27,098 [WARN] PackLoader:240 - Cannot read IP mode file for STMicroelectronics.X-CUBE-ALGOBUILD.1.3.0
2024-12-05 08:12:27,143 [WARN] PackLoader:240 - Cannot read IP mode file for STMicroelectronics.X-CUBE-AZRTOS-G0.1.1.0
2024-12-05 08:12:27,162 [WARN] PackLoader:240 - Cannot read IP mode file for STMicroelectronics.X-CUBE-SAFEA1.1.2.2
2024-12-05 08:12:27,175 [WARN] PackLoader:240 - Cannot read IP mode file for STMicroelectronics.X-CUBE-NFC4.3.0.0
2024-12-05 08:12:27,191 [WARN] PackLoader:240 - Cannot read IP mode file for EmbeddedOffice.I-CUBE-FS-RTOS.1.0.1
2024-12-05 08:12:27,211 [WARN] PackLoader:240 - Cannot read IP mode file for STMicroelectronics.X-CUBE-BLEMGR.1.3.0
2024-12-05 08:12:27,225 [WARN] PackLoader:240 - Cannot read IP mode file for RealThread.X-CUBE-RT-Thread_Nano.4.1.1
2024-12-05 08:12:27,234 [WARN] PackLoader:240 - Cannot read IP mode file for STMicroelectronics.FP-ATR-SIGFOX1.3.2.0
2024-12-05 08:12:27,242 [WARN] ConditionMgr:438 - getConditionDescription Invalid condition id : Cortex-A Device cause : null
2024-12-05 08:12:27,257 [WARN] ConditionMgr:1044 - genDependencies : Invalid condition id : Cortex-A Device cause : null
2024-12-05 08:12:27,258 [WARN] ConditionMgr:1044 - genDependencies : Invalid condition id : Cortex-A Device cause : null
2024-12-05 08:12:27,258 [WARN] ConditionMgr:1044 - genDependencies : Invalid condition id : Cortex-A Device cause : null
2024-12-05 08:12:27,268 [WARN] PackLoader:240 - Cannot read IP mode file for STMicroelectronics.X-CUBE-EEPRMA1.5.1.0
2024-12-05 08:12:27,286 [WARN] PackLoader:240 - Cannot read IP mode file for ITTIA_DB.I-CUBE-ITTIADB.8.9.0
2024-12-05 08:12:27,341 [WARN] PackLoader:240 - Cannot read IP mode file for STMicroelectronics.X-CUBE-MEMS1.9.5.0
2024-12-05 08:12:27,549 [WARN] PackLoader:240 - Cannot read IP mode file for SEGGER.I-CUBE-embOS.1.3.1
2024-12-05 08:12:27,643 [WARN] PackLoader:240 - Cannot read IP mode file for STMicroelectronics.X-CUBE-ALGOBUILD.1.4.0
2024-12-05 08:12:27,691 [WARN] PackLoader:240 - Cannot read IP mode file for SEGGER.I-CUBE-embOS.1.3.0
2024-12-05 08:12:27,750 [WARN] PackLoader:240 - Cannot read IP mode file for STMicroelectronics.X-CUBE-AI.9.1.0
2024-12-05 08:12:27,756 [WARN] PackLoader:240 - Cannot read IP mode file for STMicroelectronics.X-CUBE-GNSS1.6.0.0
2024-12-05 08:12:27,779 [WARN] PackLoader:240 - Cannot read IP mode file for STMicroelectronics.X-CUBE-AZRTOS-F4.1.1.0
2024-12-05 08:12:27,787 [WARN] PackLoader:240 - Cannot read IP mode file for STMicroelectronics.X-CUBE-ISPU.2.1.0
2024-12-05 08:12:27,792 [WARN] PackLoader:240 - Cannot read IP mode file for STMicroelectronics.X-CUBE-FREERTOS.1.2.0
2024-12-05 08:12:27,821 [WARN] PackLoader:240 - Cannot read IP mode file for STMicroelectronics.X-CUBE-AZRTOS-L5.2.0.0
2024-12-05 08:12:27,835 [WARN] PackLoader:240 - Cannot read IP mode file for STMicroelectronics.X-CUBE-NFC6.3.1.0
2024-12-05 08:12:27,845 [WARN] PackLoader:240 - Cannot read IP mode file for emotas.I-CUBE-CANOPEN.1.1.3
2024-12-05 08:12:27,852 [WARN] PackLoader:240 - Cannot read IP mode file for STMicroelectronics.X-CUBE-DPower.1.2.0
2024-12-05 08:12:27,858 [WARN] PackLoader:240 - Cannot read IP mode file for STMicroelectronics.X-CUBE-NFC4.2.0.5
2024-12-05 08:12:27,863 [WARN] PackLoader:240 - Cannot read IP mode file for STMicroelectronics.X-CUBE-AI.9.0.0
2024-12-05 08:12:27,868 [WARN] PackLoader:240 - Cannot read IP mode file for wolfSSL.I-CUBE-wolfSSL.5.5.4
2024-12-05 08:12:27,873 [WARN] PackLoader:240 - Cannot read IP mode file for STMicroelectronics.X-CUBE-NFC7.1.0.1
2024-12-05 08:12:27,880 [WARN] PackLoader:240 - Cannot read IP mode file for STMicroelectronics.X-CUBE-NFC7.1.0.0
2024-12-05 08:12:27,890 [WARN] PackLoader:240 - Cannot read IP mode file for wolfSSL.I-CUBE-wolfTPM.3.2.0
2024-12-05 08:12:27,902 [WARN] PackLoader:240 - Cannot read IP mode file for STMicroelectronics.X-CUBE-EEPRMA1.4.1.0
2024-12-05 08:12:27,942 [WARN] ConditionMgr:438 - getConditionDescription Invalid condition id : LAN8742 Phy interface Condition cause : null
2024-12-05 08:12:27,943 [WARN] PackLoader:240 - Cannot read IP mode file for STMicroelectronics.X-CUBE-AZRTOS-L4.2.0.0
2024-12-05 08:12:27,945 [WARN] ConditionMgr:1044 - genDependencies : Invalid condition id : LAN8742 Phy interface Condition cause : null
2024-12-05 08:12:27,946 [WARN] ConditionMgr:1044 - genDependencies : Invalid condition id : LAN8742 Phy interface Condition cause : null
2024-12-05 08:12:27,949 [WARN] ConditionMgr:1044 - genDependencies : Invalid condition id : LAN8742 Phy interface Condition cause : null
2024-12-05 08:12:27,957 [WARN] PackLoader:240 - Cannot read IP mode file for STMicroelectronics.X-CUBE-SFXS2LP1.4.0.0
2024-12-05 08:12:27,983 [WARN] PackLoader:240 - Cannot read IP mode file for STMicroelectronics.X-CUBE-AZRTOS-H7.3.0.0
2024-12-05 08:12:27,991 [WARN] PackLoader:240 - Cannot read IP mode file for STMicroelectronics.X-CUBE-ISPU.1.1.0
2024-12-05 08:12:28,065 [WARN] PackLoader:240 - Cannot read IP mode file for STMicroelectronics.X-CUBE-AZRTOS-H7.3.3.0
2024-12-05 08:12:28,090 [WARN] PackLoader:240 - Cannot read IP mode file for RoweBots.I-CUBE-UNISONRTOS.5.5.0-4
2024-12-05 08:12:28,095 [WARN] PackLoader:240 - Cannot read IP mode file for STMicroelectronics.X-CUBE-AI.8.0.0
2024-12-05 08:12:28,121 [WARN] PackLoader:240 - Cannot read IP mode file for STMicroelectronics.X-CUBE-IPS.3.0.0
2024-12-05 08:12:28,158 [WARN] ConditionMgr:438 - getConditionDescription Invalid condition id : UX DEVICE CLASS RTOS Condition cause : null
2024-12-05 08:12:28,159 [WARN] ConditionMgr:438 - getConditionDescription Invalid condition id : UX DEVICE CLASS RTOS Condition cause : null
2024-12-05 08:12:28,170 [WARN] PackLoader:240 - Cannot read IP mode file for STMicroelectronics.X-CUBE-AZRTOS-WB.2.0.0
2024-12-05 08:12:28,172 [WARN] ConditionMgr:1044 - genDependencies : Invalid condition id : UX DEVICE CLASS RTOS Condition cause : null
2024-12-05 08:12:28,173 [WARN] ConditionMgr:1044 - genDependencies : Invalid condition id : UX DEVICE CLASS RTOS Condition cause : null
2024-12-05 08:12:28,177 [WARN] ConditionMgr:1044 - genDependencies : Invalid condition id : UX DEVICE CLASS RTOS Condition cause : null
2024-12-05 08:12:28,177 [WARN] ConditionMgr:1044 - genDependencies : Invalid condition id : UX DEVICE CLASS RTOS Condition cause : null
2024-12-05 08:12:28,178 [WARN] ConditionMgr:1044 - genDependencies : Invalid condition id : UX DEVICE CLASS RTOS Condition cause : null
2024-12-05 08:12:28,193 [WARN] PackLoader:240 - Cannot read IP mode file for STMicroelectronics.X-CUBE-GNSS1.7.0.0
2024-12-05 08:12:28,233 [WARN] PackLoader:240 - Cannot read IP mode file for STMicroelectronics.FP-SNS-STBOX1.2.0.0
2024-12-05 08:12:28,288 [WARN] PackLoader:240 - Cannot read IP mode file for STMicroelectronics.X-CUBE-AZRTOS-L5.1.1.0
2024-12-05 08:12:28,321 [WARN] PackLoader:240 - Cannot read IP mode file for STMicroelectronics.X-CUBE-SUBG2.5.0.0
2024-12-05 08:12:28,342 [WARN] PackLoader:240 - Cannot read IP mode file for Cesanta.I-CUBE-Mongoose.7.13.0
2024-12-05 08:12:28,418 [WARN] PackLoader:240 - Cannot read IP mode file for STMicroelectronics.X-CUBE-AZRTOS-G4.2.0.0
2024-12-05 08:12:28,452 [WARN] PackLoader:240 - Cannot read IP mode file for STMicroelectronics.FP-ATR-ASTRA1.1.1.1
2024-12-05 08:12:28,611 [WARN] PackLoader:240 - Cannot read IP mode file for STMicroelectronics.X-CUBE-AZRTOS-G4.1.0.0
2024-12-05 08:12:28,785 [INFO] WebApp:449 - Apply proxy settings
2024-12-05 08:12:28,790 [INFO] WebApp:534 - Chromium requires no authentication
2024-12-05 08:12:28,822 [WARN] PackLoader:240 - Cannot read IP mode file for STMicroelectronics.X-CUBE-AZRTOS-L4.1.0.0
2024-12-05 08:12:28,834 [INFO] WebApp:477 - Direct internet connection detected
2024-12-05 08:12:28,858 [WARN] PackLoader:240 - Cannot read IP mode file for STMicroelectronics.X-CUBE-ISPU.2.0.0
2024-12-05 08:12:28,881 [WARN] PackLoader:240 - Cannot read IP mode file for STMicroelectronics.X-CUBE-ALS.1.0.2
2024-12-05 08:12:28,935 [INFO] WebApp:880 - Register for checkConnection events
2024-12-05 08:12:28,935 [INFO] WebApp:449 - Apply proxy settings
2024-12-05 08:12:28,936 [INFO] WebApp:534 - Chromium requires no authentication
2024-12-05 08:12:28,938 [INFO] WebApp:477 - Direct internet connection detected
2024-12-05 08:12:29,021 [WARN] PackLoader:240 - Cannot read IP mode file for STMicroelectronics.X-CUBE-MEMS1.10.0.0
2024-12-05 08:12:29,263 [INFO] WebApp:187 - Connection restablished
2024-12-05 08:12:29,465 [WARN] PackLoader:240 - Cannot read IP mode file for STMicroelectronics.X-CUBE-TOUCHGFX.4.24.0
2024-12-05 08:12:29,496 [WARN] PackLoader:240 - Cannot read IP mode file for STMicroelectronics.X-CUBE-AZRTOS-WL.1.0.0
2024-12-05 08:12:29,521 [WARN] PackLoader:240 - Cannot read IP mode file for STMicroelectronics.X-CUBE-TOUCHGFX.4.24.1
2024-12-05 08:12:29,544 [WARN] PackLoader:240 - Cannot read IP mode file for portGmbH.I-Cube-SoM-uGOAL.1.1.0
2024-12-05 08:12:29,552 [WARN] PackLoader:240 - Cannot read IP mode file for STMicroelectronics.X-CUBE-ALS.1.0.1
2024-12-05 08:12:29,588 [WARN] PackLoader:240 - Cannot read IP mode file for STMicroelectronics.X-CUBE-AZRTOS-WB.1.1.0
2024-12-05 08:12:29,661 [WARN] PackLoader:240 - Cannot read IP mode file for STMicroelectronics.X-CUBE-AZRTOS-H7RS.1.0.0
2024-12-05 08:12:29,661 [INFO] WebApp:221 - Starting web application
2024-12-05 08:12:29,662 [INFO] WebApp:579 - Web application path used /home/cotti/st/stm32cubeide_1.17.0/plugins/com.st.stm32cube.common.mx_6.13.0.202411220809/db/plugins/mcufinder/reactClient1/index.html
2024-12-05 08:12:29,677 [WARN] PackLoader:240 - Cannot read IP mode file for STMicroelectronics.FP-ATR-ASTRA1.2.0.0
2024-12-05 08:12:29,704 [WARN] PackLoader:240 - Cannot read IP mode file for STMicroelectronics.X-CUBE-TOF1.3.4.2
2024-12-05 08:12:29,812 [WARN] PackLoader:240 - Cannot read IP mode file for STMicroelectronics.X-CUBE-AZRTOS-H7.3.2.0
2024-12-05 08:12:29,852 [WARN] PackLoader:240 - Cannot read IP mode file for Infineon.AIROC-Wi-Fi-Bluetooth-STM32.1.6.0
2024-12-05 08:12:29,860 [WARN] PackLoader:240 - Cannot read IP mode file for wolfSSL.I-CUBE-wolfSSH.1.4.17
2024-12-05 08:12:29,870 [INFO] ThirdParty:978 - Integrity check success = true
2024-12-05 08:12:29,870 [INFO] IntegrityCheckThread:100 - exiting critical section [integrity check]
2024-12-05 08:12:29,870 [INFO] IntegrityCheckThread:103 - End integrity checks thread
2024-12-05 08:12:30,119 [INFO] UserAuth:486 - Internet connection configuration mode: 1
2024-12-05 08:12:41,433 [INFO] McuFinderGlobals:63 - Set McuFinder mode to 2 (CubeIDE integrated)
2024-12-05 08:12:41,438 [INFO] MainUpdater:2872 - connection check result : 10
2024-12-05 08:12:41,438 [INFO] MainUpdater:2872 - connection check result : 10
2024-12-05 08:12:41,475 [INFO] MicroXplorer:468 - Change Database Path : 
2024-12-05 08:12:41,476 [INFO] MicroXplorer:498 - Change Database Version : DB.6.0.130
2024-12-05 08:12:41,490 [WARN] ThirdParty:871 - waiting for thirdparty lock release [close project]
2024-12-05 08:12:41,491 [INFO] ThirdParty:873 - entering critical section [close project]
2024-12-05 08:12:41,492 [INFO] ThirdParty:883 - exiting critical section [close project]
2024-12-05 08:12:41,495 [INFO] PinOutPanel:1589 - setPackage(No Configuration,No Configuration)
2024-12-05 08:12:41,506 [INFO] UtilMem:75 - Begin LoadConfig() Used Memory: 165498664 Bytes (313524224)
2024-12-05 08:12:41,522 [INFO] MicroXplorer:468 - Change Database Path : /home/cotti/.stm32cubemx/databases/DB.6.0.120/db/
2024-12-05 08:12:41,523 [INFO] MicroXplorer:498 - Change Database Version : DB.6.0.120
2024-12-05 08:13:04,959 [INFO] OpenFileManager:332 - Change cursor
2024-12-05 08:13:05,051 [INFO] Mcu:2035 - Initializing MCU STM32F401R(B-C)Tx STM32F401RCTx STM32F401RCT6TR
2024-12-05 08:13:07,844 [INFO] Context:748 - Trying to add GPIOservice into a context  which must be forbidden
2024-12-05 08:13:09,251 [INFO] RtosManager:555 - Registered RTOS mode: class=CMSIS, group=RTOS, mode=CMSIS_V1, owner=FREERTOS
2024-12-05 08:13:09,251 [INFO] RtosManager:555 - Registered RTOS mode: class=CMSIS, group=RTOS2, mode=CMSIS_V2, owner=FREERTOS
2024-12-05 08:13:09,251 [INFO] RtosManager:555 - Registered RTOS mode: class=RTOS, group=Core, mode=CMSIS_V1, owner=FREERTOS
2024-12-05 08:13:09,252 [INFO] RtosManager:555 - Registered RTOS mode: class=RTOS, group=Core, mode=CMSIS_V2, owner=FREERTOS
2024-12-05 08:13:09,252 [WARN] ModelIntegratedComponent:184 - Missing modes for component STMicroelectronics:FreeRTOS:0.0.1:STMicroelectronics:RTOS:FreeRTOS:Core:::10.2.0:
2024-12-05 08:13:09,262 [WARN] ModelIntegratedComponent:63 - No mode defined for component null
2024-12-05 08:13:09,262 [WARN] ModelIntegratedComponent:63 - No mode defined for component null
2024-12-05 08:13:09,262 [WARN] ModelIntegratedComponent:63 - No mode defined for component null
2024-12-05 08:13:09,263 [WARN] ModelIntegratedComponent:63 - No mode defined for component null
2024-12-05 08:13:09,263 [WARN] ModelIntegratedComponent:63 - No mode defined for component null
2024-12-05 08:13:09,263 [WARN] ModelIntegratedComponent:63 - No mode defined for component null
2024-12-05 08:13:09,263 [WARN] ModelIntegratedComponent:63 - No mode defined for component null
2024-12-05 08:13:09,263 [WARN] ModelIntegratedComponent:63 - No mode defined for component null
2024-12-05 08:13:09,263 [WARN] ModelIntegratedComponent:63 - No mode defined for component null
2024-12-05 08:13:09,263 [WARN] ModelIntegratedComponent:63 - No mode defined for component null
2024-12-05 08:13:09,263 [WARN] ModelIntegratedComponent:63 - No mode defined for component null
2024-12-05 08:13:09,263 [WARN] ModelIntegratedComponent:63 - No mode defined for component null
2024-12-05 08:13:09,263 [WARN] ModelIntegratedComponent:63 - No mode defined for component null
2024-12-05 08:13:09,264 [WARN] ModelIntegratedComponent:63 - No mode defined for component null
2024-12-05 08:13:09,264 [WARN] ModelIntegratedComponent:63 - No mode defined for component null
2024-12-05 08:13:09,264 [WARN] ModelIntegratedComponent:63 - No mode defined for component null
2024-12-05 08:13:09,264 [WARN] ModelIntegratedComponent:63 - No mode defined for component null
2024-12-05 08:13:09,264 [WARN] ModelIntegratedComponent:63 - No mode defined for component null
2024-12-05 08:13:09,264 [WARN] ModelIntegratedComponent:63 - No mode defined for component null
2024-12-05 08:13:09,264 [WARN] ModelIntegratedComponent:63 - No mode defined for component null
2024-12-05 08:13:09,264 [WARN] ModelIntegratedComponent:63 - No mode defined for component null
2024-12-05 08:13:09,264 [WARN] ModelIntegratedComponent:63 - No mode defined for component null
2024-12-05 08:13:09,264 [WARN] ModelIntegratedComponent:63 - No mode defined for component null
2024-12-05 08:13:09,264 [WARN] ModelIntegratedComponent:63 - No mode defined for component null
2024-12-05 08:13:09,264 [WARN] ModelIntegratedComponent:63 - No mode defined for component null
2024-12-05 08:13:09,265 [WARN] ModelIntegratedComponent:63 - No mode defined for component null
2024-12-05 08:13:09,265 [WARN] ModelIntegratedComponent:63 - No mode defined for component null
2024-12-05 08:13:09,265 [WARN] ModelIntegratedComponent:63 - No mode defined for component null
2024-12-05 08:13:09,265 [WARN] ModelIntegratedComponent:63 - No mode defined for component null
2024-12-05 08:13:09,265 [WARN] ModelIntegratedComponent:63 - No mode defined for component null
2024-12-05 08:13:09,265 [WARN] ModelIntegratedComponent:63 - No mode defined for component null
2024-12-05 08:13:09,265 [WARN] ModelIntegratedComponent:63 - No mode defined for component null
2024-12-05 08:13:09,265 [WARN] ModelIntegratedComponent:63 - No mode defined for component null
2024-12-05 08:13:09,265 [WARN] ModelIntegratedComponent:63 - No mode defined for component null
2024-12-05 08:13:09,265 [WARN] ModelIntegratedComponent:63 - No mode defined for component null
2024-12-05 08:13:09,266 [WARN] ModelPack:524 - Component already loaded: STMicroelectronics:HAL Drivers:0.0.0:STMicroelectronics:Device:STMicro_Driver:XSPI:HAL::0.0.1:HAL_XSPI
2024-12-05 08:13:09,272 [WARN] ModelIntegratedComponent:182 - Modes not found for component STMicroelectronics:USB_DEVICE:1.0.0:STMicroelectronics:USB::USB Device:Audio HS::1.0:USB_DEVICE_1_0_RESTRICTED_HS
2024-12-05 08:13:09,273 [WARN] ModelIntegratedComponent:188 - Modes not found for component STMicroelectronics:USB_DEVICE:1.0.0:STMicroelectronics:USB::USB Device:Audio HS::1.0:USB_DEVICE_1_0_RESTRICTED_HS
2024-12-05 08:13:09,273 [WARN] ModelIntegratedComponent:182 - Modes not found for component STMicroelectronics:USB_DEVICE:1.0.0:STMicroelectronics:USB::USB Device:CDC HS::1.0:USB_DEVICE_1_0_RESTRICTED_HS
2024-12-05 08:13:09,273 [WARN] ModelIntegratedComponent:188 - Modes not found for component STMicroelectronics:USB_DEVICE:1.0.0:STMicroelectronics:USB::USB Device:CDC HS::1.0:USB_DEVICE_1_0_RESTRICTED_HS
2024-12-05 08:13:09,273 [WARN] ModelIntegratedComponent:182 - Modes not found for component STMicroelectronics:USB_DEVICE:1.0.0:STMicroelectronics:USB::USB Device:DFU HS::1.0:USB_DEVICE_1_0_RESTRICTED_HS
2024-12-05 08:13:09,273 [WARN] ModelIntegratedComponent:188 - Modes not found for component STMicroelectronics:USB_DEVICE:1.0.0:STMicroelectronics:USB::USB Device:DFU HS::1.0:USB_DEVICE_1_0_RESTRICTED_HS
2024-12-05 08:13:09,273 [WARN] ModelIntegratedComponent:182 - Modes not found for component STMicroelectronics:USB_DEVICE:1.0.0:STMicroelectronics:USB::USB Device:HID HS::1.0:USB_DEVICE_1_0_RESTRICTED_HS
2024-12-05 08:13:09,273 [WARN] ModelIntegratedComponent:188 - Modes not found for component STMicroelectronics:USB_DEVICE:1.0.0:STMicroelectronics:USB::USB Device:HID HS::1.0:USB_DEVICE_1_0_RESTRICTED_HS
2024-12-05 08:13:09,274 [WARN] ModelIntegratedComponent:182 - Modes not found for component STMicroelectronics:USB_DEVICE:1.0.0:STMicroelectronics:USB::USB Device:Custom HID HS::1.0:USB_DEVICE_1_0_RESTRICTED_HS
2024-12-05 08:13:09,274 [WARN] ModelIntegratedComponent:188 - Modes not found for component STMicroelectronics:USB_DEVICE:1.0.0:STMicroelectronics:USB::USB Device:Custom HID HS::1.0:USB_DEVICE_1_0_RESTRICTED_HS
2024-12-05 08:13:09,274 [WARN] ModelIntegratedComponent:182 - Modes not found for component STMicroelectronics:USB_DEVICE:1.0.0:STMicroelectronics:USB::USB Device:MSC HS::1.0:USB_DEVICE_1_0_RESTRICTED_HS
2024-12-05 08:13:09,274 [WARN] ModelIntegratedComponent:188 - Modes not found for component STMicroelectronics:USB_DEVICE:1.0.0:STMicroelectronics:USB::USB Device:MSC HS::1.0:USB_DEVICE_1_0_RESTRICTED_HS
2024-12-05 08:13:09,432 [WARN] ModelIntegratedComponent:182 - Modes not found for component STMicroelectronics:USB_HOST:1.0.0:STMicroelectronics:USB::USB Host:Audio HS::1.0:USB_HOST_1_0_RESTRICTED_HS
2024-12-05 08:13:09,432 [WARN] ModelIntegratedComponent:188 - Modes not found for component STMicroelectronics:USB_HOST:1.0.0:STMicroelectronics:USB::USB Host:Audio HS::1.0:USB_HOST_1_0_RESTRICTED_HS
2024-12-05 08:13:09,432 [WARN] ModelIntegratedComponent:182 - Modes not found for component STMicroelectronics:USB_HOST:1.0.0:STMicroelectronics:USB::USB Host:CDC HS::1.0:USB_HOST_1_0_RESTRICTED_HS
2024-12-05 08:13:09,432 [WARN] ModelIntegratedComponent:188 - Modes not found for component STMicroelectronics:USB_HOST:1.0.0:STMicroelectronics:USB::USB Host:CDC HS::1.0:USB_HOST_1_0_RESTRICTED_HS
2024-12-05 08:13:09,433 [WARN] ModelIntegratedComponent:182 - Modes not found for component STMicroelectronics:USB_HOST:1.0.0:STMicroelectronics:USB::USB Host:MSC HS::1.0:USB_HOST_1_0_RESTRICTED_HS
2024-12-05 08:13:09,433 [WARN] ModelIntegratedComponent:188 - Modes not found for component STMicroelectronics:USB_HOST:1.0.0:STMicroelectronics:USB::USB Host:MSC HS::1.0:USB_HOST_1_0_RESTRICTED_HS
2024-12-05 08:13:09,433 [WARN] ModelIntegratedComponent:182 - Modes not found for component STMicroelectronics:USB_HOST:1.0.0:STMicroelectronics:USB::USB Host:HID HS::1.0:USB_HOST_1_0_RESTRICTED_HS
2024-12-05 08:13:09,433 [WARN] ModelIntegratedComponent:188 - Modes not found for component STMicroelectronics:USB_HOST:1.0.0:STMicroelectronics:USB::USB Host:HID HS::1.0:USB_HOST_1_0_RESTRICTED_HS
2024-12-05 08:13:09,433 [WARN] ModelIntegratedComponent:182 - Modes not found for component STMicroelectronics:USB_HOST:1.0.0:STMicroelectronics:USB::USB Host:MTP HS::1.0:USB_HOST_1_0_RESTRICTED_HS
2024-12-05 08:13:09,433 [WARN] ModelIntegratedComponent:188 - Modes not found for component STMicroelectronics:USB_HOST:1.0.0:STMicroelectronics:USB::USB Host:MTP HS::1.0:USB_HOST_1_0_RESTRICTED_HS
2024-12-05 08:13:09,847 [INFO] ThirdPartyModel:298 - Start build external matchings
2024-12-05 08:13:12,503 [INFO] ThirdPartyModel:316 - End build external matchings
2024-12-05 08:13:12,581 [INFO] ImportTextPane:218 - (OptionalMessage_ERROR) IP (RCC) : Parameter (RTCHSEDivFreq_Value) has invalid value (4000000)
2024-12-05 08:13:13,119 [INFO] ApiDb:581 - Connected to CubeFinder SQLite database (/home/cotti/.stmcufinder/plugins/mcufinder/mcu/cube-finder-db.db)
2024-12-05 08:13:13,230 [INFO] ApiDb:668 - CubeFinder database Data Model version=2.1
2024-12-05 08:13:13,230 [INFO] ApiDb:669 - CubeFinder database Configuration version=3.0.39
2024-12-05 08:13:13,231 [INFO] ApiDb:670 - CubeFinder database generation date=2024-11-21 (1732182206)
2024-12-05 08:13:13,231 [INFO] ApiDb:671 - CubeFinder database FW Pack versions=[FP-ATR-ASTRA1_V2.0.0, FP-SNS-FLIGHT1_V5.0.2, FP-SNS-MOTENV1_V5.0.0, FP-SNS-MOTENVWB1_V1.4.0, FP-SNS-SMARTAG2_V1.2.0, FP-SNS-STBOX1_V2.0.0, STM32Cube_FW_C0_V1.3.0, STM32Cube_FW_F4_V1.28.1, STM32Cube_FW_F7_V1.17.2, STM32Cube_FW_G0_V1.6.2, STM32Cube_FW_G4_V1.6.1, STM32Cube_FW_H5_V1.4.0, STM32Cube_FW_H7RS_V1.1.0, STM32Cube_FW_H7_V1.12.0, STM32Cube_FW_L0_V1.12.2, STM32Cube_FW_L4_V1.18.1, STM32Cube_FW_L5_V1.5.1, STM32Cube_FW_N6_V1.0.0, STM32Cube_FW_U0_V1.2.0, STM32Cube_FW_U3_V1.0.0, STM32Cube_FW_U5_V1.7.0, STM32Cube_FW_WB0_V1.1.0, STM32Cube_FW_WBA_V1.5.0, STM32Cube_FW_WB_V1.21.0, STM32Cube_FW_WL3_V1.0.0, STM32Cube_FW_WL_V1.3.0, X-CUBE-ALGOBUILD_V1.4.0, X-CUBE-ALS_V1.0.2, X-CUBE-AZRTOS-F4_V1.1.0, X-CUBE-AZRTOS-F7_V1.1.0, X-CUBE-AZRTOS-G0_V1.1.0, X-CUBE-AZRTOS-G4_V2.0.0, X-CUBE-AZRTOS-H7RS_V1.0.0, X-CUBE-AZRTOS-H7_V3.3.0, X-CUBE-AZRTOS-L4_V2.0.0, X-CUBE-AZRTOS-L5_V2.0.0, X-CUBE-AZRTOS-WB_V2.0.0, X-CUBE-AZRTOS-WL_V2.0.0, X-CUBE-BLE1_V7.0.0, X-CUBE-BLE2_V3.3.0, X-CUBE-BLEMGR_V3.1.0, X-CUBE-EEPRMA1_V5.1.0, X-CUBE-FREERTOS_V1.2.0, X-CUBE-GNSS1_V6.0.0, X-CUBE-MEMS1_V11.0.0, X-CUBE-NFC4_V3.0.0, X-CUBE-NFC7_V1.0.1, X-CUBE-SFXS2LP1_V4.0.0, X-CUBE-SUBG2_V5.0.0, X-CUBE-TOF1_V3.4.2]
2024-12-05 08:13:13,456 [INFO] DbBoardsSqlite:226 - include board P-NUCLEO-WB55-NUCLEO as a kit item of type 'Nucleo-64'
2024-12-05 08:13:13,457 [INFO] DbBoardsSqlite:226 - include board P-NUCLEO-WB55-USBDONGLE as a kit item of type 'Nucleo USB Dongle'
2024-12-05 08:13:13,458 [INFO] DbBoardsSqlite:226 - include board STEVAL-IDP005V1 as a kit item of type 'Evaluation Board'
2024-12-05 08:13:13,459 [INFO] DbBoardsSqlite:226 - include board STEVAL-IDP005V2 as a kit item of type 'Evaluation Board'
2024-12-05 08:13:13,797 [INFO] ApiDb:240 - Found 858 in-development CPN: [B-G473E-ZEST1S, B-WB1M-WPAN1, B-WBA5M-WPAN, B-WL5M-SUBG1, NUCLEO-C031C6, NUCLEO-C051C8, NUCLEO-C071RB, NUCLEO-C092RC, NUCLEO-H503RB, NUCLEO-H533RE, NUCLEO-H563ZI, NUCLEO-H7S3L8, NUCLEO-N657X0-Q, NUCLEO-U031R8, NUCLEO-U083RC, NUCLEO-U385RG-Q, NUCLEO-U545RE-Q, NUCLEO-U5A5ZJ-Q, NUCLEO-WB05KZ, NUCLEO-WB07CC, NUCLEO-WB09KE, NUCLEO-WBA52CG, NUCLEO-WBA55CG, NUCLEO-WL33CC1, NUCLEO-WL33CC2, STEVAL-PROTEUS1, STEVAL-SMARTAG2, STEVAL-STWINBX1, STM320518-EVAL, STM32C0116-DK, STM32C011D6Y3TR, STM32C011D6Y6TR, STM32C011F4P3, STM32C011F4P6, STM32C011F4U3, STM32C011F4U6TR, STM32C011F6P3, STM32C011F6P6, STM32C011F6U3, STM32C011F6U6TR, STM32C011J4M3, STM32C011J4M6, STM32C011J6M3, STM32C011J6M6, STM32C0316-DK, STM32C031C4T3, STM32C031C4T6, STM32C031C4U3, STM32C031C4U6, STM32C031C6T3, STM32C031C6T6, STM32C031C6U3, STM32C031C6U6, STM32C031F4P3, STM32C031F4P6, STM32C031F6P3, STM32C031F6P6, STM32C031G4U3, STM32C031G4U6, STM32C031G6U3, STM32C031G6U6, STM32C031K4T3, STM32C031K4T6, STM32C031K4U3, STM32C031K4U6, STM32C031K6T3, STM32C031K6T6, STM32C031K6U3, STM32C031K6U6, STM32C051C6T6, STM32C051C6U6, STM32C051C8T6, STM32C051C8U6, STM32C051D8Y6TR, STM32C051F6P6, STM32C051F8P6, STM32C051G6U6, STM32C051G8U6, STM32C051K6T6, STM32C051K6U6, STM32C051K8T6, STM32C071C8T6, STM32C071C8T6N, STM32C071C8U6, STM32C071C8U6N, STM32C071CBT6, STM32C071CBT6N, STM32C071CBU6, STM32C071CBU6N, STM32C071F8P6, STM32C071F8P6N, STM32C071FBP6, STM32C071FBP6N, STM32C071FBY6TR, STM32C071G8U6, STM32C071G8U6N, STM32C071GBU6, STM32C071GBU6N, STM32C071K8T6, STM32C071K8T6N, STM32C071K8U6, STM32C071K8U6N, STM32C071KBT6, STM32C071KBT6N, STM32C071KBU6, STM32C071KBU6N, STM32C071R8T6, STM32C071R8T6N, STM32C071RBI6N, STM32C071RBT6, STM32C071RBT6N, STM32C091CBT6, STM32C091CBU6, STM32C091CCT6, STM32C091CCU6, STM32C091ECY6TR, STM32C091FBP6, STM32C091FCP6, STM32C091GBU6, STM32C091GCU6, STM32C091KBT6, STM32C091KBU6, STM32C091KCT6, STM32C091KCU6, STM32C091RBT6, STM32C091RCI6, STM32C091RCT6, STM32C092CBT6, STM32C092CBU6, STM32C092CCT6, STM32C092CCU6, STM32C092ECY6TR, STM32C092FBP6, STM32C092FCP6, STM32C092GBU6, STM32C092GCU6, STM32C092KBT6, STM32C092KBU6, STM32C092KCT6, STM32C092KCU6, STM32C092RBT6, STM32C092RCI6, STM32C092RCT6, STM32G071K8TXN, STM32G071K8UXN, STM32G081GBU6N, STM32G081KBT6N, STM32G081KBUXN, STM32G0B1CCT6N, STM32G0B1KCT6, STM32G0B1NEY6TR, STM32G0B1RCT6N, STM32G0C1CCT6, STM32G0C1CCT6N, STM32G0C1CCU6N, STM32G0C1CET6N, STM32G0C1CEU6N, STM32G0C1KCT6, STM32G0C1NEY6TR, STM32G0C1RCI6N, STM32G0C1RCT6N, STM32G0C1REI6N, STM32G0C1RET6N, STM32G0C1VCI6, STM32G0C1VEI6, STM32G411C6T3, STM32G411C6T6, STM32G411C6U3, STM32G411C6U6, STM32G411C8T3, STM32G411C8T6, STM32G411C8U3, STM32G411C8U6, STM32G411CBT3, STM32G411CBT6, STM32G411CBU3, STM32G411CBU6, STM32G411CCT3, STM32G411CCT6, STM32G411CCU3, STM32G411CCU6, STM32G411K6T3, STM32G411K6T6, STM32G411K6U3, STM32G411K6U6, STM32G411K8T3, STM32G411K8T6, STM32G411K8U3, STM32G411K8U6, STM32G411KBT3, STM32G411KBT6, STM32G411KBU3, STM32G411KBU6, STM32G411M6T3, STM32G411M6T6, STM32G411M8T3, STM32G411M8T6, STM32G411MBT3, STM32G411MBT6, STM32G411MCT3, STM32G411MCT6, STM32G411R6T3, STM32G411R6T6, STM32G411R8T3, STM32G411R8T6, STM32G411RBT3, STM32G411RBT6, STM32G411RCT3, STM32G411RCT6, STM32G414CBT3, STM32G414CBT6, STM32G414CBU3, STM32G414CBU6, STM32G414CCT3, STM32G414CCT6, STM32G414CCU3, STM32G414CCU6, STM32G414MBT3, STM32G414MBT6, STM32G414MCT3, STM32G414MCT6, STM32G414RBT3, STM32G414RBT6, STM32G414RCT3, STM32G414RCT6, STM32G414VBT3, STM32G414VBT6, STM32G414VCT3, STM32G414VCT6, STM32G431CBT3Z, STM32G431RBT3Z, STM32G471CCT6, STM32G471CCU6, STM32G471CET3, STM32G471CET6, STM32G471CEU3, STM32G471CEU6, STM32G471MCT6, STM32G471MET3, STM32G471MET6, STM32G471MEY6TR, STM32G471QCT6, STM32G471QET3, STM32G471RCT6, STM32G471RET3, STM32G471RET6, STM32G471VCH6, STM32G471VCI6, STM32G471VCT6, STM32G471VEH3, STM32G471VEH6, STM32G471VEI3, STM32G471VEI6, STM32G471VET3, STM32G471VET6, STM32G473QET3Z, STM32G473RET3Z, STM32G474CCT6, STM32G491RET3Z, STM32H503CBT6, STM32H503CBU6, STM32H503EBY6TR, STM32H503KBU6, STM32H503RBT6, STM32H523CCT6, STM32H523CCU6, STM32H523CET6, STM32H523CEU6, STM32H523HEY6TR, STM32H523RCT6, STM32H523RET6, STM32H523VCI6, STM32H523VCT6, STM32H523VEI6, STM32H523VET6, STM32H523ZCJ6, STM32H523ZCT6, STM32H523ZEJ6, STM32H523ZET6, STM32H533CET6, STM32H533CEU6, STM32H533HEY6TR, STM32H533RET6, STM32H533VEI6, STM32H533VET6, STM32H533ZEJ6, STM32H533ZET6, STM32H562AGI6, STM32H562AII6, STM32H562IGK6, STM32H562IGT6, STM32H562IIK6, STM32H562IIT6, STM32H562RGT6, STM32H562RGV6, STM32H562RIT6, STM32H562RIV6, STM32H562VGT6, STM32H562VIT6, STM32H562ZGT6, STM32H562ZIT6, STM32H563AGI6, STM32H563AII3Q, STM32H563AII6, STM32H563IGK6, STM32H563IGT6, STM32H563IIK3Q, STM32H563IIK6, STM32H563IIT3Q, STM32H563IIT6, STM32H563MIY3QTR, STM32H563RGT6, STM32H563RGV6, STM32H563RIT6, STM32H563RIV6, STM32H563VGT6, STM32H563VIT3Q, STM32H563VIT6, STM32H563ZGT6, STM32H563ZIT3Q, STM32H563ZIT6, STM32H573AII3Q, STM32H573AII6, STM32H573I-DK, STM32H573IIK3Q, STM32H573IIK6, STM32H573IIT3Q, STM32H573IIT6, STM32H573MIY3QTR, STM32H573RIT6, STM32H573RIV6, STM32H573VIT3Q, STM32H573VIT6, STM32H573ZIT3Q, STM32H573ZIT6, STM32H7R3A8I6, STM32H7R3I8K6, STM32H7R3I8T6, STM32H7R3L8H6, STM32H7R3L8H6H, STM32H7R3R8V6, STM32H7R3V8H6, STM32H7R3V8T6, STM32H7R3V8Y6TR, STM32H7R3Z8J6, STM32H7R3Z8T6, STM32H7R7A8I6, STM32H7R7I8K6, STM32H7R7I8T6, STM32H7R7L8H6, STM32H7R7L8H6H, STM32H7R7Z8J6, STM32H7S3A8I6, STM32H7S3I8K6, STM32H7S3I8T6, STM32H7S3L8H6, STM32H7S3L8H6H, STM32H7S3R8V6, STM32H7S3V8H6, STM32H7S3V8T6, STM32H7S3V8Y6TR, STM32H7S3Z8J6, STM32H7S3Z8T6, STM32H7S78-DK, STM32H7S7A8I6, STM32H7S7I8K6, STM32H7S7I8T6, STM32H7S7L8H6, STM32H7S7L8H6H, STM32H7S7Z8J6, STM32L4R5QGI6STR, STM32MP131AAE3, STM32MP131AAF3, STM32MP131AAG3, STM32MP131CAE3, STM32MP131CAF3, STM32MP131CAG3, STM32MP131DAE7, STM32MP131DAF7, STM32MP131DAG7, STM32MP131FAE7, STM32MP131FAF7, STM32MP131FAG7, STM32MP133AAE3, STM32MP133AAF3, STM32MP133AAG3, STM32MP133CAE3, STM32MP133CAF3, STM32MP133CAG3, STM32MP133DAE7, STM32MP133DAF7, STM32MP133DAG7, STM32MP133FAE7, STM32MP133FAF7, STM32MP133FAG7, STM32MP135AAE3, STM32MP135AAF3, STM32MP135AAG3, STM32MP135CAE3, STM32MP135CAF3, STM32MP135CAG3, STM32MP135DAE7, STM32MP135DAF7, STM32MP135DAG7, STM32MP135F-DK, STM32MP135FAE7, STM32MP135FAF7, STM32MP135FAF7T, STM32MP135FAF7U, STM32MP135FAG7, STM32MP231AAJ3, STM32MP231AAK3, STM32MP231AAL3, STM32MP231CAJ3, STM32MP231CAK3, STM32MP231CAL3, STM32MP231DAJ3, STM32MP231DAK3, STM32MP231DAL3, STM32MP231FAJ3, STM32MP231FAK3, STM32MP231FAL3, STM32MP233AAJ3, STM32MP233AAK3, STM32MP233AAL3, STM32MP233CAJ3, STM32MP233CAK3, STM32MP233CAL3, STM32MP233DAJ3, STM32MP233DAK3, STM32MP233DAL3, STM32MP233FAJ3, STM32MP233FAK3, STM32MP233FAL3, STM32MP235AAJ3, STM32MP235AAK3, STM32MP235AAL3, STM32MP235CAJ3, STM32MP235CAK3, STM32MP235CAL3, STM32MP235DAJ3, STM32MP235DAK3, STM32MP235DAL3, STM32MP235FAJ3, STM32MP235FAK3, STM32MP235FAL3, STM32MP251AAI3, STM32MP251AAJ3, STM32MP251AAK3, STM32MP251AAL3, STM32MP251CAI3, STM32MP251CAJ3, STM32MP251CAK3, STM32MP251CAL3, STM32MP251DAI3, STM32MP251DAJ3, STM32MP251DAK3, STM32MP251DAL3, STM32MP251FAI3, STM32MP251FAJ3, STM32MP251FAK3, STM32MP251FAL3, STM32MP253AAI3, STM32MP253AAJ3, STM32MP253AAK3, STM32MP253AAL3, STM32MP253CAI3, STM32MP253CAJ3, STM32MP253CAK3, STM32MP253CAL3, STM32MP253DAI3, STM32MP253DAJ3, STM32MP253DAK3, STM32MP253DAL3, STM32MP253FAI3, STM32MP253FAJ3, STM32MP253FAK3, STM32MP253FAL3, STM32MP255AAI3, STM32MP255AAJ3, STM32MP255AAK3, STM32MP255AAL3, STM32MP255CAI3, STM32MP255CAJ3, STM32MP255CAK3, STM32MP255CAL3, STM32MP255DAI3, STM32MP255DAJ3, STM32MP255DAK3, STM32MP255DAL3, STM32MP255FAI3, STM32MP255FAJ3, STM32MP255FAK3, STM32MP255FAL3, STM32MP257AAI3, STM32MP257AAJ3, STM32MP257AAK3, STM32MP257AAL3, STM32MP257CAI3, STM32MP257CAJ3, STM32MP257CAK3, STM32MP257CAL3, STM32MP257DAI3, STM32MP257DAJ3, STM32MP257DAK3, STM32MP257DAL3, STM32MP257F-DK, STM32MP257F-EV1, STM32MP257FAI3, STM32MP257FAJ3, STM32MP257FAK3, STM32MP257FAL3, STM32N645A0H3Q, STM32N645B0H3Q, STM32N645I0H3Q, STM32N645L0H3Q, STM32N645X0H3Q, STM32N645Z0H3Q, STM32N647A0H3Q, STM32N647B0H3Q, STM32N647I0H3Q, STM32N647L0H3Q, STM32N647X0H3Q, STM32N647Z0H3Q, STM32N655A0H3Q, STM32N655B0H3Q, STM32N655I0H3Q, STM32N655L0H3Q, STM32N655X0H3Q, STM32N655Z0H3Q, STM32N6570-DK, STM32N657A0H3Q, STM32N657B0H3Q, STM32N657I0H3Q, STM32N657L0H3Q, STM32N657X0H3Q, STM32N657Z0H3Q, STM32U031C6T6, STM32U031C6U6, STM32U031C8T6, STM32U031C8U6, STM32U031F4P6, STM32U031F6P6, STM32U031F8P6, STM32U031G6Y6TR, STM32U031G8Y6TR, STM32U031K4U6, STM32U031K6U6, STM32U031K8U6, STM32U031R6I6, STM32U031R6T6, STM32U031R8I6, STM32U031R8T6, STM32U073C8T6, STM32U073C8U6, STM32U073CBT6, STM32U073CBU6, STM32U073CCT6, STM32U073CCU6, STM32U073H8Y6TR, STM32U073HBY6TR, STM32U073HCY6TR, STM32U073K8U6, STM32U073KBU6, STM32U073KCU6, STM32U073M8I6, STM32U073M8T6, STM32U073MBI6, STM32U073MBT6, STM32U073MCI6, STM32U073MCT6, STM32U073R8I6, STM32U073R8T6, STM32U073RBI6, STM32U073RBT6, STM32U073RCI6, STM32U073RCT6, STM32U083C-DK, STM32U083CCT6, STM32U083CCU6, STM32U083HCY6TR, STM32U083KCU6, STM32U083MCI6, STM32U083MCT6, STM32U083RCI6, STM32U083RCT6, STM32U375CET6, STM32U375CET6Q, STM32U375CEU6, STM32U375CEU6Q, STM32U375CEY6QTR, STM32U375CGT6, STM32U375CGT6Q, STM32U375CGU6, STM32U375CGU6Q, STM32U375CGY6QTR, STM32U375KEU6, STM32U375KGU6, STM32U375REI6, STM32U375REI6Q, STM32U375RET6, STM32U375RET6Q, STM32U375REY6GTR, STM32U375REY6QTR, STM32U375RGI6, STM32U375RGI6Q, STM32U375RGT6, STM32U375RGT6Q, STM32U375RGY6GTR, STM32U375RGY6QTR, STM32U375VEI6, STM32U375VEI6Q, STM32U375VET6, STM32U375VET6Q, STM32U375VGI6, STM32U375VGI6Q, STM32U375VGT6, STM32U375VGT6Q, STM32U385CGT6, STM32U385CGT6Q, STM32U385CGU6, STM32U385CGU6Q, STM32U385CGY6QTR, STM32U385KGU6, STM32U385RGI6, STM32U385RGI6Q, STM32U385RGT6, STM32U385RGT6Q, STM32U385RGY6GTR, STM32U385RGY6QTR, STM32U385VGI6, STM32U385VGI6Q, STM32U385VGT6, STM32U385VGT6Q, STM32U535CBT6, STM32U535CBT6Q, STM32U535CBU6, STM32U535CBU6Q, STM32U535CCT6, STM32U535CCT6Q, STM32U535CCU6, STM32U535CCU6Q, STM32U535CET6, STM32U535CET6Q, STM32U535CEU6, STM32U535CEU6Q, STM32U535JEY6QTR, STM32U535NCY6QTR, STM32U535NEY6QTR, STM32U535RBI6, STM32U535RBI6Q, STM32U535RBT6, STM32U535RBT6Q, STM32U535RCI6, STM32U535RCI6Q, STM32U535RCT6, STM32U535RCT6Q, STM32U535REI6, STM32U535REI6Q, STM32U535RET6, STM32U535RET6Q, STM32U535VCI6, STM32U535VCI6Q, STM32U535VCT6, STM32U535VCT6Q, STM32U535VEI6, STM32U535VEI6Q, STM32U535VET6, STM32U535VET6Q, STM32U545CET6, STM32U545CET6Q, STM32U545CEU6, STM32U545CEU6Q, STM32U545JEY6QTR, STM32U545NEY6QTR, STM32U545REI6, STM32U545REI6Q, STM32U545RET6, STM32U545RET6Q, STM32U545VEI6, STM32U545VEI6Q, STM32U545VET6, STM32U545VET6Q, STM32U595AIH6, STM32U595AIH6Q, STM32U595AJH6, STM32U595AJH6Q, STM32U595QII6, STM32U595QII6Q, STM32U595QJI6, STM32U595QJI6Q, STM32U595RIT6, STM32U595RIT6Q, STM32U595RJT6, STM32U595RJT6Q, STM32U595VIT6, STM32U595VIT6Q, STM32U595VJT6, STM32U595VJT6Q, STM32U595ZIT6, STM32U595ZIT6Q, STM32U595ZIY6QTR, STM32U595ZJT6, STM32U595ZJT6Q, STM32U595ZJY6QTR, STM32U599BJY6QTR, STM32U599NIH6Q, STM32U599NJH6Q, STM32U599VIT6Q, STM32U599VJT6, STM32U599VJT6Q, STM32U599ZIT6Q, STM32U599ZIY6QTR, STM32U599ZJT6Q, STM32U599ZJY6QTR, STM32U5A5AJH6, STM32U5A5AJH6Q, STM32U5A5QII3Q , STM32U5A5QJI6, STM32U5A5QJI6Q, STM32U5A5RJT6, STM32U5A5RJT6Q, STM32U5A5VJT6, STM32U5A5VJT6Q, STM32U5A5ZJT6, STM32U5A5ZJT6Q, STM32U5A5ZJY6QTR, STM32U5A9BJY6QTR, STM32U5A9J-DK, STM32U5A9NJH6Q, STM32U5A9VJT6Q, STM32U5A9ZJT6Q, STM32U5A9ZJY6QTR, STM32U5F7VIT6, STM32U5F7VIT6Q, STM32U5F7VJT6, STM32U5F7VJT6Q, STM32U5F9BJY6QTR, STM32U5F9NJH6Q, STM32U5F9VIT6Q, STM32U5F9VJT6Q, STM32U5F9ZIJ6QTR, STM32U5F9ZIT6Q, STM32U5F9ZJJ6QTR, STM32U5F9ZJT6Q, STM32U5G7VJT6, STM32U5G7VJT6Q, STM32U5G9BJY6QTR, STM32U5G9J-DK1, STM32U5G9J-DK2, STM32U5G9NJH6Q, STM32U5G9VJT6Q, STM32U5G9ZJJ6QTR, STM32U5G9ZJT6Q, STM32WB05KZV6TR, STM32WB05KZV7TR, STM32WB05TZF6TR, STM32WB05TZF7TR, STM32WB06CCF6TR, STM32WB06CCF7TR, STM32WB06CCV6TR, STM32WB06CCV7TR, STM32WB06KCV6TR, STM32WB06KCV7TR, STM32WB07CCF6TR, STM32WB07CCF7TR, STM32WB07CCV6TR, STM32WB07CCV7TR, STM32WB07KCV6TR, STM32WB07KCV7TR, STM32WB09KEV6TR, STM32WB09KEV7TR, STM32WB09TEF6TR, STM32WB09TEF7TR, STM32WB1MMCH6, STM32WBA50KGU6, STM32WBA50KGU6TR, STM32WBA52CEU6, STM32WBA52CEU6TR, STM32WBA52CEU7, STM32WBA52CEU7TR, STM32WBA52CGU6, STM32WBA52CGU6TR, STM32WBA52CGU6U, STM32WBA52CGU7, STM32WBA52CGU7TR, STM32WBA52KEU6, STM32WBA52KEU6TR, STM32WBA52KGU6, STM32WBA52KGU6TR, STM32WBA54CEU6, STM32WBA54CEU6TR, STM32WBA54CEU7, STM32WBA54CEU7TR, STM32WBA54CGU6, STM32WBA54CGU6TR, STM32WBA54CGU7, STM32WBA54CGU7TR, STM32WBA54KEU6, STM32WBA54KEU6TR, STM32WBA54KEU7, STM32WBA54KEU7TR, STM32WBA54KGU6, STM32WBA54KGU6TR, STM32WBA54KGU7, STM32WBA54KGU7TR, STM32WBA55CEU6, STM32WBA55CEU6TR, STM32WBA55CEU7, STM32WBA55CEU7TR, STM32WBA55CGU6, STM32WBA55CGU6TR, STM32WBA55CGU6U, STM32WBA55CGU7, STM32WBA55CGU7TR, STM32WBA55G-DK1, STM32WBA55HEF6, STM32WBA55HEF7, STM32WBA55HGF6, STM32WBA55HGF7, STM32WBA55UEI6, STM32WBA55UEI6TR, STM32WBA55UEI7, STM32WBA55UEI7TR, STM32WBA55UGI6, STM32WBA55UGI6TR, STM32WBA55UGI7, STM32WBA55UGI7TR, STM32WBA5MJGH6TR, STM32WBA5MJGH6U, STM32WL33C8V6, STM32WL33C8V6TR, STM32WL33C8V7, STM32WL33C8V7TR, STM32WL33CBV6, STM32WL33CBV6TR, STM32WL33CBV7, STM32WL33CBV7TR, STM32WL33CCV6, STM32WL33CCV6TR, STM32WL33CCV7, STM32WL33CCV7A, STM32WL33CCV7ATR, STM32WL33CCV7TR, STM32WL33K8V6, STM32WL33K8V6TR, STM32WL33K8V7, STM32WL33K8V7TR, STM32WL33KBV6, STM32WL33KBV6TR, STM32WL33KBV7, STM32WL33KBV7TR, STM32WL33KCV6, STM32WL33KCV6TR, STM32WL33KCV7, STM32WL33KCV7TR, STM32WL5MOCH6, STM32WL5MOCH6TR]
2024-12-05 08:13:14,000 [INFO] BoardInfo:889 - No configuration file found for board P-NUCLEO-WB55
2024-12-05 08:13:14,001 [INFO] DbBoards:161 - Kit is not supported: P-NUCLEO-WB55
2024-12-05 08:13:14,009 [INFO] BoardInfo:889 - No configuration file found for board STEVAL-BFA001V1B
2024-12-05 08:13:14,009 [INFO] DbBoards:161 - Kit is not supported: STEVAL-BFA001V1B
2024-12-05 08:13:14,011 [INFO] BoardInfo:889 - No configuration file found for board STEVAL-BFA001V2B
2024-12-05 08:13:14,011 [INFO] DbBoards:161 - Kit is not supported: STEVAL-BFA001V2B
2024-12-05 08:13:14,215 [INFO] DbBoards:168 - Found 209 boards, 206 are supported
2024-12-05 08:13:14,216 [INFO] DbBoards:169 - Found 209 boards, 42 of them is supported for  Bsp
2024-12-05 08:13:14,222 [INFO] ApiDb:668 - CubeFinder database Data Model version=2.1
2024-12-05 08:13:14,222 [INFO] ApiDb:669 - CubeFinder database Configuration version=3.0.39
2024-12-05 08:13:14,223 [INFO] ApiDb:670 - CubeFinder database generation date=2024-11-21 (1732182206)
2024-12-05 08:13:14,223 [INFO] ApiDb:671 - CubeFinder database FW Pack versions=[FP-ATR-ASTRA1_V2.0.0, FP-SNS-FLIGHT1_V5.0.2, FP-SNS-MOTENV1_V5.0.0, FP-SNS-MOTENVWB1_V1.4.0, FP-SNS-SMARTAG2_V1.2.0, FP-SNS-STBOX1_V2.0.0, STM32Cube_FW_C0_V1.3.0, STM32Cube_FW_F4_V1.28.1, STM32Cube_FW_F7_V1.17.2, STM32Cube_FW_G0_V1.6.2, STM32Cube_FW_G4_V1.6.1, STM32Cube_FW_H5_V1.4.0, STM32Cube_FW_H7RS_V1.1.0, STM32Cube_FW_H7_V1.12.0, STM32Cube_FW_L0_V1.12.2, STM32Cube_FW_L4_V1.18.1, STM32Cube_FW_L5_V1.5.1, STM32Cube_FW_N6_V1.0.0, STM32Cube_FW_U0_V1.2.0, STM32Cube_FW_U3_V1.0.0, STM32Cube_FW_U5_V1.7.0, STM32Cube_FW_WB0_V1.1.0, STM32Cube_FW_WBA_V1.5.0, STM32Cube_FW_WB_V1.21.0, STM32Cube_FW_WL3_V1.0.0, STM32Cube_FW_WL_V1.3.0, X-CUBE-ALGOBUILD_V1.4.0, X-CUBE-ALS_V1.0.2, X-CUBE-AZRTOS-F4_V1.1.0, X-CUBE-AZRTOS-F7_V1.1.0, X-CUBE-AZRTOS-G0_V1.1.0, X-CUBE-AZRTOS-G4_V2.0.0, X-CUBE-AZRTOS-H7RS_V1.0.0, X-CUBE-AZRTOS-H7_V3.3.0, X-CUBE-AZRTOS-L4_V2.0.0, X-CUBE-AZRTOS-L5_V2.0.0, X-CUBE-AZRTOS-WB_V2.0.0, X-CUBE-AZRTOS-WL_V2.0.0, X-CUBE-BLE1_V7.0.0, X-CUBE-BLE2_V3.3.0, X-CUBE-BLEMGR_V3.1.0, X-CUBE-EEPRMA1_V5.1.0, X-CUBE-FREERTOS_V1.2.0, X-CUBE-GNSS1_V6.0.0, X-CUBE-MEMS1_V11.0.0, X-CUBE-NFC4_V3.0.0, X-CUBE-NFC7_V1.0.1, X-CUBE-SFXS2LP1_V4.0.0, X-CUBE-SUBG2_V5.0.0, X-CUBE-TOF1_V3.4.2]
2024-12-05 08:13:16,968 [INFO] ApiDb:240 - Found 858 in-development CPN: [B-G473E-ZEST1S, B-WB1M-WPAN1, B-WBA5M-WPAN, B-WL5M-SUBG1, NUCLEO-C031C6, NUCLEO-C051C8, NUCLEO-C071RB, NUCLEO-C092RC, NUCLEO-H503RB, NUCLEO-H533RE, NUCLEO-H563ZI, NUCLEO-H7S3L8, NUCLEO-N657X0-Q, NUCLEO-U031R8, NUCLEO-U083RC, NUCLEO-U385RG-Q, NUCLEO-U545RE-Q, NUCLEO-U5A5ZJ-Q, NUCLEO-WB05KZ, NUCLEO-WB07CC, NUCLEO-WB09KE, NUCLEO-WBA52CG, NUCLEO-WBA55CG, NUCLEO-WL33CC1, NUCLEO-WL33CC2, STEVAL-PROTEUS1, STEVAL-SMARTAG2, STEVAL-STWINBX1, STM320518-EVAL, STM32C0116-DK, STM32C011D6Y3TR, STM32C011D6Y6TR, STM32C011F4P3, STM32C011F4P6, STM32C011F4U3, STM32C011F4U6TR, STM32C011F6P3, STM32C011F6P6, STM32C011F6U3, STM32C011F6U6TR, STM32C011J4M3, STM32C011J4M6, STM32C011J6M3, STM32C011J6M6, STM32C0316-DK, STM32C031C4T3, STM32C031C4T6, STM32C031C4U3, STM32C031C4U6, STM32C031C6T3, STM32C031C6T6, STM32C031C6U3, STM32C031C6U6, STM32C031F4P3, STM32C031F4P6, STM32C031F6P3, STM32C031F6P6, STM32C031G4U3, STM32C031G4U6, STM32C031G6U3, STM32C031G6U6, STM32C031K4T3, STM32C031K4T6, STM32C031K4U3, STM32C031K4U6, STM32C031K6T3, STM32C031K6T6, STM32C031K6U3, STM32C031K6U6, STM32C051C6T6, STM32C051C6U6, STM32C051C8T6, STM32C051C8U6, STM32C051D8Y6TR, STM32C051F6P6, STM32C051F8P6, STM32C051G6U6, STM32C051G8U6, STM32C051K6T6, STM32C051K6U6, STM32C051K8T6, STM32C071C8T6, STM32C071C8T6N, STM32C071C8U6, STM32C071C8U6N, STM32C071CBT6, STM32C071CBT6N, STM32C071CBU6, STM32C071CBU6N, STM32C071F8P6, STM32C071F8P6N, STM32C071FBP6, STM32C071FBP6N, STM32C071FBY6TR, STM32C071G8U6, STM32C071G8U6N, STM32C071GBU6, STM32C071GBU6N, STM32C071K8T6, STM32C071K8T6N, STM32C071K8U6, STM32C071K8U6N, STM32C071KBT6, STM32C071KBT6N, STM32C071KBU6, STM32C071KBU6N, STM32C071R8T6, STM32C071R8T6N, STM32C071RBI6N, STM32C071RBT6, STM32C071RBT6N, STM32C091CBT6, STM32C091CBU6, STM32C091CCT6, STM32C091CCU6, STM32C091ECY6TR, STM32C091FBP6, STM32C091FCP6, STM32C091GBU6, STM32C091GCU6, STM32C091KBT6, STM32C091KBU6, STM32C091KCT6, STM32C091KCU6, STM32C091RBT6, STM32C091RCI6, STM32C091RCT6, STM32C092CBT6, STM32C092CBU6, STM32C092CCT6, STM32C092CCU6, STM32C092ECY6TR, STM32C092FBP6, STM32C092FCP6, STM32C092GBU6, STM32C092GCU6, STM32C092KBT6, STM32C092KBU6, STM32C092KCT6, STM32C092KCU6, STM32C092RBT6, STM32C092RCI6, STM32C092RCT6, STM32G071K8TXN, STM32G071K8UXN, STM32G081GBU6N, STM32G081KBT6N, STM32G081KBUXN, STM32G0B1CCT6N, STM32G0B1KCT6, STM32G0B1NEY6TR, STM32G0B1RCT6N, STM32G0C1CCT6, STM32G0C1CCT6N, STM32G0C1CCU6N, STM32G0C1CET6N, STM32G0C1CEU6N, STM32G0C1KCT6, STM32G0C1NEY6TR, STM32G0C1RCI6N, STM32G0C1RCT6N, STM32G0C1REI6N, STM32G0C1RET6N, STM32G0C1VCI6, STM32G0C1VEI6, STM32G411C6T3, STM32G411C6T6, STM32G411C6U3, STM32G411C6U6, STM32G411C8T3, STM32G411C8T6, STM32G411C8U3, STM32G411C8U6, STM32G411CBT3, STM32G411CBT6, STM32G411CBU3, STM32G411CBU6, STM32G411CCT3, STM32G411CCT6, STM32G411CCU3, STM32G411CCU6, STM32G411K6T3, STM32G411K6T6, STM32G411K6U3, STM32G411K6U6, STM32G411K8T3, STM32G411K8T6, STM32G411K8U3, STM32G411K8U6, STM32G411KBT3, STM32G411KBT6, STM32G411KBU3, STM32G411KBU6, STM32G411M6T3, STM32G411M6T6, STM32G411M8T3, STM32G411M8T6, STM32G411MBT3, STM32G411MBT6, STM32G411MCT3, STM32G411MCT6, STM32G411R6T3, STM32G411R6T6, STM32G411R8T3, STM32G411R8T6, STM32G411RBT3, STM32G411RBT6, STM32G411RCT3, STM32G411RCT6, STM32G414CBT3, STM32G414CBT6, STM32G414CBU3, STM32G414CBU6, STM32G414CCT3, STM32G414CCT6, STM32G414CCU3, STM32G414CCU6, STM32G414MBT3, STM32G414MBT6, STM32G414MCT3, STM32G414MCT6, STM32G414RBT3, STM32G414RBT6, STM32G414RCT3, STM32G414RCT6, STM32G414VBT3, STM32G414VBT6, STM32G414VCT3, STM32G414VCT6, STM32G431CBT3Z, STM32G431RBT3Z, STM32G471CCT6, STM32G471CCU6, STM32G471CET3, STM32G471CET6, STM32G471CEU3, STM32G471CEU6, STM32G471MCT6, STM32G471MET3, STM32G471MET6, STM32G471MEY6TR, STM32G471QCT6, STM32G471QET3, STM32G471RCT6, STM32G471RET3, STM32G471RET6, STM32G471VCH6, STM32G471VCI6, STM32G471VCT6, STM32G471VEH3, STM32G471VEH6, STM32G471VEI3, STM32G471VEI6, STM32G471VET3, STM32G471VET6, STM32G473QET3Z, STM32G473RET3Z, STM32G474CCT6, STM32G491RET3Z, STM32H503CBT6, STM32H503CBU6, STM32H503EBY6TR, STM32H503KBU6, STM32H503RBT6, STM32H523CCT6, STM32H523CCU6, STM32H523CET6, STM32H523CEU6, STM32H523HEY6TR, STM32H523RCT6, STM32H523RET6, STM32H523VCI6, STM32H523VCT6, STM32H523VEI6, STM32H523VET6, STM32H523ZCJ6, STM32H523ZCT6, STM32H523ZEJ6, STM32H523ZET6, STM32H533CET6, STM32H533CEU6, STM32H533HEY6TR, STM32H533RET6, STM32H533VEI6, STM32H533VET6, STM32H533ZEJ6, STM32H533ZET6, STM32H562AGI6, STM32H562AII6, STM32H562IGK6, STM32H562IGT6, STM32H562IIK6, STM32H562IIT6, STM32H562RGT6, STM32H562RGV6, STM32H562RIT6, STM32H562RIV6, STM32H562VGT6, STM32H562VIT6, STM32H562ZGT6, STM32H562ZIT6, STM32H563AGI6, STM32H563AII3Q, STM32H563AII6, STM32H563IGK6, STM32H563IGT6, STM32H563IIK3Q, STM32H563IIK6, STM32H563IIT3Q, STM32H563IIT6, STM32H563MIY3QTR, STM32H563RGT6, STM32H563RGV6, STM32H563RIT6, STM32H563RIV6, STM32H563VGT6, STM32H563VIT3Q, STM32H563VIT6, STM32H563ZGT6, STM32H563ZIT3Q, STM32H563ZIT6, STM32H573AII3Q, STM32H573AII6, STM32H573I-DK, STM32H573IIK3Q, STM32H573IIK6, STM32H573IIT3Q, STM32H573IIT6, STM32H573MIY3QTR, STM32H573RIT6, STM32H573RIV6, STM32H573VIT3Q, STM32H573VIT6, STM32H573ZIT3Q, STM32H573ZIT6, STM32H7R3A8I6, STM32H7R3I8K6, STM32H7R3I8T6, STM32H7R3L8H6, STM32H7R3L8H6H, STM32H7R3R8V6, STM32H7R3V8H6, STM32H7R3V8T6, STM32H7R3V8Y6TR, STM32H7R3Z8J6, STM32H7R3Z8T6, STM32H7R7A8I6, STM32H7R7I8K6, STM32H7R7I8T6, STM32H7R7L8H6, STM32H7R7L8H6H, STM32H7R7Z8J6, STM32H7S3A8I6, STM32H7S3I8K6, STM32H7S3I8T6, STM32H7S3L8H6, STM32H7S3L8H6H, STM32H7S3R8V6, STM32H7S3V8H6, STM32H7S3V8T6, STM32H7S3V8Y6TR, STM32H7S3Z8J6, STM32H7S3Z8T6, STM32H7S78-DK, STM32H7S7A8I6, STM32H7S7I8K6, STM32H7S7I8T6, STM32H7S7L8H6, STM32H7S7L8H6H, STM32H7S7Z8J6, STM32L4R5QGI6STR, STM32MP131AAE3, STM32MP131AAF3, STM32MP131AAG3, STM32MP131CAE3, STM32MP131CAF3, STM32MP131CAG3, STM32MP131DAE7, STM32MP131DAF7, STM32MP131DAG7, STM32MP131FAE7, STM32MP131FAF7, STM32MP131FAG7, STM32MP133AAE3, STM32MP133AAF3, STM32MP133AAG3, STM32MP133CAE3, STM32MP133CAF3, STM32MP133CAG3, STM32MP133DAE7, STM32MP133DAF7, STM32MP133DAG7, STM32MP133FAE7, STM32MP133FAF7, STM32MP133FAG7, STM32MP135AAE3, STM32MP135AAF3, STM32MP135AAG3, STM32MP135CAE3, STM32MP135CAF3, STM32MP135CAG3, STM32MP135DAE7, STM32MP135DAF7, STM32MP135DAG7, STM32MP135F-DK, STM32MP135FAE7, STM32MP135FAF7, STM32MP135FAF7T, STM32MP135FAF7U, STM32MP135FAG7, STM32MP231AAJ3, STM32MP231AAK3, STM32MP231AAL3, STM32MP231CAJ3, STM32MP231CAK3, STM32MP231CAL3, STM32MP231DAJ3, STM32MP231DAK3, STM32MP231DAL3, STM32MP231FAJ3, STM32MP231FAK3, STM32MP231FAL3, STM32MP233AAJ3, STM32MP233AAK3, STM32MP233AAL3, STM32MP233CAJ3, STM32MP233CAK3, STM32MP233CAL3, STM32MP233DAJ3, STM32MP233DAK3, STM32MP233DAL3, STM32MP233FAJ3, STM32MP233FAK3, STM32MP233FAL3, STM32MP235AAJ3, STM32MP235AAK3, STM32MP235AAL3, STM32MP235CAJ3, STM32MP235CAK3, STM32MP235CAL3, STM32MP235DAJ3, STM32MP235DAK3, STM32MP235DAL3, STM32MP235FAJ3, STM32MP235FAK3, STM32MP235FAL3, STM32MP251AAI3, STM32MP251AAJ3, STM32MP251AAK3, STM32MP251AAL3, STM32MP251CAI3, STM32MP251CAJ3, STM32MP251CAK3, STM32MP251CAL3, STM32MP251DAI3, STM32MP251DAJ3, STM32MP251DAK3, STM32MP251DAL3, STM32MP251FAI3, STM32MP251FAJ3, STM32MP251FAK3, STM32MP251FAL3, STM32MP253AAI3, STM32MP253AAJ3, STM32MP253AAK3, STM32MP253AAL3, STM32MP253CAI3, STM32MP253CAJ3, STM32MP253CAK3, STM32MP253CAL3, STM32MP253DAI3, STM32MP253DAJ3, STM32MP253DAK3, STM32MP253DAL3, STM32MP253FAI3, STM32MP253FAJ3, STM32MP253FAK3, STM32MP253FAL3, STM32MP255AAI3, STM32MP255AAJ3, STM32MP255AAK3, STM32MP255AAL3, STM32MP255CAI3, STM32MP255CAJ3, STM32MP255CAK3, STM32MP255CAL3, STM32MP255DAI3, STM32MP255DAJ3, STM32MP255DAK3, STM32MP255DAL3, STM32MP255FAI3, STM32MP255FAJ3, STM32MP255FAK3, STM32MP255FAL3, STM32MP257AAI3, STM32MP257AAJ3, STM32MP257AAK3, STM32MP257AAL3, STM32MP257CAI3, STM32MP257CAJ3, STM32MP257CAK3, STM32MP257CAL3, STM32MP257DAI3, STM32MP257DAJ3, STM32MP257DAK3, STM32MP257DAL3, STM32MP257F-DK, STM32MP257F-EV1, STM32MP257FAI3, STM32MP257FAJ3, STM32MP257FAK3, STM32MP257FAL3, STM32N645A0H3Q, STM32N645B0H3Q, STM32N645I0H3Q, STM32N645L0H3Q, STM32N645X0H3Q, STM32N645Z0H3Q, STM32N647A0H3Q, STM32N647B0H3Q, STM32N647I0H3Q, STM32N647L0H3Q, STM32N647X0H3Q, STM32N647Z0H3Q, STM32N655A0H3Q, STM32N655B0H3Q, STM32N655I0H3Q, STM32N655L0H3Q, STM32N655X0H3Q, STM32N655Z0H3Q, STM32N6570-DK, STM32N657A0H3Q, STM32N657B0H3Q, STM32N657I0H3Q, STM32N657L0H3Q, STM32N657X0H3Q, STM32N657Z0H3Q, STM32U031C6T6, STM32U031C6U6, STM32U031C8T6, STM32U031C8U6, STM32U031F4P6, STM32U031F6P6, STM32U031F8P6, STM32U031G6Y6TR, STM32U031G8Y6TR, STM32U031K4U6, STM32U031K6U6, STM32U031K8U6, STM32U031R6I6, STM32U031R6T6, STM32U031R8I6, STM32U031R8T6, STM32U073C8T6, STM32U073C8U6, STM32U073CBT6, STM32U073CBU6, STM32U073CCT6, STM32U073CCU6, STM32U073H8Y6TR, STM32U073HBY6TR, STM32U073HCY6TR, STM32U073K8U6, STM32U073KBU6, STM32U073KCU6, STM32U073M8I6, STM32U073M8T6, STM32U073MBI6, STM32U073MBT6, STM32U073MCI6, STM32U073MCT6, STM32U073R8I6, STM32U073R8T6, STM32U073RBI6, STM32U073RBT6, STM32U073RCI6, STM32U073RCT6, STM32U083C-DK, STM32U083CCT6, STM32U083CCU6, STM32U083HCY6TR, STM32U083KCU6, STM32U083MCI6, STM32U083MCT6, STM32U083RCI6, STM32U083RCT6, STM32U375CET6, STM32U375CET6Q, STM32U375CEU6, STM32U375CEU6Q, STM32U375CEY6QTR, STM32U375CGT6, STM32U375CGT6Q, STM32U375CGU6, STM32U375CGU6Q, STM32U375CGY6QTR, STM32U375KEU6, STM32U375KGU6, STM32U375REI6, STM32U375REI6Q, STM32U375RET6, STM32U375RET6Q, STM32U375REY6GTR, STM32U375REY6QTR, STM32U375RGI6, STM32U375RGI6Q, STM32U375RGT6, STM32U375RGT6Q, STM32U375RGY6GTR, STM32U375RGY6QTR, STM32U375VEI6, STM32U375VEI6Q, STM32U375VET6, STM32U375VET6Q, STM32U375VGI6, STM32U375VGI6Q, STM32U375VGT6, STM32U375VGT6Q, STM32U385CGT6, STM32U385CGT6Q, STM32U385CGU6, STM32U385CGU6Q, STM32U385CGY6QTR, STM32U385KGU6, STM32U385RGI6, STM32U385RGI6Q, STM32U385RGT6, STM32U385RGT6Q, STM32U385RGY6GTR, STM32U385RGY6QTR, STM32U385VGI6, STM32U385VGI6Q, STM32U385VGT6, STM32U385VGT6Q, STM32U535CBT6, STM32U535CBT6Q, STM32U535CBU6, STM32U535CBU6Q, STM32U535CCT6, STM32U535CCT6Q, STM32U535CCU6, STM32U535CCU6Q, STM32U535CET6, STM32U535CET6Q, STM32U535CEU6, STM32U535CEU6Q, STM32U535JEY6QTR, STM32U535NCY6QTR, STM32U535NEY6QTR, STM32U535RBI6, STM32U535RBI6Q, STM32U535RBT6, STM32U535RBT6Q, STM32U535RCI6, STM32U535RCI6Q, STM32U535RCT6, STM32U535RCT6Q, STM32U535REI6, STM32U535REI6Q, STM32U535RET6, STM32U535RET6Q, STM32U535VCI6, STM32U535VCI6Q, STM32U535VCT6, STM32U535VCT6Q, STM32U535VEI6, STM32U535VEI6Q, STM32U535VET6, STM32U535VET6Q, STM32U545CET6, STM32U545CET6Q, STM32U545CEU6, STM32U545CEU6Q, STM32U545JEY6QTR, STM32U545NEY6QTR, STM32U545REI6, STM32U545REI6Q, STM32U545RET6, STM32U545RET6Q, STM32U545VEI6, STM32U545VEI6Q, STM32U545VET6, STM32U545VET6Q, STM32U595AIH6, STM32U595AIH6Q, STM32U595AJH6, STM32U595AJH6Q, STM32U595QII6, STM32U595QII6Q, STM32U595QJI6, STM32U595QJI6Q, STM32U595RIT6, STM32U595RIT6Q, STM32U595RJT6, STM32U595RJT6Q, STM32U595VIT6, STM32U595VIT6Q, STM32U595VJT6, STM32U595VJT6Q, STM32U595ZIT6, STM32U595ZIT6Q, STM32U595ZIY6QTR, STM32U595ZJT6, STM32U595ZJT6Q, STM32U595ZJY6QTR, STM32U599BJY6QTR, STM32U599NIH6Q, STM32U599NJH6Q, STM32U599VIT6Q, STM32U599VJT6, STM32U599VJT6Q, STM32U599ZIT6Q, STM32U599ZIY6QTR, STM32U599ZJT6Q, STM32U599ZJY6QTR, STM32U5A5AJH6, STM32U5A5AJH6Q, STM32U5A5QII3Q , STM32U5A5QJI6, STM32U5A5QJI6Q, STM32U5A5RJT6, STM32U5A5RJT6Q, STM32U5A5VJT6, STM32U5A5VJT6Q, STM32U5A5ZJT6, STM32U5A5ZJT6Q, STM32U5A5ZJY6QTR, STM32U5A9BJY6QTR, STM32U5A9J-DK, STM32U5A9NJH6Q, STM32U5A9VJT6Q, STM32U5A9ZJT6Q, STM32U5A9ZJY6QTR, STM32U5F7VIT6, STM32U5F7VIT6Q, STM32U5F7VJT6, STM32U5F7VJT6Q, STM32U5F9BJY6QTR, STM32U5F9NJH6Q, STM32U5F9VIT6Q, STM32U5F9VJT6Q, STM32U5F9ZIJ6QTR, STM32U5F9ZIT6Q, STM32U5F9ZJJ6QTR, STM32U5F9ZJT6Q, STM32U5G7VJT6, STM32U5G7VJT6Q, STM32U5G9BJY6QTR, STM32U5G9J-DK1, STM32U5G9J-DK2, STM32U5G9NJH6Q, STM32U5G9VJT6Q, STM32U5G9ZJJ6QTR, STM32U5G9ZJT6Q, STM32WB05KZV6TR, STM32WB05KZV7TR, STM32WB05TZF6TR, STM32WB05TZF7TR, STM32WB06CCF6TR, STM32WB06CCF7TR, STM32WB06CCV6TR, STM32WB06CCV7TR, STM32WB06KCV6TR, STM32WB06KCV7TR, STM32WB07CCF6TR, STM32WB07CCF7TR, STM32WB07CCV6TR, STM32WB07CCV7TR, STM32WB07KCV6TR, STM32WB07KCV7TR, STM32WB09KEV6TR, STM32WB09KEV7TR, STM32WB09TEF6TR, STM32WB09TEF7TR, STM32WB1MMCH6, STM32WBA50KGU6, STM32WBA50KGU6TR, STM32WBA52CEU6, STM32WBA52CEU6TR, STM32WBA52CEU7, STM32WBA52CEU7TR, STM32WBA52CGU6, STM32WBA52CGU6TR, STM32WBA52CGU6U, STM32WBA52CGU7, STM32WBA52CGU7TR, STM32WBA52KEU6, STM32WBA52KEU6TR, STM32WBA52KGU6, STM32WBA52KGU6TR, STM32WBA54CEU6, STM32WBA54CEU6TR, STM32WBA54CEU7, STM32WBA54CEU7TR, STM32WBA54CGU6, STM32WBA54CGU6TR, STM32WBA54CGU7, STM32WBA54CGU7TR, STM32WBA54KEU6, STM32WBA54KEU6TR, STM32WBA54KEU7, STM32WBA54KEU7TR, STM32WBA54KGU6, STM32WBA54KGU6TR, STM32WBA54KGU7, STM32WBA54KGU7TR, STM32WBA55CEU6, STM32WBA55CEU6TR, STM32WBA55CEU7, STM32WBA55CEU7TR, STM32WBA55CGU6, STM32WBA55CGU6TR, STM32WBA55CGU6U, STM32WBA55CGU7, STM32WBA55CGU7TR, STM32WBA55G-DK1, STM32WBA55HEF6, STM32WBA55HEF7, STM32WBA55HGF6, STM32WBA55HGF7, STM32WBA55UEI6, STM32WBA55UEI6TR, STM32WBA55UEI7, STM32WBA55UEI7TR, STM32WBA55UGI6, STM32WBA55UGI6TR, STM32WBA55UGI7, STM32WBA55UGI7TR, STM32WBA5MJGH6TR, STM32WBA5MJGH6U, STM32WL33C8V6, STM32WL33C8V6TR, STM32WL33C8V7, STM32WL33C8V7TR, STM32WL33CBV6, STM32WL33CBV6TR, STM32WL33CBV7, STM32WL33CBV7TR, STM32WL33CCV6, STM32WL33CCV6TR, STM32WL33CCV7, STM32WL33CCV7A, STM32WL33CCV7ATR, STM32WL33CCV7TR, STM32WL33K8V6, STM32WL33K8V6TR, STM32WL33K8V7, STM32WL33K8V7TR, STM32WL33KBV6, STM32WL33KBV6TR, STM32WL33KBV7, STM32WL33KBV7TR, STM32WL33KCV6, STM32WL33KCV6TR, STM32WL33KCV7, STM32WL33KCV7TR, STM32WL5MOCH6, STM32WL5MOCH6TR]
2024-12-05 08:13:16,977 [INFO] DbMcus:218 - Found 4542 MCUs, 4542 are supported
2024-12-05 08:13:16,977 [INFO] ApiDb:423 - Load user favorites file /home/cotti/.stm32cubeide/favorites.mcus.txt: 0 item(s)
2024-12-05 08:13:16,978 [INFO] ApiDb:427 - User favorites MCUs=[]
2024-12-05 08:13:16,978 [INFO] DbMcus:224 - Set 0 / 0 favorites MCUs
2024-12-05 08:13:17,895 [INFO] ApiDb:423 - Load user favorites file /home/cotti/.stm32cubeide/favorites.boards.txt: 0 item(s)
2024-12-05 08:13:17,895 [INFO] ApiDb:427 - User favorites Boards=[]
2024-12-05 08:13:17,895 [INFO] DbBoards:198 - Set 0 / 0 favorites Boards
2024-12-05 08:13:17,952 [INFO] UtilMem:75 - End LoadConfig() Used Memory: 525692520 Bytes (591396864)
2024-12-05 08:13:18,388 [WARN] ThirdParty:833 - waiting for thirdparty lock release [change project]
2024-12-05 08:13:18,390 [INFO] ThirdParty:835 - entering critical section [change project]
2024-12-05 08:13:18,391 [INFO] ThirdParty:1030 - CMSIS Pack Vendor :STMicroelectronics USBPD 4.1
2024-12-05 08:13:18,391 [INFO] ThirdParty:1030 - CMSIS Pack Vendor :STMicroelectronics X-CUBE-GNSS1 6.0.0
2024-12-05 08:13:18,391 [INFO] ThirdParty:1030 - CMSIS Pack Vendor :STMicroelectronics USB_HOST 2.0.0
2024-12-05 08:13:18,391 [INFO] ThirdParty:1030 - CMSIS Pack Vendor :STMicroelectronics FP-SNS-MOTENVWB1 1.4.0
2024-12-05 08:13:18,391 [INFO] ThirdParty:1030 - CMSIS Pack Vendor :STMicroelectronics X-CUBE-AZRTOS-F4 1.1.0
2024-12-05 08:13:18,391 [INFO] ThirdParty:1030 - CMSIS Pack Vendor :STMicroelectronics LIBJPEG 8.0.0
2024-12-05 08:13:18,391 [INFO] ThirdParty:1030 - CMSIS Pack Vendor :STMicroelectronics FP-ATR-ASTRA1 2.0.1
2024-12-05 08:13:18,391 [INFO] ThirdParty:1030 - CMSIS Pack Vendor :STMicroelectronics X-CUBE-SMBUS 2.1.0
2024-12-05 08:13:18,395 [INFO] ThirdParty:1030 - CMSIS Pack Vendor :STMicroelectronics X-CUBE-WB05N 1.1.0
2024-12-05 08:13:18,395 [INFO] ThirdParty:1030 - CMSIS Pack Vendor :STMicroelectronics X-CUBE-ISPU 2.1.0
2024-12-05 08:13:18,395 [INFO] ThirdParty:1030 - CMSIS Pack Vendor :STMicroelectronics X-CUBE-FREERTOS 1.2.0
2024-12-05 08:13:18,395 [INFO] ThirdParty:1030 - CMSIS Pack Vendor :STMicroelectronics X-CUBE-AZRTOS-F7 1.1.0
2024-12-05 08:13:18,395 [INFO] ThirdParty:1030 - CMSIS Pack Vendor :STMicroelectronics X-CUBE-AZRTOS-L5 2.0.0
2024-12-05 08:13:18,395 [INFO] ThirdParty:1030 - CMSIS Pack Vendor :STMicroelectronics USB_DEVICE 2.0.0
2024-12-05 08:13:18,395 [INFO] ThirdParty:1030 - CMSIS Pack Vendor :STMicroelectronics X-CUBE-NFC6 3.1.0
2024-12-05 08:13:18,395 [INFO] ThirdParty:1030 - CMSIS Pack Vendor :STMicroelectronics X-CUBE-MEMS1 11.0.0
2024-12-05 08:13:18,396 [INFO] ThirdParty:1030 - CMSIS Pack Vendor :STMicroelectronics X-CUBE-BLE1 6.2.4
2024-12-05 08:13:18,396 [INFO] ThirdParty:1030 - CMSIS Pack Vendor :STMicroelectronics FreeRTOS 0.0.1
2024-12-05 08:13:18,396 [INFO] ThirdParty:1030 - CMSIS Pack Vendor :emotas I-CUBE-CANOPEN 1.1.3
2024-12-05 08:13:18,396 [INFO] ThirdParty:1030 - CMSIS Pack Vendor :STMicroelectronics X-CUBE-DPower 1.2.0
2024-12-05 08:13:18,396 [INFO] ThirdParty:1030 - CMSIS Pack Vendor :STMicroelectronics FP-SNS-FLIGHT1 5.0.2
2024-12-05 08:13:18,396 [INFO] ThirdParty:1030 - CMSIS Pack Vendor :STMicroelectronics X-CUBE-NFC4 2.0.5
2024-12-05 08:13:18,397 [INFO] ThirdParty:1030 - CMSIS Pack Vendor :STMicroelectronics X-CUBE-AI 9.0.0
2024-12-05 08:13:18,397 [INFO] ThirdParty:1030 - CMSIS Pack Vendor :STMicroelectronics PDM2PCM 3.3.0
2024-12-05 08:13:18,397 [INFO] ThirdParty:1030 - CMSIS Pack Vendor :STMicroelectronics X-CUBE-DISPLAY 3.0.0
2024-12-05 08:13:18,398 [INFO] ThirdParty:1030 - CMSIS Pack Vendor :STMicroelectronics X-CUBE-BLE1 7.0.0
2024-12-05 08:13:18,398 [INFO] ThirdParty:1030 - CMSIS Pack Vendor :STMicroelectronics X-CUBE-NFC10 1.0.0
2024-12-05 08:13:18,398 [INFO] ThirdParty:1030 - CMSIS Pack Vendor :wolfSSL I-CUBE-wolfSSL 5.5.4
2024-12-05 08:13:18,398 [INFO] ThirdParty:1030 - CMSIS Pack Vendor :STMicroelectronics HAL Drivers 0.0.0
2024-12-05 08:13:18,398 [INFO] ThirdParty:1030 - CMSIS Pack Vendor :STMicroelectronics X-CUBE-NFC7 1.0.1
2024-12-05 08:13:18,398 [INFO] ThirdParty:1030 - CMSIS Pack Vendor :STMicroelectronics MBEDTLS 2.14.1
2024-12-05 08:13:18,398 [INFO] ThirdParty:1030 - CMSIS Pack Vendor :STMicroelectronics X-CUBE-NFC7 1.0.0
2024-12-05 08:13:18,398 [INFO] ThirdParty:1030 - CMSIS Pack Vendor :wolfSSL I-CUBE-wolfTPM 3.2.0
2024-12-05 08:13:18,398 [INFO] ThirdParty:1030 - CMSIS Pack Vendor :STMicroelectronics X-CUBE-EEPRMA1 4.1.0
2024-12-05 08:13:18,398 [INFO] ThirdParty:1030 - CMSIS Pack Vendor :STMicroelectronics X-CUBE-BLEMGR 3.1.0
2024-12-05 08:13:18,398 [INFO] ThirdParty:1030 - CMSIS Pack Vendor :STMicroelectronics FP-SNS-SMARTAG2 1.2.0
2024-12-05 08:13:18,398 [INFO] ThirdParty:1030 - CMSIS Pack Vendor :STMicroelectronics X-CUBE-AZRTOS-WL 2.0.0
2024-12-05 08:13:18,398 [INFO] ThirdParty:1030 - CMSIS Pack Vendor :STMicroelectronics FP-SNS-MOTENV1 5.0.0
2024-12-05 08:13:18,399 [INFO] ThirdParty:1030 - CMSIS Pack Vendor :STMicroelectronics USB_DEVICE 1.0.0
2024-12-05 08:13:18,399 [INFO] ThirdParty:1030 - CMSIS Pack Vendor :wolfSSL I-CUBE-wolfMQTT 1.19.0
2024-12-05 08:13:18,399 [INFO] ThirdParty:1030 - CMSIS Pack Vendor :STMicroelectronics X-CUBE-AZRTOS-L4 2.0.0
2024-12-05 08:13:18,399 [INFO] ThirdParty:1030 - CMSIS Pack Vendor :STMicroelectronics ThreadX 0.0.2
2024-12-05 08:13:18,399 [INFO] ThirdParty:1030 - CMSIS Pack Vendor :WES I-CUBE-Cesium 1.3.0
2024-12-05 08:13:18,399 [INFO] ThirdParty:1030 - CMSIS Pack Vendor :STMicroelectronics lwIP 2.1.2
2024-12-05 08:13:18,399 [INFO] ThirdParty:1030 - CMSIS Pack Vendor :STMicroelectronics X-CUBE-SFXS2LP1 4.0.0
2024-12-05 08:13:18,399 [INFO] ThirdParty:1030 - CMSIS Pack Vendor :STMicroelectronics X-CUBE-BLE2 3.3.0
2024-12-05 08:13:18,399 [INFO] ThirdParty:1030 - CMSIS Pack Vendor :STMicroelectronics X-CUBE-DISPLAY 2.2.0
2024-12-05 08:13:18,399 [INFO] ThirdParty:1030 - CMSIS Pack Vendor :STMicroelectronics X-CUBE-TOF1 3.2.0
2024-12-05 08:13:18,399 [INFO] ThirdParty:1030 - CMSIS Pack Vendor :STMicroelectronics PDM2PCM 3.2.0
2024-12-05 08:13:18,399 [INFO] ThirdParty:1030 - CMSIS Pack Vendor :STMicroelectronics X-CUBE-AZRTOS-H7 3.0.0
2024-12-05 08:13:18,399 [INFO] ThirdParty:1030 - CMSIS Pack Vendor :STMicroelectronics X-CUBE-ISPU 1.1.0
2024-12-05 08:13:18,405 [INFO] ThirdParty:1030 - CMSIS Pack Vendor :STMicroelectronics X-CUBE-AZRTOS-H7 3.3.0
2024-12-05 08:13:18,405 [INFO] ThirdParty:1030 - CMSIS Pack Vendor :RoweBots I-CUBE-UNISONRTOS 5.5.0-4
2024-12-05 08:13:18,405 [INFO] ThirdParty:1030 - CMSIS Pack Vendor :STMicroelectronics X-CUBE-NFC9 1.0.0
2024-12-05 08:13:18,405 [INFO] ThirdParty:1030 - CMSIS Pack Vendor :STMicroelectronics USB_DEVICE 3.0.0
2024-12-05 08:13:18,406 [INFO] ThirdParty:1030 - CMSIS Pack Vendor :STMicroelectronics X-CUBE-TCPP 4.1.0
2024-12-05 08:13:18,407 [INFO] ThirdParty:1030 - CMSIS Pack Vendor :STMicroelectronics X-CUBE-AI 8.0.0
2024-12-05 08:13:18,407 [INFO] ThirdParty:1030 - CMSIS Pack Vendor :STMicroelectronics X-CUBE-IPS 3.0.0
2024-12-05 08:13:18,407 [INFO] ThirdParty:1030 - CMSIS Pack Vendor :STMicroelectronics X-CUBE-AZRTOS-WB 2.0.0
2024-12-05 08:13:18,407 [INFO] ThirdParty:1030 - CMSIS Pack Vendor :STMicroelectronics X-CUBE-TOUCHGFX 4.21.1
2024-12-05 08:13:18,407 [INFO] ThirdParty:1030 - CMSIS Pack Vendor :STMicroelectronics X-CUBE-GNSS1 7.0.0
2024-12-05 08:13:18,407 [INFO] ThirdParty:1030 - CMSIS Pack Vendor :STMicroelectronics X-CUBE-TOUCHGFX 4.21.0
2024-12-05 08:13:18,407 [INFO] ThirdParty:1030 - CMSIS Pack Vendor :STMicroelectronics X-CUBE-MEMS1 9.4.0
2024-12-05 08:13:18,407 [INFO] ThirdParty:1030 - CMSIS Pack Vendor :STMicroelectronics X-CUBE-AI 7.3.0
2024-12-05 08:13:18,407 [INFO] ThirdParty:1030 - CMSIS Pack Vendor :STMicroelectronics FP-SNS-STBOX1 2.0.0
2024-12-05 08:13:18,407 [INFO] ThirdParty:1030 - CMSIS Pack Vendor :STMicroelectronics X-CUBE-ALGOBUILD 1.3.0
2024-12-05 08:13:18,408 [INFO] ThirdParty:1030 - CMSIS Pack Vendor :STMicroelectronics X-CUBE-AZRTOS-L5 1.1.0
2024-12-05 08:13:18,408 [INFO] ThirdParty:1030 - CMSIS Pack Vendor :STMicroelectronics X-CUBE-AZRTOS-G0 1.1.0
2024-12-05 08:13:18,408 [INFO] ThirdParty:1030 - CMSIS Pack Vendor :STMicroelectronics X-CUBE-SAFEA1 1.2.2
2024-12-05 08:13:18,408 [INFO] ThirdParty:1030 - CMSIS Pack Vendor :STMicroelectronics X-CUBE-NFC4 3.0.0
2024-12-05 08:13:18,408 [INFO] ThirdParty:1030 - CMSIS Pack Vendor :STMicroelectronics X-CUBE-SUBG2 5.0.0
2024-12-05 08:13:18,409 [INFO] ThirdParty:1030 - CMSIS Pack Vendor :STMicroelectronics STM32_WPAN 1.0.0
2024-12-05 08:13:18,411 [INFO] ThirdParty:1030 - CMSIS Pack Vendor :EmbeddedOffice I-CUBE-FS-RTOS 1.0.1
2024-12-05 08:13:18,411 [INFO] ThirdParty:1030 - CMSIS Pack Vendor :STMicroelectronics lwIP 2.0.3
2024-12-05 08:13:18,411 [INFO] ThirdParty:1030 - CMSIS Pack Vendor :Cesanta I-CUBE-Mongoose 7.13.0
2024-12-05 08:13:18,411 [INFO] ThirdParty:1030 - CMSIS Pack Vendor :STMicroelectronics USB_HOST 1.0.0
2024-12-05 08:13:18,412 [INFO] ThirdParty:1030 - CMSIS Pack Vendor :STMicroelectronics X-CUBE-AZRTOS-G4 2.0.0
2024-12-05 08:13:18,412 [INFO] ThirdParty:1030 - CMSIS Pack Vendor :STMicroelectronics PDM2PCM 3.1.0
2024-12-05 08:13:18,412 [INFO] ThirdParty:1030 - CMSIS Pack Vendor :STMicroelectronics FP-ATR-ASTRA1 1.1.1
2024-12-05 08:13:18,412 [INFO] ThirdParty:1030 - CMSIS Pack Vendor :STMicroelectronics X-CUBE-BLEMGR 1.3.0
2024-12-05 08:13:18,412 [INFO] ThirdParty:1030 - CMSIS Pack Vendor :RealThread X-CUBE-RT-Thread_Nano 4.1.1
2024-12-05 08:13:18,412 [INFO] ThirdParty:1030 - CMSIS Pack Vendor :STMicroelectronics FP-ATR-SIGFOX1 3.2.0
2024-12-05 08:13:18,412 [INFO] ThirdParty:1030 - CMSIS Pack Vendor :STMicroelectronics X-CUBE-AZRTOS-G4 1.0.0
2024-12-05 08:13:18,412 [INFO] ThirdParty:1030 - CMSIS Pack Vendor :STMicroelectronics X-CUBE-AZRTOS-L4 1.0.0
2024-12-05 08:13:18,412 [INFO] ThirdParty:1030 - CMSIS Pack Vendor :quantropi X-CUBE-qispace-sdk-base 1.9.3
2024-12-05 08:13:18,412 [INFO] ThirdParty:1030 - CMSIS Pack Vendor :STMicroelectronics X-CUBE-ISPU 2.0.0
2024-12-05 08:13:18,413 [INFO] ThirdParty:1030 - CMSIS Pack Vendor :STMicroelectronics X-CUBE-EEPRMA1 5.1.0
2024-12-05 08:13:18,413 [INFO] ThirdParty:1030 - CMSIS Pack Vendor :STMicroelectronics MBEDTLS 2.16.2
2024-12-05 08:13:18,413 [INFO] ThirdParty:1030 - CMSIS Pack Vendor :STMicroelectronics X-CUBE-ALS 1.0.2
2024-12-05 08:13:18,413 [INFO] ThirdParty:1030 - CMSIS Pack Vendor :STMicroelectronics X-CUBE-MEMS1 10.0.0
2024-12-05 08:13:18,413 [INFO] ThirdParty:1030 - CMSIS Pack Vendor :STMicroelectronics X-CUBE-TOUCHGFX 4.24.0
2024-12-05 08:13:18,413 [INFO] ThirdParty:1030 - CMSIS Pack Vendor :ITTIA_DB I-CUBE-ITTIADB 8.9.0
2024-12-05 08:13:18,413 [INFO] ThirdParty:1030 - CMSIS Pack Vendor :STMicroelectronics X-CUBE-AZRTOS-WL 1.0.0
2024-12-05 08:13:18,413 [INFO] ThirdParty:1030 - CMSIS Pack Vendor :STMicroelectronics X-CUBE-TOUCHGFX 4.24.1
2024-12-05 08:13:18,413 [INFO] ThirdParty:1030 - CMSIS Pack Vendor :portGmbH I-Cube-SoM-uGOAL 1.1.0
2024-12-05 08:13:18,413 [INFO] ThirdParty:1030 - CMSIS Pack Vendor :STMicroelectronics X-CUBE-ALS 1.0.1
2024-12-05 08:13:18,413 [INFO] ThirdParty:1030 - CMSIS Pack Vendor :STMicroelectronics X-CUBE-MEMS1 9.5.0
2024-12-05 08:13:18,413 [INFO] ThirdParty:1030 - CMSIS Pack Vendor :STMicroelectronics ThreadX 1.0.0
2024-12-05 08:13:18,413 [INFO] ThirdParty:1030 - CMSIS Pack Vendor :STMicroelectronics X-CUBE-AZRTOS-WB 1.1.0
2024-12-05 08:13:18,413 [INFO] ThirdParty:1030 - CMSIS Pack Vendor :SEGGER I-CUBE-embOS 1.3.1
2024-12-05 08:13:18,414 [INFO] ThirdParty:1030 - CMSIS Pack Vendor :STMicroelectronics X-CUBE-ALGOBUILD 1.4.0
2024-12-05 08:13:18,414 [INFO] ThirdParty:1030 - CMSIS Pack Vendor :SEGGER I-CUBE-embOS 1.3.0
2024-12-05 08:13:18,414 [INFO] ThirdParty:1030 - CMSIS Pack Vendor :STMicroelectronics X-CUBE-AZRTOS-H7RS 1.0.0
2024-12-05 08:13:18,414 [INFO] ThirdParty:1030 - CMSIS Pack Vendor :STMicroelectronics FP-ATR-ASTRA1 2.0.0
2024-12-05 08:13:18,414 [INFO] ThirdParty:1030 - CMSIS Pack Vendor :STMicroelectronics X-CUBE-TOF1 3.4.2
2024-12-05 08:13:18,414 [INFO] ThirdParty:1030 - CMSIS Pack Vendor :STMicroelectronics X-CUBE-AI 9.1.0
2024-12-05 08:13:18,414 [INFO] ThirdParty:1030 - CMSIS Pack Vendor :STMicroelectronics X-CUBE-AZRTOS-H7 3.2.0
2024-12-05 08:13:18,420 [INFO] ThirdParty:1030 - CMSIS Pack Vendor :Infineon AIROC-Wi-Fi-Bluetooth-STM32 1.6.0
2024-12-05 08:13:18,421 [INFO] ThirdParty:1030 - CMSIS Pack Vendor :wolfSSL I-CUBE-wolfSSH 1.4.17
2024-12-05 08:13:18,422 [INFO] ThirdParty:841 - exiting critical section [change project]
2024-12-05 08:13:19,463 [INFO] PinOutPanel:1589 - setPackage(No Configuration,No Configuration)
2024-12-05 08:13:19,468 [INFO] PinOutPanel:1589 - setPackage(STM32F401RCTx,LQFP64)
2024-12-05 08:13:20,412 [INFO] UtilMem:75 - Before build in PCC Used Memory: 533528120 Bytes (623902720)
2024-12-05 08:13:22,174 [INFO] UtilMem:75 - After build in PCC Used Memory: 433586176 Bytes (623902720)
2024-12-05 08:13:22,273 [INFO] IPUIPlugin:80 - create IPUIPlugin
2024-12-05 08:13:22,273 [INFO] IPUIPlugin:80 - create IPUIPlugin
2024-12-05 08:13:22,274 [INFO] IPUIPlugin:80 - create IPUIPlugin
2024-12-05 08:13:22,274 [INFO] IPUIPlugin:80 - create IPUIPlugin
2024-12-05 08:13:22,274 [INFO] IPUIPlugin:80 - create IPUIPlugin
2024-12-05 08:13:22,278 [INFO] IPUIPlugin:80 - create IPUIPlugin
2024-12-05 08:13:22,278 [INFO] IPUIPlugin:80 - create IPUIPlugin
2024-12-05 08:13:22,278 [INFO] IPUIPlugin:80 - create IPUIPlugin
2024-12-05 08:13:22,279 [INFO] IPUIPlugin:80 - create IPUIPlugin
2024-12-05 08:13:22,280 [INFO] IPUIPlugin:80 - create IPUIPlugin
2024-12-05 08:13:22,283 [INFO] IPUIPlugin:80 - create IPUIPlugin
2024-12-05 08:13:22,283 [INFO] IPUIPlugin:80 - create IPUIPlugin
2024-12-05 08:13:22,284 [INFO] IPUIPlugin:80 - create IPUIPlugin
2024-12-05 08:13:22,285 [INFO] IPUIPlugin:80 - create IPUIPlugin
2024-12-05 08:13:22,285 [INFO] IPUIPlugin:80 - create IPUIPlugin
2024-12-05 08:13:22,285 [INFO] IPUIPlugin:80 - create IPUIPlugin
2024-12-05 08:13:22,289 [INFO] IPUIPlugin:80 - create IPUIPlugin
2024-12-05 08:13:22,289 [INFO] IPUIPlugin:80 - create IPUIPlugin
2024-12-05 08:13:22,290 [INFO] IPUIPlugin:80 - create IPUIPlugin
2024-12-05 08:13:22,291 [INFO] IPUIPlugin:80 - create IPUIPlugin
2024-12-05 08:13:22,291 [INFO] IPUIPlugin:80 - create IPUIPlugin
2024-12-05 08:13:22,297 [INFO] IPUIPlugin:80 - create IPUIPlugin
2024-12-05 08:13:22,297 [INFO] IPUIPlugin:80 - create IPUIPlugin
2024-12-05 08:13:22,298 [INFO] IPUIPlugin:80 - create IPUIPlugin
2024-12-05 08:13:22,298 [INFO] IPUIPlugin:80 - create IPUIPlugin
2024-12-05 08:13:22,299 [INFO] IPUIPlugin:80 - create IPUIPlugin
2024-12-05 08:13:22,299 [INFO] IPUIPlugin:80 - create IPUIPlugin
2024-12-05 08:13:22,302 [INFO] IPUIPlugin:80 - create IPUIPlugin
2024-12-05 08:13:22,302 [INFO] IPUIPlugin:80 - create IPUIPlugin
2024-12-05 08:13:22,303 [INFO] IPUIPlugin:80 - create IPUIPlugin
2024-12-05 08:13:22,303 [INFO] IPUIPlugin:80 - create IPUIPlugin
2024-12-05 08:13:22,304 [INFO] IPUIPlugin:80 - create IPUIPlugin
2024-12-05 08:13:22,304 [INFO] IPUIPlugin:80 - create IPUIPlugin
2024-12-05 08:13:22,304 [INFO] IPUIPlugin:80 - create IPUIPlugin
2024-12-05 08:13:22,307 [INFO] IPUIPlugin:80 - create IPUIPlugin
2024-12-05 08:13:22,307 [INFO] IPUIPlugin:80 - create IPUIPlugin
2024-12-05 08:13:22,308 [INFO] IPUIPlugin:80 - create IPUIPlugin
2024-12-05 08:13:22,308 [INFO] IPUIPlugin:80 - create IPUIPlugin
2024-12-05 08:13:22,349 [INFO] ApiDbMcu:508 - Load IP Config File for PDM2PCM
2024-12-05 08:13:22,744 [INFO] CADModel:165 - CPN selected for project levelSTM32F401RCT6TR
2024-12-05 08:13:22,745 [INFO] CADModel:114 - Register for checkConnection events
2024-12-05 08:13:22,841 [INFO] OpenFileManager:363 - Restore cursor
2024-12-05 08:14:15,616 [INFO] MainUpdater:2872 - connection check result : 10
2024-12-05 08:14:15,622 [INFO] MainUpdater:2872 - connection check result : 10
2024-12-05 08:14:15,957 [INFO] MicroXplorer:468 - Change Database Path : 
2024-12-05 08:14:15,958 [INFO] MicroXplorer:498 - Change Database Version : DB.6.0.130
2024-12-05 08:14:16,008 [ERROR] ProjectManagerView:394 - 
java.lang.NullPointerException: Cannot invoke "javax.swing.JTextField.getText()" because the return value of "java.util.List.get(int)" is null
	at com.st.microxplorer.plugins.projectmanager.gui.ProjectChoiceTab$9.caretUpdate(ProjectChoiceTab.java:2616) ~[filemanager.jar:?]
	at javax.swing.text.JTextComponent.fireCaretUpdate(JTextComponent.java:408) ~[?:?]
	at javax.swing.text.JTextComponent$MutableCaretEvent.fire(JTextComponent.java:4484) ~[?:?]
	at javax.swing.text.JTextComponent$MutableCaretEvent.stateChanged(JTextComponent.java:4506) ~[?:?]
	at javax.swing.text.DefaultCaret.fireStateChanged(DefaultCaret.java:857) ~[?:?]
	at javax.swing.text.DefaultCaret.changeCaretPosition(DefaultCaret.java:1343) ~[?:?]
	at javax.swing.text.DefaultCaret.handleSetDot(DefaultCaret.java:1242) ~[?:?]
	at javax.swing.text.DefaultCaret.setDot(DefaultCaret.java:1223) ~[?:?]
	at javax.swing.text.DefaultCaret$Handler.insertUpdate(DefaultCaret.java:1819) ~[?:?]
	at javax.swing.text.AbstractDocument.fireInsertUpdate(AbstractDocument.java:227) ~[?:?]
	at javax.swing.text.AbstractDocument.handleInsertString(AbstractDocument.java:781) ~[?:?]
	at javax.swing.text.AbstractDocument.insertString(AbstractDocument.java:740) ~[?:?]
	at javax.swing.text.PlainDocument.insertString(PlainDocument.java:131) ~[?:?]
	at javax.swing.text.AbstractDocument.replace(AbstractDocument.java:699) ~[?:?]
	at javax.swing.text.JTextComponent.setText(JTextComponent.java:1725) ~[?:?]
	at com.st.microxplorer.plugins.projectmanager.gui.ProjectChoiceTab.createHeapStackFields(ProjectChoiceTab.java:975) ~[filemanager.jar:?]
	at com.st.microxplorer.plugins.projectmanager.gui.ProjectChoiceTab.buildLinkSettingsPanel(ProjectChoiceTab.java:3666) ~[filemanager.jar:?]
	at com.st.microxplorer.plugins.projectmanager.gui.ProjectChoiceTab.defineWindowsFields(ProjectChoiceTab.java:1934) ~[filemanager.jar:?]
	at com.st.microxplorer.plugins.projectmanager.gui.ProjectChoiceTab.updateSettings(ProjectChoiceTab.java:553) ~[filemanager.jar:?]
	at com.st.microxplorer.plugins.projectmanager.gui.ProjectSettingsPanel.UpdateDialog(ProjectSettingsPanel.java:245) ~[filemanager.jar:?]
	at com.st.microxplorer.plugins.projectmanager.ProjectManagerView.propertyChange(ProjectManagerView.java:391) ~[filemanager.jar:?]
	at java.beans.PropertyChangeSupport.fire(PropertyChangeSupport.java:343) ~[?:?]
	at java.beans.PropertyChangeSupport.firePropertyChange(PropertyChangeSupport.java:335) ~[?:?]
	at java.beans.PropertyChangeSupport.firePropertyChange(PropertyChangeSupport.java:268) ~[?:?]
	at com.st.microxplorer.util.MXPropertyChangeSupport.firePropertyChange(MXPropertyChangeSupport.java:54) ~[STM32CubeMX.jar:?]
	at com.st.microxplorer.mxsystem.MxSystem.closeConfig(MxSystem.java:899) ~[STM32CubeMX.jar:?]
	at com.st.microxplorer.maingui.MainPanel.closeConfig(MainPanel.java:789) ~[STM32CubeMX.jar:?]
	at com.st.microxplorer.plugins.filemanager.engine.OpenFileManager.loadConfigurationFile(OpenFileManager.java:265) ~[filemanager.jar:?]
	at com.st.microxplorer.plugins.filemanager.engine.MainFileManager.userLoadConfig(MainFileManager.java:340) ~[filemanager.jar:?]
	at com.st.microxplorer.plugins.filemanager.engine.MainFileManager.userLoadConfig(MainFileManager.java:318) ~[filemanager.jar:?]
	at com.st.microxplorer.plugins.filemanager.FileManagerView.getSpecificTask(FileManagerView.java:246) ~[filemanager.jar:?]
	at com.st.stm32cube.common.mx.editor.CubeMxEditor.getMxTabbedPaneInstance(CubeMxEditor.java:1198) ~[com.st.stm32cube.common.mx_6.13.0.202411220809/:?]
	at com.st.stm32cube.common.mx.editor.CubeMxEditor$12$1.createSwingComponent(CubeMxEditor.java:1068) ~[com.st.stm32cube.common.mx_6.13.0.202411220809/:?]
	at com.st.stm32cube.common.mx.oss.core.awtswtbridge.EmbeddedSwingComposite.doComponentCreation(EmbeddedSwingComposite.java:492) ~[com.st.stm32cube.common.mx.oss_6.13.0.202411220809/:?]
	at com.st.stm32cube.common.mx.oss.core.awtswtbridge.EmbeddedSwingComposite$4.run(EmbeddedSwingComposite.java:291) ~[com.st.stm32cube.common.mx.oss_6.13.0.202411220809/:?]
	at com.st.stm32cube.common.mx.oss.core.awtswtbridge.AwtEnvironment$2.run(AwtEnvironment.java:166) ~[com.st.stm32cube.common.mx.oss_6.13.0.202411220809/:?]
	at java.awt.event.InvocationEvent.dispatch(InvocationEvent.java:318) ~[?:?]
	at java.awt.EventQueue.dispatchEventImpl(EventQueue.java:773) ~[?:?]
	at java.awt.EventQueue$4.run(EventQueue.java:720) ~[?:?]
	at java.awt.EventQueue$4.run(EventQueue.java:714) ~[?:?]
	at java.security.AccessController.doPrivileged(AccessController.java:400) ~[?:?]
	at java.security.ProtectionDomain$JavaSecurityAccessImpl.doIntersectionPrivilege(ProtectionDomain.java:87) ~[?:?]
	at java.awt.EventQueue.dispatchEvent(EventQueue.java:742) ~[?:?]
	at java.awt.EventDispatchThread.pumpOneEventForFilters(EventDispatchThread.java:203) ~[?:?]
	at java.awt.EventDispatchThread.pumpEventsForFilter(EventDispatchThread.java:124) ~[?:?]
	at java.awt.EventDispatchThread.pumpEventsForHierarchy(EventDispatchThread.java:113) ~[?:?]
	at java.awt.EventDispatchThread.pumpEvents(EventDispatchThread.java:109) ~[?:?]
	at java.awt.EventDispatchThread.pumpEvents(EventDispatchThread.java:101) ~[?:?]
	at java.awt.EventDispatchThread.run(EventDispatchThread.java:90) ~[?:?]
2024-12-05 08:14:16,016 [WARN] ThirdParty:871 - waiting for thirdparty lock release [close project]
2024-12-05 08:14:16,017 [INFO] ThirdParty:873 - entering critical section [close project]
2024-12-05 08:14:16,017 [INFO] ThirdParty:883 - exiting critical section [close project]
2024-12-05 08:14:16,019 [INFO] PinOutPanel:1589 - setPackage(No Configuration,No Configuration)
2024-12-05 08:14:16,084 [WARN] IpParametersView:154 - Warning: This peripheral hasn't parameters
2024-12-05 08:14:16,133 [WARN] MainPanel:289 - <html><b><center>Warning: This peripheral has no parameters to be configured<br></b></html>
2024-12-05 08:14:16,153 [ERROR] MainPanel:599 - java.lang.IndexOutOfBoundsException: Index: 0, Tab count: 0
2024-12-05 08:14:16,180 [INFO] UtilMem:75 - Begin LoadConfig() Used Memory: 1038222208 Bytes (1073741824)
2024-12-05 08:14:16,188 [INFO] MicroXplorer:468 - Change Database Path : /home/cotti/.stm32cubemx/databases/DB.6.0.120/db/
2024-12-05 08:14:16,188 [INFO] MicroXplorer:498 - Change Database Version : DB.6.0.120
2024-12-05 08:14:17,817 [INFO] OpenFileManager:332 - Change cursor
2024-12-05 08:14:17,840 [INFO] Mcu:2035 - Initializing MCU STM32F401R(B-C)Tx STM32F401RCTx STM32F401RCT6TR
2024-12-05 08:14:19,454 [INFO] Context:748 - Trying to add GPIOservice into a context  which must be forbidden
2024-12-05 08:14:19,987 [INFO] RtosManager:555 - Registered RTOS mode: class=CMSIS, group=RTOS, mode=CMSIS_V1, owner=FREERTOS
2024-12-05 08:14:19,988 [INFO] RtosManager:555 - Registered RTOS mode: class=CMSIS, group=RTOS2, mode=CMSIS_V2, owner=FREERTOS
2024-12-05 08:14:19,988 [INFO] RtosManager:555 - Registered RTOS mode: class=RTOS, group=Core, mode=CMSIS_V1, owner=FREERTOS
2024-12-05 08:14:19,988 [INFO] RtosManager:555 - Registered RTOS mode: class=RTOS, group=Core, mode=CMSIS_V2, owner=FREERTOS
2024-12-05 08:14:19,988 [WARN] ModelIntegratedComponent:184 - Missing modes for component STMicroelectronics:FreeRTOS:0.0.1:STMicroelectronics:RTOS:FreeRTOS:Core:::10.2.0:
2024-12-05 08:14:19,991 [WARN] ModelIntegratedComponent:63 - No mode defined for component null
2024-12-05 08:14:19,991 [WARN] ModelIntegratedComponent:63 - No mode defined for component null
2024-12-05 08:14:19,991 [WARN] ModelIntegratedComponent:63 - No mode defined for component null
2024-12-05 08:14:19,992 [WARN] ModelIntegratedComponent:63 - No mode defined for component null
2024-12-05 08:14:19,992 [WARN] ModelIntegratedComponent:63 - No mode defined for component null
2024-12-05 08:14:19,992 [WARN] ModelIntegratedComponent:63 - No mode defined for component null
2024-12-05 08:14:19,992 [WARN] ModelIntegratedComponent:63 - No mode defined for component null
2024-12-05 08:14:19,992 [WARN] ModelIntegratedComponent:63 - No mode defined for component null
2024-12-05 08:14:19,992 [WARN] ModelIntegratedComponent:63 - No mode defined for component null
2024-12-05 08:14:19,992 [WARN] ModelIntegratedComponent:63 - No mode defined for component null
2024-12-05 08:14:19,992 [WARN] ModelIntegratedComponent:63 - No mode defined for component null
2024-12-05 08:14:19,992 [WARN] ModelIntegratedComponent:63 - No mode defined for component null
2024-12-05 08:14:19,992 [WARN] ModelIntegratedComponent:63 - No mode defined for component null
2024-12-05 08:14:19,992 [WARN] ModelIntegratedComponent:63 - No mode defined for component null
2024-12-05 08:14:19,992 [WARN] ModelIntegratedComponent:63 - No mode defined for component null
2024-12-05 08:14:19,992 [WARN] ModelIntegratedComponent:63 - No mode defined for component null
2024-12-05 08:14:19,992 [WARN] ModelIntegratedComponent:63 - No mode defined for component null
2024-12-05 08:14:19,992 [WARN] ModelIntegratedComponent:63 - No mode defined for component null
2024-12-05 08:14:19,993 [WARN] ModelIntegratedComponent:63 - No mode defined for component null
2024-12-05 08:14:19,993 [WARN] ModelIntegratedComponent:63 - No mode defined for component null
2024-12-05 08:14:19,993 [WARN] ModelIntegratedComponent:63 - No mode defined for component null
2024-12-05 08:14:19,993 [WARN] ModelIntegratedComponent:63 - No mode defined for component null
2024-12-05 08:14:19,993 [WARN] ModelIntegratedComponent:63 - No mode defined for component null
2024-12-05 08:14:19,993 [WARN] ModelIntegratedComponent:63 - No mode defined for component null
2024-12-05 08:14:19,993 [WARN] ModelIntegratedComponent:63 - No mode defined for component null
2024-12-05 08:14:19,993 [WARN] ModelIntegratedComponent:63 - No mode defined for component null
2024-12-05 08:14:19,993 [WARN] ModelIntegratedComponent:63 - No mode defined for component null
2024-12-05 08:14:19,993 [WARN] ModelIntegratedComponent:63 - No mode defined for component null
2024-12-05 08:14:19,993 [WARN] ModelIntegratedComponent:63 - No mode defined for component null
2024-12-05 08:14:19,994 [WARN] ModelIntegratedComponent:63 - No mode defined for component null
2024-12-05 08:14:19,994 [WARN] ModelIntegratedComponent:63 - No mode defined for component null
2024-12-05 08:14:19,994 [WARN] ModelIntegratedComponent:63 - No mode defined for component null
2024-12-05 08:14:19,994 [WARN] ModelIntegratedComponent:63 - No mode defined for component null
2024-12-05 08:14:19,994 [WARN] ModelIntegratedComponent:63 - No mode defined for component null
2024-12-05 08:14:19,994 [WARN] ModelIntegratedComponent:63 - No mode defined for component null
2024-12-05 08:14:19,994 [WARN] ModelPack:524 - Component already loaded: STMicroelectronics:HAL Drivers:0.0.0:STMicroelectronics:Device:STMicro_Driver:XSPI:HAL::0.0.1:HAL_XSPI
2024-12-05 08:14:19,999 [WARN] ModelIntegratedComponent:182 - Modes not found for component STMicroelectronics:USB_DEVICE:1.0.0:STMicroelectronics:USB::USB Device:Audio HS::1.0:USB_DEVICE_1_0_RESTRICTED_HS
2024-12-05 08:14:19,999 [WARN] ModelIntegratedComponent:188 - Modes not found for component STMicroelectronics:USB_DEVICE:1.0.0:STMicroelectronics:USB::USB Device:Audio HS::1.0:USB_DEVICE_1_0_RESTRICTED_HS
2024-12-05 08:14:19,999 [WARN] ModelIntegratedComponent:182 - Modes not found for component STMicroelectronics:USB_DEVICE:1.0.0:STMicroelectronics:USB::USB Device:CDC HS::1.0:USB_DEVICE_1_0_RESTRICTED_HS
2024-12-05 08:14:19,999 [WARN] ModelIntegratedComponent:188 - Modes not found for component STMicroelectronics:USB_DEVICE:1.0.0:STMicroelectronics:USB::USB Device:CDC HS::1.0:USB_DEVICE_1_0_RESTRICTED_HS
2024-12-05 08:14:19,999 [WARN] ModelIntegratedComponent:182 - Modes not found for component STMicroelectronics:USB_DEVICE:1.0.0:STMicroelectronics:USB::USB Device:DFU HS::1.0:USB_DEVICE_1_0_RESTRICTED_HS
2024-12-05 08:14:19,999 [WARN] ModelIntegratedComponent:188 - Modes not found for component STMicroelectronics:USB_DEVICE:1.0.0:STMicroelectronics:USB::USB Device:DFU HS::1.0:USB_DEVICE_1_0_RESTRICTED_HS
2024-12-05 08:14:19,999 [WARN] ModelIntegratedComponent:182 - Modes not found for component STMicroelectronics:USB_DEVICE:1.0.0:STMicroelectronics:USB::USB Device:HID HS::1.0:USB_DEVICE_1_0_RESTRICTED_HS
2024-12-05 08:14:19,999 [WARN] ModelIntegratedComponent:188 - Modes not found for component STMicroelectronics:USB_DEVICE:1.0.0:STMicroelectronics:USB::USB Device:HID HS::1.0:USB_DEVICE_1_0_RESTRICTED_HS
2024-12-05 08:14:20,000 [WARN] ModelIntegratedComponent:182 - Modes not found for component STMicroelectronics:USB_DEVICE:1.0.0:STMicroelectronics:USB::USB Device:Custom HID HS::1.0:USB_DEVICE_1_0_RESTRICTED_HS
2024-12-05 08:14:20,000 [WARN] ModelIntegratedComponent:188 - Modes not found for component STMicroelectronics:USB_DEVICE:1.0.0:STMicroelectronics:USB::USB Device:Custom HID HS::1.0:USB_DEVICE_1_0_RESTRICTED_HS
2024-12-05 08:14:20,000 [WARN] ModelIntegratedComponent:182 - Modes not found for component STMicroelectronics:USB_DEVICE:1.0.0:STMicroelectronics:USB::USB Device:MSC HS::1.0:USB_DEVICE_1_0_RESTRICTED_HS
2024-12-05 08:14:20,000 [WARN] ModelIntegratedComponent:188 - Modes not found for component STMicroelectronics:USB_DEVICE:1.0.0:STMicroelectronics:USB::USB Device:MSC HS::1.0:USB_DEVICE_1_0_RESTRICTED_HS
2024-12-05 08:14:20,121 [WARN] ModelIntegratedComponent:182 - Modes not found for component STMicroelectronics:USB_HOST:1.0.0:STMicroelectronics:USB::USB Host:Audio HS::1.0:USB_HOST_1_0_RESTRICTED_HS
2024-12-05 08:14:20,121 [WARN] ModelIntegratedComponent:188 - Modes not found for component STMicroelectronics:USB_HOST:1.0.0:STMicroelectronics:USB::USB Host:Audio HS::1.0:USB_HOST_1_0_RESTRICTED_HS
2024-12-05 08:14:20,121 [WARN] ModelIntegratedComponent:182 - Modes not found for component STMicroelectronics:USB_HOST:1.0.0:STMicroelectronics:USB::USB Host:CDC HS::1.0:USB_HOST_1_0_RESTRICTED_HS
2024-12-05 08:14:20,121 [WARN] ModelIntegratedComponent:188 - Modes not found for component STMicroelectronics:USB_HOST:1.0.0:STMicroelectronics:USB::USB Host:CDC HS::1.0:USB_HOST_1_0_RESTRICTED_HS
2024-12-05 08:14:20,121 [WARN] ModelIntegratedComponent:182 - Modes not found for component STMicroelectronics:USB_HOST:1.0.0:STMicroelectronics:USB::USB Host:MSC HS::1.0:USB_HOST_1_0_RESTRICTED_HS
2024-12-05 08:14:20,122 [WARN] ModelIntegratedComponent:188 - Modes not found for component STMicroelectronics:USB_HOST:1.0.0:STMicroelectronics:USB::USB Host:MSC HS::1.0:USB_HOST_1_0_RESTRICTED_HS
2024-12-05 08:14:20,122 [WARN] ModelIntegratedComponent:182 - Modes not found for component STMicroelectronics:USB_HOST:1.0.0:STMicroelectronics:USB::USB Host:HID HS::1.0:USB_HOST_1_0_RESTRICTED_HS
2024-12-05 08:14:20,122 [WARN] ModelIntegratedComponent:188 - Modes not found for component STMicroelectronics:USB_HOST:1.0.0:STMicroelectronics:USB::USB Host:HID HS::1.0:USB_HOST_1_0_RESTRICTED_HS
2024-12-05 08:14:20,122 [WARN] ModelIntegratedComponent:182 - Modes not found for component STMicroelectronics:USB_HOST:1.0.0:STMicroelectronics:USB::USB Host:MTP HS::1.0:USB_HOST_1_0_RESTRICTED_HS
2024-12-05 08:14:20,122 [WARN] ModelIntegratedComponent:188 - Modes not found for component STMicroelectronics:USB_HOST:1.0.0:STMicroelectronics:USB::USB Host:MTP HS::1.0:USB_HOST_1_0_RESTRICTED_HS
2024-12-05 08:14:20,331 [INFO] ThirdPartyModel:298 - Start build external matchings
2024-12-05 08:14:22,592 [INFO] ThirdPartyModel:316 - End build external matchings
2024-12-05 08:14:22,630 [INFO] ImportTextPane:218 - (OptionalMessage_ERROR) IP (RCC) : Parameter (RTCHSEDivFreq_Value) has invalid value (4000000)
2024-12-05 08:14:22,888 [INFO] UtilMem:75 - End LoadConfig() Used Memory: 936026728 Bytes (1073741824)
2024-12-05 08:14:22,971 [WARN] ThirdParty:833 - waiting for thirdparty lock release [change project]
2024-12-05 08:14:22,971 [INFO] ThirdParty:835 - entering critical section [change project]
2024-12-05 08:14:22,971 [INFO] ThirdParty:1030 - CMSIS Pack Vendor :STMicroelectronics USBPD 4.1
2024-12-05 08:14:22,971 [INFO] ThirdParty:1030 - CMSIS Pack Vendor :STMicroelectronics X-CUBE-GNSS1 6.0.0
2024-12-05 08:14:22,973 [INFO] ThirdParty:1030 - CMSIS Pack Vendor :STMicroelectronics USB_HOST 2.0.0
2024-12-05 08:14:22,973 [INFO] ThirdParty:1030 - CMSIS Pack Vendor :STMicroelectronics FP-SNS-MOTENVWB1 1.4.0
2024-12-05 08:14:22,973 [INFO] ThirdParty:1030 - CMSIS Pack Vendor :STMicroelectronics X-CUBE-AZRTOS-F4 1.1.0
2024-12-05 08:14:22,973 [INFO] ThirdParty:1030 - CMSIS Pack Vendor :STMicroelectronics LIBJPEG 8.0.0
2024-12-05 08:14:22,973 [INFO] ThirdParty:1030 - CMSIS Pack Vendor :STMicroelectronics FP-ATR-ASTRA1 2.0.1
2024-12-05 08:14:22,973 [INFO] ThirdParty:1030 - CMSIS Pack Vendor :STMicroelectronics X-CUBE-SMBUS 2.1.0
2024-12-05 08:14:22,973 [INFO] ThirdParty:1030 - CMSIS Pack Vendor :STMicroelectronics X-CUBE-WB05N 1.1.0
2024-12-05 08:14:22,974 [INFO] ThirdParty:1030 - CMSIS Pack Vendor :STMicroelectronics X-CUBE-ISPU 2.1.0
2024-12-05 08:14:22,974 [INFO] ThirdParty:1030 - CMSIS Pack Vendor :STMicroelectronics X-CUBE-FREERTOS 1.2.0
2024-12-05 08:14:22,974 [INFO] ThirdParty:1030 - CMSIS Pack Vendor :STMicroelectronics X-CUBE-AZRTOS-F7 1.1.0
2024-12-05 08:14:22,974 [INFO] ThirdParty:1030 - CMSIS Pack Vendor :STMicroelectronics X-CUBE-AZRTOS-L5 2.0.0
2024-12-05 08:14:22,974 [INFO] ThirdParty:1030 - CMSIS Pack Vendor :STMicroelectronics USB_DEVICE 2.0.0
2024-12-05 08:14:22,974 [INFO] ThirdParty:1030 - CMSIS Pack Vendor :STMicroelectronics X-CUBE-NFC6 3.1.0
2024-12-05 08:14:22,974 [INFO] ThirdParty:1030 - CMSIS Pack Vendor :STMicroelectronics X-CUBE-MEMS1 11.0.0
2024-12-05 08:14:22,974 [INFO] ThirdParty:1030 - CMSIS Pack Vendor :STMicroelectronics X-CUBE-BLE1 6.2.4
2024-12-05 08:14:22,974 [INFO] ThirdParty:1030 - CMSIS Pack Vendor :STMicroelectronics FreeRTOS 0.0.1
2024-12-05 08:14:22,974 [INFO] ThirdParty:1030 - CMSIS Pack Vendor :emotas I-CUBE-CANOPEN 1.1.3
2024-12-05 08:14:22,974 [INFO] ThirdParty:1030 - CMSIS Pack Vendor :STMicroelectronics X-CUBE-DPower 1.2.0
2024-12-05 08:14:22,974 [INFO] ThirdParty:1030 - CMSIS Pack Vendor :STMicroelectronics FP-SNS-FLIGHT1 5.0.2
2024-12-05 08:14:22,974 [INFO] ThirdParty:1030 - CMSIS Pack Vendor :STMicroelectronics X-CUBE-NFC4 2.0.5
2024-12-05 08:14:22,974 [INFO] ThirdParty:1030 - CMSIS Pack Vendor :STMicroelectronics X-CUBE-AI 9.0.0
2024-12-05 08:14:22,974 [INFO] ThirdParty:1030 - CMSIS Pack Vendor :STMicroelectronics PDM2PCM 3.3.0
2024-12-05 08:14:22,975 [INFO] ThirdParty:1030 - CMSIS Pack Vendor :STMicroelectronics X-CUBE-DISPLAY 3.0.0
2024-12-05 08:14:22,975 [INFO] ThirdParty:1030 - CMSIS Pack Vendor :STMicroelectronics X-CUBE-BLE1 7.0.0
2024-12-05 08:14:22,975 [INFO] ThirdParty:1030 - CMSIS Pack Vendor :STMicroelectronics X-CUBE-NFC10 1.0.0
2024-12-05 08:14:22,977 [INFO] ThirdParty:1030 - CMSIS Pack Vendor :wolfSSL I-CUBE-wolfSSL 5.5.4
2024-12-05 08:14:22,978 [INFO] ThirdParty:1030 - CMSIS Pack Vendor :STMicroelectronics HAL Drivers 0.0.0
2024-12-05 08:14:22,978 [INFO] ThirdParty:1030 - CMSIS Pack Vendor :STMicroelectronics X-CUBE-NFC7 1.0.1
2024-12-05 08:14:22,978 [INFO] ThirdParty:1030 - CMSIS Pack Vendor :STMicroelectronics MBEDTLS 2.14.1
2024-12-05 08:14:22,978 [INFO] ThirdParty:1030 - CMSIS Pack Vendor :STMicroelectronics X-CUBE-NFC7 1.0.0
2024-12-05 08:14:22,980 [INFO] ThirdParty:1030 - CMSIS Pack Vendor :wolfSSL I-CUBE-wolfTPM 3.2.0
2024-12-05 08:14:22,980 [INFO] ThirdParty:1030 - CMSIS Pack Vendor :STMicroelectronics X-CUBE-EEPRMA1 4.1.0
2024-12-05 08:14:22,980 [INFO] ThirdParty:1030 - CMSIS Pack Vendor :STMicroelectronics X-CUBE-BLEMGR 3.1.0
2024-12-05 08:14:22,980 [INFO] ThirdParty:1030 - CMSIS Pack Vendor :STMicroelectronics FP-SNS-SMARTAG2 1.2.0
2024-12-05 08:14:22,980 [INFO] ThirdParty:1030 - CMSIS Pack Vendor :STMicroelectronics X-CUBE-AZRTOS-WL 2.0.0
2024-12-05 08:14:22,981 [INFO] ThirdParty:1030 - CMSIS Pack Vendor :STMicroelectronics FP-SNS-MOTENV1 5.0.0
2024-12-05 08:14:22,981 [INFO] ThirdParty:1030 - CMSIS Pack Vendor :STMicroelectronics USB_DEVICE 1.0.0
2024-12-05 08:14:22,981 [INFO] ThirdParty:1030 - CMSIS Pack Vendor :wolfSSL I-CUBE-wolfMQTT 1.19.0
2024-12-05 08:14:22,981 [INFO] ThirdParty:1030 - CMSIS Pack Vendor :STMicroelectronics X-CUBE-AZRTOS-L4 2.0.0
2024-12-05 08:14:22,981 [INFO] ThirdParty:1030 - CMSIS Pack Vendor :STMicroelectronics ThreadX 0.0.2
2024-12-05 08:14:22,981 [INFO] ThirdParty:1030 - CMSIS Pack Vendor :WES I-CUBE-Cesium 1.3.0
2024-12-05 08:14:22,981 [INFO] ThirdParty:1030 - CMSIS Pack Vendor :STMicroelectronics lwIP 2.1.2
2024-12-05 08:14:22,981 [INFO] ThirdParty:1030 - CMSIS Pack Vendor :STMicroelectronics X-CUBE-SFXS2LP1 4.0.0
2024-12-05 08:14:22,981 [INFO] ThirdParty:1030 - CMSIS Pack Vendor :STMicroelectronics X-CUBE-BLE2 3.3.0
2024-12-05 08:14:22,981 [INFO] ThirdParty:1030 - CMSIS Pack Vendor :STMicroelectronics X-CUBE-DISPLAY 2.2.0
2024-12-05 08:14:22,981 [INFO] ThirdParty:1030 - CMSIS Pack Vendor :STMicroelectronics X-CUBE-TOF1 3.2.0
2024-12-05 08:14:22,981 [INFO] ThirdParty:1030 - CMSIS Pack Vendor :STMicroelectronics PDM2PCM 3.2.0
2024-12-05 08:14:22,981 [INFO] ThirdParty:1030 - CMSIS Pack Vendor :STMicroelectronics X-CUBE-AZRTOS-H7 3.0.0
2024-12-05 08:14:22,985 [INFO] ThirdParty:1030 - CMSIS Pack Vendor :STMicroelectronics X-CUBE-ISPU 1.1.0
2024-12-05 08:14:22,985 [INFO] ThirdParty:1030 - CMSIS Pack Vendor :STMicroelectronics X-CUBE-AZRTOS-H7 3.3.0
2024-12-05 08:14:22,985 [INFO] ThirdParty:1030 - CMSIS Pack Vendor :RoweBots I-CUBE-UNISONRTOS 5.5.0-4
2024-12-05 08:14:22,985 [INFO] ThirdParty:1030 - CMSIS Pack Vendor :STMicroelectronics X-CUBE-NFC9 1.0.0
2024-12-05 08:14:22,985 [INFO] ThirdParty:1030 - CMSIS Pack Vendor :STMicroelectronics USB_DEVICE 3.0.0
2024-12-05 08:14:22,985 [INFO] ThirdParty:1030 - CMSIS Pack Vendor :STMicroelectronics X-CUBE-TCPP 4.1.0
2024-12-05 08:14:22,985 [INFO] ThirdParty:1030 - CMSIS Pack Vendor :STMicroelectronics X-CUBE-AI 8.0.0
2024-12-05 08:14:22,986 [INFO] ThirdParty:1030 - CMSIS Pack Vendor :STMicroelectronics X-CUBE-IPS 3.0.0
2024-12-05 08:14:22,986 [INFO] ThirdParty:1030 - CMSIS Pack Vendor :STMicroelectronics X-CUBE-AZRTOS-WB 2.0.0
2024-12-05 08:14:22,986 [INFO] ThirdParty:1030 - CMSIS Pack Vendor :STMicroelectronics X-CUBE-TOUCHGFX 4.21.1
2024-12-05 08:14:22,986 [INFO] ThirdParty:1030 - CMSIS Pack Vendor :STMicroelectronics X-CUBE-GNSS1 7.0.0
2024-12-05 08:14:22,986 [INFO] ThirdParty:1030 - CMSIS Pack Vendor :STMicroelectronics X-CUBE-TOUCHGFX 4.21.0
2024-12-05 08:14:22,986 [INFO] ThirdParty:1030 - CMSIS Pack Vendor :STMicroelectronics X-CUBE-MEMS1 9.4.0
2024-12-05 08:14:22,986 [INFO] ThirdParty:1030 - CMSIS Pack Vendor :STMicroelectronics X-CUBE-AI 7.3.0
2024-12-05 08:14:22,986 [INFO] ThirdParty:1030 - CMSIS Pack Vendor :STMicroelectronics FP-SNS-STBOX1 2.0.0
2024-12-05 08:14:22,986 [INFO] ThirdParty:1030 - CMSIS Pack Vendor :STMicroelectronics X-CUBE-ALGOBUILD 1.3.0
2024-12-05 08:14:22,986 [INFO] ThirdParty:1030 - CMSIS Pack Vendor :STMicroelectronics X-CUBE-AZRTOS-L5 1.1.0
2024-12-05 08:14:22,986 [INFO] ThirdParty:1030 - CMSIS Pack Vendor :STMicroelectronics X-CUBE-AZRTOS-G0 1.1.0
2024-12-05 08:14:22,986 [INFO] ThirdParty:1030 - CMSIS Pack Vendor :STMicroelectronics X-CUBE-SAFEA1 1.2.2
2024-12-05 08:14:22,986 [INFO] ThirdParty:1030 - CMSIS Pack Vendor :STMicroelectronics X-CUBE-NFC4 3.0.0
2024-12-05 08:14:22,987 [INFO] ThirdParty:1030 - CMSIS Pack Vendor :STMicroelectronics X-CUBE-SUBG2 5.0.0
2024-12-05 08:14:22,987 [INFO] ThirdParty:1030 - CMSIS Pack Vendor :STMicroelectronics STM32_WPAN 1.0.0
2024-12-05 08:14:22,987 [INFO] ThirdParty:1030 - CMSIS Pack Vendor :EmbeddedOffice I-CUBE-FS-RTOS 1.0.1
2024-12-05 08:14:22,987 [INFO] ThirdParty:1030 - CMSIS Pack Vendor :STMicroelectronics lwIP 2.0.3
2024-12-05 08:14:22,988 [INFO] ThirdParty:1030 - CMSIS Pack Vendor :Cesanta I-CUBE-Mongoose 7.13.0
2024-12-05 08:14:22,989 [INFO] ThirdParty:1030 - CMSIS Pack Vendor :STMicroelectronics USB_HOST 1.0.0
2024-12-05 08:14:22,989 [INFO] ThirdParty:1030 - CMSIS Pack Vendor :STMicroelectronics X-CUBE-AZRTOS-G4 2.0.0
2024-12-05 08:14:22,989 [INFO] ThirdParty:1030 - CMSIS Pack Vendor :STMicroelectronics PDM2PCM 3.1.0
2024-12-05 08:14:22,990 [INFO] ThirdParty:1030 - CMSIS Pack Vendor :STMicroelectronics FP-ATR-ASTRA1 1.1.1
2024-12-05 08:14:22,990 [INFO] ThirdParty:1030 - CMSIS Pack Vendor :STMicroelectronics X-CUBE-BLEMGR 1.3.0
2024-12-05 08:14:22,990 [INFO] ThirdParty:1030 - CMSIS Pack Vendor :RealThread X-CUBE-RT-Thread_Nano 4.1.1
2024-12-05 08:14:22,990 [INFO] ThirdParty:1030 - CMSIS Pack Vendor :STMicroelectronics FP-ATR-SIGFOX1 3.2.0
2024-12-05 08:14:22,990 [INFO] ThirdParty:1030 - CMSIS Pack Vendor :STMicroelectronics X-CUBE-AZRTOS-G4 1.0.0
2024-12-05 08:14:22,990 [INFO] ThirdParty:1030 - CMSIS Pack Vendor :STMicroelectronics X-CUBE-AZRTOS-L4 1.0.0
2024-12-05 08:14:22,990 [INFO] ThirdParty:1030 - CMSIS Pack Vendor :quantropi X-CUBE-qispace-sdk-base 1.9.3
2024-12-05 08:14:22,990 [INFO] ThirdParty:1030 - CMSIS Pack Vendor :STMicroelectronics X-CUBE-ISPU 2.0.0
2024-12-05 08:14:22,990 [INFO] ThirdParty:1030 - CMSIS Pack Vendor :STMicroelectronics X-CUBE-EEPRMA1 5.1.0
2024-12-05 08:14:22,990 [INFO] ThirdParty:1030 - CMSIS Pack Vendor :STMicroelectronics MBEDTLS 2.16.2
2024-12-05 08:14:22,990 [INFO] ThirdParty:1030 - CMSIS Pack Vendor :STMicroelectronics X-CUBE-ALS 1.0.2
2024-12-05 08:14:22,991 [INFO] ThirdParty:1030 - CMSIS Pack Vendor :STMicroelectronics X-CUBE-MEMS1 10.0.0
2024-12-05 08:14:22,991 [INFO] ThirdParty:1030 - CMSIS Pack Vendor :STMicroelectronics X-CUBE-TOUCHGFX 4.24.0
2024-12-05 08:14:22,991 [INFO] ThirdParty:1030 - CMSIS Pack Vendor :ITTIA_DB I-CUBE-ITTIADB 8.9.0
2024-12-05 08:14:22,991 [INFO] ThirdParty:1030 - CMSIS Pack Vendor :STMicroelectronics X-CUBE-AZRTOS-WL 1.0.0
2024-12-05 08:14:22,991 [INFO] ThirdParty:1030 - CMSIS Pack Vendor :STMicroelectronics X-CUBE-TOUCHGFX 4.24.1
2024-12-05 08:14:22,991 [INFO] ThirdParty:1030 - CMSIS Pack Vendor :portGmbH I-Cube-SoM-uGOAL 1.1.0
2024-12-05 08:14:22,991 [INFO] ThirdParty:1030 - CMSIS Pack Vendor :STMicroelectronics X-CUBE-ALS 1.0.1
2024-12-05 08:14:22,991 [INFO] ThirdParty:1030 - CMSIS Pack Vendor :STMicroelectronics X-CUBE-MEMS1 9.5.0
2024-12-05 08:14:22,991 [INFO] ThirdParty:1030 - CMSIS Pack Vendor :STMicroelectronics ThreadX 1.0.0
2024-12-05 08:14:22,991 [INFO] ThirdParty:1030 - CMSIS Pack Vendor :STMicroelectronics X-CUBE-AZRTOS-WB 1.1.0
2024-12-05 08:14:22,991 [INFO] ThirdParty:1030 - CMSIS Pack Vendor :SEGGER I-CUBE-embOS 1.3.1
2024-12-05 08:14:22,991 [INFO] ThirdParty:1030 - CMSIS Pack Vendor :STMicroelectronics X-CUBE-ALGOBUILD 1.4.0
2024-12-05 08:14:22,991 [INFO] ThirdParty:1030 - CMSIS Pack Vendor :SEGGER I-CUBE-embOS 1.3.0
2024-12-05 08:14:22,991 [INFO] ThirdParty:1030 - CMSIS Pack Vendor :STMicroelectronics X-CUBE-AZRTOS-H7RS 1.0.0
2024-12-05 08:14:22,991 [INFO] ThirdParty:1030 - CMSIS Pack Vendor :STMicroelectronics FP-ATR-ASTRA1 2.0.0
2024-12-05 08:14:22,992 [INFO] ThirdParty:1030 - CMSIS Pack Vendor :STMicroelectronics X-CUBE-TOF1 3.4.2
2024-12-05 08:14:22,992 [INFO] ThirdParty:1030 - CMSIS Pack Vendor :STMicroelectronics X-CUBE-AI 9.1.0
2024-12-05 08:14:22,992 [INFO] ThirdParty:1030 - CMSIS Pack Vendor :STMicroelectronics X-CUBE-AZRTOS-H7 3.2.0
2024-12-05 08:14:22,992 [INFO] ThirdParty:1030 - CMSIS Pack Vendor :Infineon AIROC-Wi-Fi-Bluetooth-STM32 1.6.0
2024-12-05 08:14:22,992 [INFO] ThirdParty:1030 - CMSIS Pack Vendor :wolfSSL I-CUBE-wolfSSH 1.4.17
2024-12-05 08:14:22,992 [INFO] ThirdParty:841 - exiting critical section [change project]
2024-12-05 08:14:23,689 [INFO] PinOutPanel:1589 - setPackage(No Configuration,No Configuration)
2024-12-05 08:14:23,690 [INFO] PinOutPanel:1589 - setPackage(STM32F401RCTx,LQFP64)
2024-12-05 08:14:24,305 [INFO] UtilMem:75 - Before build in PCC Used Memory: 685244416 Bytes (1073741824)
2024-12-05 08:14:25,004 [INFO] UtilMem:75 - After build in PCC Used Memory: 730333184 Bytes (1073741824)
2024-12-05 08:14:25,083 [INFO] IPUIPlugin:80 - create IPUIPlugin
2024-12-05 08:14:25,083 [INFO] IPUIPlugin:80 - create IPUIPlugin
2024-12-05 08:14:25,084 [INFO] IPUIPlugin:80 - create IPUIPlugin
2024-12-05 08:14:25,084 [INFO] IPUIPlugin:80 - create IPUIPlugin
2024-12-05 08:14:25,084 [INFO] IPUIPlugin:80 - create IPUIPlugin
2024-12-05 08:14:25,084 [INFO] IPUIPlugin:80 - create IPUIPlugin
2024-12-05 08:14:25,084 [INFO] IPUIPlugin:80 - create IPUIPlugin
2024-12-05 08:14:25,084 [INFO] IPUIPlugin:80 - create IPUIPlugin
2024-12-05 08:14:25,084 [INFO] IPUIPlugin:80 - create IPUIPlugin
2024-12-05 08:14:25,084 [INFO] IPUIPlugin:80 - create IPUIPlugin
2024-12-05 08:14:25,085 [INFO] IPUIPlugin:80 - create IPUIPlugin
2024-12-05 08:14:25,085 [INFO] IPUIPlugin:80 - create IPUIPlugin
2024-12-05 08:14:25,085 [INFO] IPUIPlugin:80 - create IPUIPlugin
2024-12-05 08:14:25,085 [INFO] IPUIPlugin:80 - create IPUIPlugin
2024-12-05 08:14:25,086 [INFO] IPUIPlugin:80 - create IPUIPlugin
2024-12-05 08:14:25,086 [INFO] IPUIPlugin:80 - create IPUIPlugin
2024-12-05 08:14:25,086 [INFO] IPUIPlugin:80 - create IPUIPlugin
2024-12-05 08:14:25,086 [INFO] IPUIPlugin:80 - create IPUIPlugin
2024-12-05 08:14:25,087 [INFO] IPUIPlugin:80 - create IPUIPlugin
2024-12-05 08:14:25,087 [INFO] IPUIPlugin:80 - create IPUIPlugin
2024-12-05 08:14:25,087 [INFO] IPUIPlugin:80 - create IPUIPlugin
2024-12-05 08:14:25,087 [INFO] IPUIPlugin:80 - create IPUIPlugin
2024-12-05 08:14:25,088 [INFO] IPUIPlugin:80 - create IPUIPlugin
2024-12-05 08:14:25,088 [INFO] IPUIPlugin:80 - create IPUIPlugin
2024-12-05 08:14:25,088 [INFO] IPUIPlugin:80 - create IPUIPlugin
2024-12-05 08:14:25,089 [INFO] IPUIPlugin:80 - create IPUIPlugin
2024-12-05 08:14:25,089 [INFO] IPUIPlugin:80 - create IPUIPlugin
2024-12-05 08:14:25,092 [INFO] IPUIPlugin:80 - create IPUIPlugin
2024-12-05 08:14:25,094 [INFO] IPUIPlugin:80 - create IPUIPlugin
2024-12-05 08:14:25,094 [INFO] IPUIPlugin:80 - create IPUIPlugin
2024-12-05 08:14:25,095 [INFO] IPUIPlugin:80 - create IPUIPlugin
2024-12-05 08:14:25,095 [INFO] IPUIPlugin:80 - create IPUIPlugin
2024-12-05 08:14:25,096 [INFO] IPUIPlugin:80 - create IPUIPlugin
2024-12-05 08:14:25,096 [INFO] IPUIPlugin:80 - create IPUIPlugin
2024-12-05 08:14:25,096 [INFO] IPUIPlugin:80 - create IPUIPlugin
2024-12-05 08:14:25,097 [INFO] IPUIPlugin:80 - create IPUIPlugin
2024-12-05 08:14:25,097 [INFO] IPUIPlugin:80 - create IPUIPlugin
2024-12-05 08:14:25,098 [INFO] IPUIPlugin:80 - create IPUIPlugin
2024-12-05 08:14:25,105 [INFO] ApiDbMcu:508 - Load IP Config File for PDM2PCM
2024-12-05 08:14:25,299 [INFO] CADModel:165 - CPN selected for project levelSTM32F401RCT6TR
2024-12-05 08:14:25,306 [INFO] CADModel:114 - Register for checkConnection events
2024-12-05 08:14:25,352 [INFO] OpenFileManager:363 - Restore cursor
2024-12-05 08:14:33,828 [INFO] MainUpdater:2872 - connection check result : 10
2024-12-05 08:14:33,829 [INFO] MainUpdater:2872 - connection check result : 10
2024-12-05 08:14:33,912 [INFO] MicroXplorer:468 - Change Database Path : 
2024-12-05 08:14:33,912 [INFO] MicroXplorer:498 - Change Database Version : DB.6.0.130
2024-12-05 08:14:33,944 [ERROR] ProjectManagerView:394 - 
java.lang.NullPointerException: Cannot invoke "javax.swing.JTextField.getText()" because the return value of "java.util.List.get(int)" is null
	at com.st.microxplorer.plugins.projectmanager.gui.ProjectChoiceTab$9.caretUpdate(ProjectChoiceTab.java:2616) ~[filemanager.jar:?]
	at javax.swing.text.JTextComponent.fireCaretUpdate(JTextComponent.java:408) ~[?:?]
	at javax.swing.text.JTextComponent$MutableCaretEvent.fire(JTextComponent.java:4484) ~[?:?]
	at javax.swing.text.JTextComponent$MutableCaretEvent.stateChanged(JTextComponent.java:4506) ~[?:?]
	at javax.swing.text.DefaultCaret.fireStateChanged(DefaultCaret.java:857) ~[?:?]
	at javax.swing.text.DefaultCaret.changeCaretPosition(DefaultCaret.java:1343) ~[?:?]
	at javax.swing.text.DefaultCaret.handleSetDot(DefaultCaret.java:1242) ~[?:?]
	at javax.swing.text.DefaultCaret.setDot(DefaultCaret.java:1223) ~[?:?]
	at javax.swing.text.DefaultCaret$Handler.insertUpdate(DefaultCaret.java:1819) ~[?:?]
	at javax.swing.text.AbstractDocument.fireInsertUpdate(AbstractDocument.java:227) ~[?:?]
	at javax.swing.text.AbstractDocument.handleInsertString(AbstractDocument.java:781) ~[?:?]
	at javax.swing.text.AbstractDocument.insertString(AbstractDocument.java:740) ~[?:?]
	at javax.swing.text.PlainDocument.insertString(PlainDocument.java:131) ~[?:?]
	at javax.swing.text.AbstractDocument.replace(AbstractDocument.java:699) ~[?:?]
	at javax.swing.text.JTextComponent.setText(JTextComponent.java:1725) ~[?:?]
	at com.st.microxplorer.plugins.projectmanager.gui.ProjectChoiceTab.createHeapStackFields(ProjectChoiceTab.java:975) ~[filemanager.jar:?]
	at com.st.microxplorer.plugins.projectmanager.gui.ProjectChoiceTab.buildLinkSettingsPanel(ProjectChoiceTab.java:3666) ~[filemanager.jar:?]
	at com.st.microxplorer.plugins.projectmanager.gui.ProjectChoiceTab.defineWindowsFields(ProjectChoiceTab.java:1934) ~[filemanager.jar:?]
	at com.st.microxplorer.plugins.projectmanager.gui.ProjectChoiceTab.updateSettings(ProjectChoiceTab.java:553) ~[filemanager.jar:?]
	at com.st.microxplorer.plugins.projectmanager.gui.ProjectSettingsPanel.UpdateDialog(ProjectSettingsPanel.java:245) ~[filemanager.jar:?]
	at com.st.microxplorer.plugins.projectmanager.ProjectManagerView.propertyChange(ProjectManagerView.java:391) ~[filemanager.jar:?]
	at java.beans.PropertyChangeSupport.fire(PropertyChangeSupport.java:343) ~[?:?]
	at java.beans.PropertyChangeSupport.firePropertyChange(PropertyChangeSupport.java:335) ~[?:?]
	at java.beans.PropertyChangeSupport.firePropertyChange(PropertyChangeSupport.java:268) ~[?:?]
	at com.st.microxplorer.util.MXPropertyChangeSupport.firePropertyChange(MXPropertyChangeSupport.java:54) ~[STM32CubeMX.jar:?]
	at com.st.microxplorer.mxsystem.MxSystem.closeConfig(MxSystem.java:899) ~[STM32CubeMX.jar:?]
	at com.st.microxplorer.maingui.MainPanel.closeConfig(MainPanel.java:789) ~[STM32CubeMX.jar:?]
	at com.st.microxplorer.plugins.filemanager.engine.OpenFileManager.loadConfigurationFile(OpenFileManager.java:265) ~[filemanager.jar:?]
	at com.st.microxplorer.plugins.filemanager.engine.MainFileManager.userLoadConfig(MainFileManager.java:340) ~[filemanager.jar:?]
	at com.st.microxplorer.plugins.filemanager.engine.MainFileManager.userLoadConfig(MainFileManager.java:318) ~[filemanager.jar:?]
	at com.st.microxplorer.plugins.filemanager.FileManagerView.getSpecificTask(FileManagerView.java:246) ~[filemanager.jar:?]
	at com.st.stm32cube.common.mx.editor.CubeMxEditor.getMxTabbedPaneInstance(CubeMxEditor.java:1198) ~[com.st.stm32cube.common.mx_6.13.0.202411220809/:?]
	at com.st.stm32cube.common.mx.editor.CubeMxEditor$12$1.createSwingComponent(CubeMxEditor.java:1068) ~[com.st.stm32cube.common.mx_6.13.0.202411220809/:?]
	at com.st.stm32cube.common.mx.oss.core.awtswtbridge.EmbeddedSwingComposite.doComponentCreation(EmbeddedSwingComposite.java:492) ~[com.st.stm32cube.common.mx.oss_6.13.0.202411220809/:?]
	at com.st.stm32cube.common.mx.oss.core.awtswtbridge.EmbeddedSwingComposite$4.run(EmbeddedSwingComposite.java:291) ~[com.st.stm32cube.common.mx.oss_6.13.0.202411220809/:?]
	at com.st.stm32cube.common.mx.oss.core.awtswtbridge.AwtEnvironment$2.run(AwtEnvironment.java:166) ~[com.st.stm32cube.common.mx.oss_6.13.0.202411220809/:?]
	at java.awt.event.InvocationEvent.dispatch(InvocationEvent.java:318) ~[?:?]
	at java.awt.EventQueue.dispatchEventImpl(EventQueue.java:773) ~[?:?]
	at java.awt.EventQueue$4.run(EventQueue.java:720) ~[?:?]
	at java.awt.EventQueue$4.run(EventQueue.java:714) ~[?:?]
	at java.security.AccessController.doPrivileged(AccessController.java:400) ~[?:?]
	at java.security.ProtectionDomain$JavaSecurityAccessImpl.doIntersectionPrivilege(ProtectionDomain.java:87) ~[?:?]
	at java.awt.EventQueue.dispatchEvent(EventQueue.java:742) ~[?:?]
	at java.awt.EventDispatchThread.pumpOneEventForFilters(EventDispatchThread.java:203) ~[?:?]
	at java.awt.EventDispatchThread.pumpEventsForFilter(EventDispatchThread.java:124) ~[?:?]
	at java.awt.EventDispatchThread.pumpEventsForHierarchy(EventDispatchThread.java:113) ~[?:?]
	at java.awt.EventDispatchThread.pumpEvents(EventDispatchThread.java:109) ~[?:?]
	at java.awt.EventDispatchThread.pumpEvents(EventDispatchThread.java:101) ~[?:?]
	at java.awt.EventDispatchThread.run(EventDispatchThread.java:90) ~[?:?]
2024-12-05 08:14:33,945 [WARN] ThirdParty:871 - waiting for thirdparty lock release [close project]
2024-12-05 08:14:33,945 [INFO] ThirdParty:873 - entering critical section [close project]
2024-12-05 08:14:33,945 [INFO] ThirdParty:883 - exiting critical section [close project]
2024-12-05 08:14:33,947 [INFO] PinOutPanel:1589 - setPackage(No Configuration,No Configuration)
2024-12-05 08:14:33,959 [WARN] IpParametersView:154 - Warning: This peripheral hasn't parameters
2024-12-05 08:14:33,967 [WARN] MainPanel:289 - <html><b><center>Warning: This peripheral has no parameters to be configured<br></b></html>
2024-12-05 08:14:33,968 [ERROR] MainPanel:599 - java.lang.IndexOutOfBoundsException: Index: 0, Tab count: 0
2024-12-05 08:14:33,973 [INFO] UtilMem:75 - Begin LoadConfig() Used Memory: 916783048 Bytes (1073741824)
2024-12-05 08:14:33,980 [INFO] MicroXplorer:468 - Change Database Path : /home/cotti/.stm32cubemx/databases/DB.6.0.120/db/
2024-12-05 08:14:33,980 [INFO] MicroXplorer:498 - Change Database Version : DB.6.0.120
2024-12-05 08:14:37,010 [INFO] OpenFileManager:332 - Change cursor
2024-12-05 08:14:37,020 [INFO] Mcu:2035 - Initializing MCU STM32F401R(B-C)Tx STM32F401RCTx STM32F401RCT6TR
2024-12-05 08:14:38,105 [INFO] Context:748 - Trying to add GPIOservice into a context  which must be forbidden
2024-12-05 08:14:38,567 [INFO] RtosManager:555 - Registered RTOS mode: class=CMSIS, group=RTOS, mode=CMSIS_V1, owner=FREERTOS
2024-12-05 08:14:38,567 [INFO] RtosManager:555 - Registered RTOS mode: class=CMSIS, group=RTOS2, mode=CMSIS_V2, owner=FREERTOS
2024-12-05 08:14:38,567 [INFO] RtosManager:555 - Registered RTOS mode: class=RTOS, group=Core, mode=CMSIS_V1, owner=FREERTOS
2024-12-05 08:14:38,567 [INFO] RtosManager:555 - Registered RTOS mode: class=RTOS, group=Core, mode=CMSIS_V2, owner=FREERTOS
2024-12-05 08:14:38,567 [WARN] ModelIntegratedComponent:184 - Missing modes for component STMicroelectronics:FreeRTOS:0.0.1:STMicroelectronics:RTOS:FreeRTOS:Core:::10.2.0:
2024-12-05 08:14:38,569 [WARN] ModelIntegratedComponent:63 - No mode defined for component null
2024-12-05 08:14:38,569 [WARN] ModelIntegratedComponent:63 - No mode defined for component null
2024-12-05 08:14:38,569 [WARN] ModelIntegratedComponent:63 - No mode defined for component null
2024-12-05 08:14:38,569 [WARN] ModelIntegratedComponent:63 - No mode defined for component null
2024-12-05 08:14:38,569 [WARN] ModelIntegratedComponent:63 - No mode defined for component null
2024-12-05 08:14:38,569 [WARN] ModelIntegratedComponent:63 - No mode defined for component null
2024-12-05 08:14:38,569 [WARN] ModelIntegratedComponent:63 - No mode defined for component null
2024-12-05 08:14:38,569 [WARN] ModelIntegratedComponent:63 - No mode defined for component null
2024-12-05 08:14:38,569 [WARN] ModelIntegratedComponent:63 - No mode defined for component null
2024-12-05 08:14:38,569 [WARN] ModelIntegratedComponent:63 - No mode defined for component null
2024-12-05 08:14:38,569 [WARN] ModelIntegratedComponent:63 - No mode defined for component null
2024-12-05 08:14:38,569 [WARN] ModelIntegratedComponent:63 - No mode defined for component null
2024-12-05 08:14:38,569 [WARN] ModelIntegratedComponent:63 - No mode defined for component null
2024-12-05 08:14:38,569 [WARN] ModelIntegratedComponent:63 - No mode defined for component null
2024-12-05 08:14:38,569 [WARN] ModelIntegratedComponent:63 - No mode defined for component null
2024-12-05 08:14:38,570 [WARN] ModelIntegratedComponent:63 - No mode defined for component null
2024-12-05 08:14:38,570 [WARN] ModelIntegratedComponent:63 - No mode defined for component null
2024-12-05 08:14:38,570 [WARN] ModelIntegratedComponent:63 - No mode defined for component null
2024-12-05 08:14:38,570 [WARN] ModelIntegratedComponent:63 - No mode defined for component null
2024-12-05 08:14:38,570 [WARN] ModelIntegratedComponent:63 - No mode defined for component null
2024-12-05 08:14:38,570 [WARN] ModelIntegratedComponent:63 - No mode defined for component null
2024-12-05 08:14:38,570 [WARN] ModelIntegratedComponent:63 - No mode defined for component null
2024-12-05 08:14:38,570 [WARN] ModelIntegratedComponent:63 - No mode defined for component null
2024-12-05 08:14:38,570 [WARN] ModelIntegratedComponent:63 - No mode defined for component null
2024-12-05 08:14:38,570 [WARN] ModelIntegratedComponent:63 - No mode defined for component null
2024-12-05 08:14:38,570 [WARN] ModelIntegratedComponent:63 - No mode defined for component null
2024-12-05 08:14:38,570 [WARN] ModelIntegratedComponent:63 - No mode defined for component null
2024-12-05 08:14:38,570 [WARN] ModelIntegratedComponent:63 - No mode defined for component null
2024-12-05 08:14:38,570 [WARN] ModelIntegratedComponent:63 - No mode defined for component null
2024-12-05 08:14:38,570 [WARN] ModelIntegratedComponent:63 - No mode defined for component null
2024-12-05 08:14:38,570 [WARN] ModelIntegratedComponent:63 - No mode defined for component null
2024-12-05 08:14:38,570 [WARN] ModelIntegratedComponent:63 - No mode defined for component null
2024-12-05 08:14:38,571 [WARN] ModelIntegratedComponent:63 - No mode defined for component null
2024-12-05 08:14:38,571 [WARN] ModelIntegratedComponent:63 - No mode defined for component null
2024-12-05 08:14:38,571 [WARN] ModelIntegratedComponent:63 - No mode defined for component null
2024-12-05 08:14:38,571 [WARN] ModelPack:524 - Component already loaded: STMicroelectronics:HAL Drivers:0.0.0:STMicroelectronics:Device:STMicro_Driver:XSPI:HAL::0.0.1:HAL_XSPI
2024-12-05 08:14:38,574 [WARN] ModelIntegratedComponent:182 - Modes not found for component STMicroelectronics:USB_DEVICE:1.0.0:STMicroelectronics:USB::USB Device:Audio HS::1.0:USB_DEVICE_1_0_RESTRICTED_HS
2024-12-05 08:14:38,574 [WARN] ModelIntegratedComponent:188 - Modes not found for component STMicroelectronics:USB_DEVICE:1.0.0:STMicroelectronics:USB::USB Device:Audio HS::1.0:USB_DEVICE_1_0_RESTRICTED_HS
2024-12-05 08:14:38,574 [WARN] ModelIntegratedComponent:182 - Modes not found for component STMicroelectronics:USB_DEVICE:1.0.0:STMicroelectronics:USB::USB Device:CDC HS::1.0:USB_DEVICE_1_0_RESTRICTED_HS
2024-12-05 08:14:38,574 [WARN] ModelIntegratedComponent:188 - Modes not found for component STMicroelectronics:USB_DEVICE:1.0.0:STMicroelectronics:USB::USB Device:CDC HS::1.0:USB_DEVICE_1_0_RESTRICTED_HS
2024-12-05 08:14:38,574 [WARN] ModelIntegratedComponent:182 - Modes not found for component STMicroelectronics:USB_DEVICE:1.0.0:STMicroelectronics:USB::USB Device:DFU HS::1.0:USB_DEVICE_1_0_RESTRICTED_HS
2024-12-05 08:14:38,574 [WARN] ModelIntegratedComponent:188 - Modes not found for component STMicroelectronics:USB_DEVICE:1.0.0:STMicroelectronics:USB::USB Device:DFU HS::1.0:USB_DEVICE_1_0_RESTRICTED_HS
2024-12-05 08:14:38,574 [WARN] ModelIntegratedComponent:182 - Modes not found for component STMicroelectronics:USB_DEVICE:1.0.0:STMicroelectronics:USB::USB Device:HID HS::1.0:USB_DEVICE_1_0_RESTRICTED_HS
2024-12-05 08:14:38,574 [WARN] ModelIntegratedComponent:188 - Modes not found for component STMicroelectronics:USB_DEVICE:1.0.0:STMicroelectronics:USB::USB Device:HID HS::1.0:USB_DEVICE_1_0_RESTRICTED_HS
2024-12-05 08:14:38,575 [WARN] ModelIntegratedComponent:182 - Modes not found for component STMicroelectronics:USB_DEVICE:1.0.0:STMicroelectronics:USB::USB Device:Custom HID HS::1.0:USB_DEVICE_1_0_RESTRICTED_HS
2024-12-05 08:14:38,575 [WARN] ModelIntegratedComponent:188 - Modes not found for component STMicroelectronics:USB_DEVICE:1.0.0:STMicroelectronics:USB::USB Device:Custom HID HS::1.0:USB_DEVICE_1_0_RESTRICTED_HS
2024-12-05 08:14:38,575 [WARN] ModelIntegratedComponent:182 - Modes not found for component STMicroelectronics:USB_DEVICE:1.0.0:STMicroelectronics:USB::USB Device:MSC HS::1.0:USB_DEVICE_1_0_RESTRICTED_HS
2024-12-05 08:14:38,575 [WARN] ModelIntegratedComponent:188 - Modes not found for component STMicroelectronics:USB_DEVICE:1.0.0:STMicroelectronics:USB::USB Device:MSC HS::1.0:USB_DEVICE_1_0_RESTRICTED_HS
2024-12-05 08:14:38,684 [WARN] ModelIntegratedComponent:182 - Modes not found for component STMicroelectronics:USB_HOST:1.0.0:STMicroelectronics:USB::USB Host:Audio HS::1.0:USB_HOST_1_0_RESTRICTED_HS
2024-12-05 08:14:38,685 [WARN] ModelIntegratedComponent:188 - Modes not found for component STMicroelectronics:USB_HOST:1.0.0:STMicroelectronics:USB::USB Host:Audio HS::1.0:USB_HOST_1_0_RESTRICTED_HS
2024-12-05 08:14:38,685 [WARN] ModelIntegratedComponent:182 - Modes not found for component STMicroelectronics:USB_HOST:1.0.0:STMicroelectronics:USB::USB Host:CDC HS::1.0:USB_HOST_1_0_RESTRICTED_HS
2024-12-05 08:14:38,685 [WARN] ModelIntegratedComponent:188 - Modes not found for component STMicroelectronics:USB_HOST:1.0.0:STMicroelectronics:USB::USB Host:CDC HS::1.0:USB_HOST_1_0_RESTRICTED_HS
2024-12-05 08:14:38,685 [WARN] ModelIntegratedComponent:182 - Modes not found for component STMicroelectronics:USB_HOST:1.0.0:STMicroelectronics:USB::USB Host:MSC HS::1.0:USB_HOST_1_0_RESTRICTED_HS
2024-12-05 08:14:38,685 [WARN] ModelIntegratedComponent:188 - Modes not found for component STMicroelectronics:USB_HOST:1.0.0:STMicroelectronics:USB::USB Host:MSC HS::1.0:USB_HOST_1_0_RESTRICTED_HS
2024-12-05 08:14:38,685 [WARN] ModelIntegratedComponent:182 - Modes not found for component STMicroelectronics:USB_HOST:1.0.0:STMicroelectronics:USB::USB Host:HID HS::1.0:USB_HOST_1_0_RESTRICTED_HS
2024-12-05 08:14:38,685 [WARN] ModelIntegratedComponent:188 - Modes not found for component STMicroelectronics:USB_HOST:1.0.0:STMicroelectronics:USB::USB Host:HID HS::1.0:USB_HOST_1_0_RESTRICTED_HS
2024-12-05 08:14:38,685 [WARN] ModelIntegratedComponent:182 - Modes not found for component STMicroelectronics:USB_HOST:1.0.0:STMicroelectronics:USB::USB Host:MTP HS::1.0:USB_HOST_1_0_RESTRICTED_HS
2024-12-05 08:14:38,685 [WARN] ModelIntegratedComponent:188 - Modes not found for component STMicroelectronics:USB_HOST:1.0.0:STMicroelectronics:USB::USB Host:MTP HS::1.0:USB_HOST_1_0_RESTRICTED_HS
2024-12-05 08:14:38,922 [INFO] ThirdPartyModel:298 - Start build external matchings
2024-12-05 08:14:41,005 [INFO] ThirdPartyModel:316 - End build external matchings
2024-12-05 08:14:41,221 [INFO] ImportTextPane:218 - (OptionalMessage_ERROR) IP (RCC) : Parameter (RTCHSEDivFreq_Value) has invalid value (4000000)
2024-12-05 08:14:41,582 [INFO] UtilMem:75 - End LoadConfig() Used Memory: 855952112 Bytes (1073741824)
2024-12-05 08:14:41,612 [WARN] ThirdParty:833 - waiting for thirdparty lock release [change project]
2024-12-05 08:14:41,612 [INFO] ThirdParty:835 - entering critical section [change project]
2024-12-05 08:14:41,613 [INFO] ThirdParty:1030 - CMSIS Pack Vendor :STMicroelectronics USBPD 4.1
2024-12-05 08:14:41,613 [INFO] ThirdParty:1030 - CMSIS Pack Vendor :STMicroelectronics X-CUBE-GNSS1 6.0.0
2024-12-05 08:14:41,613 [INFO] ThirdParty:1030 - CMSIS Pack Vendor :STMicroelectronics USB_HOST 2.0.0
2024-12-05 08:14:41,613 [INFO] ThirdParty:1030 - CMSIS Pack Vendor :STMicroelectronics FP-SNS-MOTENVWB1 1.4.0
2024-12-05 08:14:41,613 [INFO] ThirdParty:1030 - CMSIS Pack Vendor :STMicroelectronics X-CUBE-AZRTOS-F4 1.1.0
2024-12-05 08:14:41,613 [INFO] ThirdParty:1030 - CMSIS Pack Vendor :STMicroelectronics LIBJPEG 8.0.0
2024-12-05 08:14:41,613 [INFO] ThirdParty:1030 - CMSIS Pack Vendor :STMicroelectronics FP-ATR-ASTRA1 2.0.1
2024-12-05 08:14:41,613 [INFO] ThirdParty:1030 - CMSIS Pack Vendor :STMicroelectronics X-CUBE-SMBUS 2.1.0
2024-12-05 08:14:41,613 [INFO] ThirdParty:1030 - CMSIS Pack Vendor :STMicroelectronics X-CUBE-WB05N 1.1.0
2024-12-05 08:14:41,613 [INFO] ThirdParty:1030 - CMSIS Pack Vendor :STMicroelectronics X-CUBE-ISPU 2.1.0
2024-12-05 08:14:41,613 [INFO] ThirdParty:1030 - CMSIS Pack Vendor :STMicroelectronics X-CUBE-FREERTOS 1.2.0
2024-12-05 08:14:41,613 [INFO] ThirdParty:1030 - CMSIS Pack Vendor :STMicroelectronics X-CUBE-AZRTOS-F7 1.1.0
2024-12-05 08:14:41,613 [INFO] ThirdParty:1030 - CMSIS Pack Vendor :STMicroelectronics X-CUBE-AZRTOS-L5 2.0.0
2024-12-05 08:14:41,613 [INFO] ThirdParty:1030 - CMSIS Pack Vendor :STMicroelectronics USB_DEVICE 2.0.0
2024-12-05 08:14:41,618 [INFO] ThirdParty:1030 - CMSIS Pack Vendor :STMicroelectronics X-CUBE-NFC6 3.1.0
2024-12-05 08:14:41,618 [INFO] ThirdParty:1030 - CMSIS Pack Vendor :STMicroelectronics X-CUBE-MEMS1 11.0.0
2024-12-05 08:14:41,618 [INFO] ThirdParty:1030 - CMSIS Pack Vendor :STMicroelectronics X-CUBE-BLE1 6.2.4
2024-12-05 08:14:41,618 [INFO] ThirdParty:1030 - CMSIS Pack Vendor :STMicroelectronics FreeRTOS 0.0.1
2024-12-05 08:14:41,618 [INFO] ThirdParty:1030 - CMSIS Pack Vendor :emotas I-CUBE-CANOPEN 1.1.3
2024-12-05 08:14:41,618 [INFO] ThirdParty:1030 - CMSIS Pack Vendor :STMicroelectronics X-CUBE-DPower 1.2.0
2024-12-05 08:14:41,618 [INFO] ThirdParty:1030 - CMSIS Pack Vendor :STMicroelectronics FP-SNS-FLIGHT1 5.0.2
2024-12-05 08:14:41,619 [INFO] ThirdParty:1030 - CMSIS Pack Vendor :STMicroelectronics X-CUBE-NFC4 2.0.5
2024-12-05 08:14:41,619 [INFO] ThirdParty:1030 - CMSIS Pack Vendor :STMicroelectronics X-CUBE-AI 9.0.0
2024-12-05 08:14:41,619 [INFO] ThirdParty:1030 - CMSIS Pack Vendor :STMicroelectronics PDM2PCM 3.3.0
2024-12-05 08:14:41,619 [INFO] ThirdParty:1030 - CMSIS Pack Vendor :STMicroelectronics X-CUBE-DISPLAY 3.0.0
2024-12-05 08:14:41,619 [INFO] ThirdParty:1030 - CMSIS Pack Vendor :STMicroelectronics X-CUBE-BLE1 7.0.0
2024-12-05 08:14:41,619 [INFO] ThirdParty:1030 - CMSIS Pack Vendor :STMicroelectronics X-CUBE-NFC10 1.0.0
2024-12-05 08:14:41,619 [INFO] ThirdParty:1030 - CMSIS Pack Vendor :wolfSSL I-CUBE-wolfSSL 5.5.4
2024-12-05 08:14:41,619 [INFO] ThirdParty:1030 - CMSIS Pack Vendor :STMicroelectronics HAL Drivers 0.0.0
2024-12-05 08:14:41,619 [INFO] ThirdParty:1030 - CMSIS Pack Vendor :STMicroelectronics X-CUBE-NFC7 1.0.1
2024-12-05 08:14:41,619 [INFO] ThirdParty:1030 - CMSIS Pack Vendor :STMicroelectronics MBEDTLS 2.14.1
2024-12-05 08:14:41,619 [INFO] ThirdParty:1030 - CMSIS Pack Vendor :STMicroelectronics X-CUBE-NFC7 1.0.0
2024-12-05 08:14:41,619 [INFO] ThirdParty:1030 - CMSIS Pack Vendor :wolfSSL I-CUBE-wolfTPM 3.2.0
2024-12-05 08:14:41,619 [INFO] ThirdParty:1030 - CMSIS Pack Vendor :STMicroelectronics X-CUBE-EEPRMA1 4.1.0
2024-12-05 08:14:41,619 [INFO] ThirdParty:1030 - CMSIS Pack Vendor :STMicroelectronics X-CUBE-BLEMGR 3.1.0
2024-12-05 08:14:41,619 [INFO] ThirdParty:1030 - CMSIS Pack Vendor :STMicroelectronics FP-SNS-SMARTAG2 1.2.0
2024-12-05 08:14:41,619 [INFO] ThirdParty:1030 - CMSIS Pack Vendor :STMicroelectronics X-CUBE-AZRTOS-WL 2.0.0
2024-12-05 08:14:41,619 [INFO] ThirdParty:1030 - CMSIS Pack Vendor :STMicroelectronics FP-SNS-MOTENV1 5.0.0
2024-12-05 08:14:41,620 [INFO] ThirdParty:1030 - CMSIS Pack Vendor :STMicroelectronics USB_DEVICE 1.0.0
2024-12-05 08:14:41,620 [INFO] ThirdParty:1030 - CMSIS Pack Vendor :wolfSSL I-CUBE-wolfMQTT 1.19.0
2024-12-05 08:14:41,620 [INFO] ThirdParty:1030 - CMSIS Pack Vendor :STMicroelectronics X-CUBE-AZRTOS-L4 2.0.0
2024-12-05 08:14:41,620 [INFO] ThirdParty:1030 - CMSIS Pack Vendor :STMicroelectronics ThreadX 0.0.2
2024-12-05 08:14:41,620 [INFO] ThirdParty:1030 - CMSIS Pack Vendor :WES I-CUBE-Cesium 1.3.0
2024-12-05 08:14:41,620 [INFO] ThirdParty:1030 - CMSIS Pack Vendor :STMicroelectronics lwIP 2.1.2
2024-12-05 08:14:41,620 [INFO] ThirdParty:1030 - CMSIS Pack Vendor :STMicroelectronics X-CUBE-SFXS2LP1 4.0.0
2024-12-05 08:14:41,620 [INFO] ThirdParty:1030 - CMSIS Pack Vendor :STMicroelectronics X-CUBE-BLE2 3.3.0
2024-12-05 08:14:41,620 [INFO] ThirdParty:1030 - CMSIS Pack Vendor :STMicroelectronics X-CUBE-DISPLAY 2.2.0
2024-12-05 08:14:41,620 [INFO] ThirdParty:1030 - CMSIS Pack Vendor :STMicroelectronics X-CUBE-TOF1 3.2.0
2024-12-05 08:14:41,620 [INFO] ThirdParty:1030 - CMSIS Pack Vendor :STMicroelectronics PDM2PCM 3.2.0
2024-12-05 08:14:41,620 [INFO] ThirdParty:1030 - CMSIS Pack Vendor :STMicroelectronics X-CUBE-AZRTOS-H7 3.0.0
2024-12-05 08:14:41,620 [INFO] ThirdParty:1030 - CMSIS Pack Vendor :STMicroelectronics X-CUBE-ISPU 1.1.0
2024-12-05 08:14:41,620 [INFO] ThirdParty:1030 - CMSIS Pack Vendor :STMicroelectronics X-CUBE-AZRTOS-H7 3.3.0
2024-12-05 08:14:41,620 [INFO] ThirdParty:1030 - CMSIS Pack Vendor :RoweBots I-CUBE-UNISONRTOS 5.5.0-4
2024-12-05 08:14:41,620 [INFO] ThirdParty:1030 - CMSIS Pack Vendor :STMicroelectronics X-CUBE-NFC9 1.0.0
2024-12-05 08:14:41,620 [INFO] ThirdParty:1030 - CMSIS Pack Vendor :STMicroelectronics USB_DEVICE 3.0.0
2024-12-05 08:14:41,620 [INFO] ThirdParty:1030 - CMSIS Pack Vendor :STMicroelectronics X-CUBE-TCPP 4.1.0
2024-12-05 08:14:41,626 [INFO] ThirdParty:1030 - CMSIS Pack Vendor :STMicroelectronics X-CUBE-AI 8.0.0
2024-12-05 08:14:41,626 [INFO] ThirdParty:1030 - CMSIS Pack Vendor :STMicroelectronics X-CUBE-IPS 3.0.0
2024-12-05 08:14:41,626 [INFO] ThirdParty:1030 - CMSIS Pack Vendor :STMicroelectronics X-CUBE-AZRTOS-WB 2.0.0
2024-12-05 08:14:41,626 [INFO] ThirdParty:1030 - CMSIS Pack Vendor :STMicroelectronics X-CUBE-TOUCHGFX 4.21.1
2024-12-05 08:14:41,626 [INFO] ThirdParty:1030 - CMSIS Pack Vendor :STMicroelectronics X-CUBE-GNSS1 7.0.0
2024-12-05 08:14:41,626 [INFO] ThirdParty:1030 - CMSIS Pack Vendor :STMicroelectronics X-CUBE-TOUCHGFX 4.21.0
2024-12-05 08:14:41,626 [INFO] ThirdParty:1030 - CMSIS Pack Vendor :STMicroelectronics X-CUBE-MEMS1 9.4.0
2024-12-05 08:14:41,626 [INFO] ThirdParty:1030 - CMSIS Pack Vendor :STMicroelectronics X-CUBE-AI 7.3.0
2024-12-05 08:14:41,626 [INFO] ThirdParty:1030 - CMSIS Pack Vendor :STMicroelectronics FP-SNS-STBOX1 2.0.0
2024-12-05 08:14:41,626 [INFO] ThirdParty:1030 - CMSIS Pack Vendor :STMicroelectronics X-CUBE-ALGOBUILD 1.3.0
2024-12-05 08:14:41,626 [INFO] ThirdParty:1030 - CMSIS Pack Vendor :STMicroelectronics X-CUBE-AZRTOS-L5 1.1.0
2024-12-05 08:14:41,626 [INFO] ThirdParty:1030 - CMSIS Pack Vendor :STMicroelectronics X-CUBE-AZRTOS-G0 1.1.0
2024-12-05 08:14:41,626 [INFO] ThirdParty:1030 - CMSIS Pack Vendor :STMicroelectronics X-CUBE-SAFEA1 1.2.2
2024-12-05 08:14:41,626 [INFO] ThirdParty:1030 - CMSIS Pack Vendor :STMicroelectronics X-CUBE-NFC4 3.0.0
2024-12-05 08:14:41,626 [INFO] ThirdParty:1030 - CMSIS Pack Vendor :STMicroelectronics X-CUBE-SUBG2 5.0.0
2024-12-05 08:14:41,626 [INFO] ThirdParty:1030 - CMSIS Pack Vendor :STMicroelectronics STM32_WPAN 1.0.0
2024-12-05 08:14:41,627 [INFO] ThirdParty:1030 - CMSIS Pack Vendor :EmbeddedOffice I-CUBE-FS-RTOS 1.0.1
2024-12-05 08:14:41,627 [INFO] ThirdParty:1030 - CMSIS Pack Vendor :STMicroelectronics lwIP 2.0.3
2024-12-05 08:14:41,627 [INFO] ThirdParty:1030 - CMSIS Pack Vendor :Cesanta I-CUBE-Mongoose 7.13.0
2024-12-05 08:14:41,627 [INFO] ThirdParty:1030 - CMSIS Pack Vendor :STMicroelectronics USB_HOST 1.0.0
2024-12-05 08:14:41,627 [INFO] ThirdParty:1030 - CMSIS Pack Vendor :STMicroelectronics X-CUBE-AZRTOS-G4 2.0.0
2024-12-05 08:14:41,627 [INFO] ThirdParty:1030 - CMSIS Pack Vendor :STMicroelectronics PDM2PCM 3.1.0
2024-12-05 08:14:41,627 [INFO] ThirdParty:1030 - CMSIS Pack Vendor :STMicroelectronics FP-ATR-ASTRA1 1.1.1
2024-12-05 08:14:41,627 [INFO] ThirdParty:1030 - CMSIS Pack Vendor :STMicroelectronics X-CUBE-BLEMGR 1.3.0
2024-12-05 08:14:41,627 [INFO] ThirdParty:1030 - CMSIS Pack Vendor :RealThread X-CUBE-RT-Thread_Nano 4.1.1
2024-12-05 08:14:41,627 [INFO] ThirdParty:1030 - CMSIS Pack Vendor :STMicroelectronics FP-ATR-SIGFOX1 3.2.0
2024-12-05 08:14:41,627 [INFO] ThirdParty:1030 - CMSIS Pack Vendor :STMicroelectronics X-CUBE-AZRTOS-G4 1.0.0
2024-12-05 08:14:41,627 [INFO] ThirdParty:1030 - CMSIS Pack Vendor :STMicroelectronics X-CUBE-AZRTOS-L4 1.0.0
2024-12-05 08:14:41,627 [INFO] ThirdParty:1030 - CMSIS Pack Vendor :quantropi X-CUBE-qispace-sdk-base 1.9.3
2024-12-05 08:14:41,627 [INFO] ThirdParty:1030 - CMSIS Pack Vendor :STMicroelectronics X-CUBE-ISPU 2.0.0
2024-12-05 08:14:41,627 [INFO] ThirdParty:1030 - CMSIS Pack Vendor :STMicroelectronics X-CUBE-EEPRMA1 5.1.0
2024-12-05 08:14:41,627 [INFO] ThirdParty:1030 - CMSIS Pack Vendor :STMicroelectronics MBEDTLS 2.16.2
2024-12-05 08:14:41,627 [INFO] ThirdParty:1030 - CMSIS Pack Vendor :STMicroelectronics X-CUBE-ALS 1.0.2
2024-12-05 08:14:41,627 [INFO] ThirdParty:1030 - CMSIS Pack Vendor :STMicroelectronics X-CUBE-MEMS1 10.0.0
2024-12-05 08:14:41,627 [INFO] ThirdParty:1030 - CMSIS Pack Vendor :STMicroelectronics X-CUBE-TOUCHGFX 4.24.0
2024-12-05 08:14:41,627 [INFO] ThirdParty:1030 - CMSIS Pack Vendor :ITTIA_DB I-CUBE-ITTIADB 8.9.0
2024-12-05 08:14:41,627 [INFO] ThirdParty:1030 - CMSIS Pack Vendor :STMicroelectronics X-CUBE-AZRTOS-WL 1.0.0
2024-12-05 08:14:41,627 [INFO] ThirdParty:1030 - CMSIS Pack Vendor :STMicroelectronics X-CUBE-TOUCHGFX 4.24.1
2024-12-05 08:14:41,628 [INFO] ThirdParty:1030 - CMSIS Pack Vendor :portGmbH I-Cube-SoM-uGOAL 1.1.0
2024-12-05 08:14:41,628 [INFO] ThirdParty:1030 - CMSIS Pack Vendor :STMicroelectronics X-CUBE-ALS 1.0.1
2024-12-05 08:14:41,628 [INFO] ThirdParty:1030 - CMSIS Pack Vendor :STMicroelectronics X-CUBE-MEMS1 9.5.0
2024-12-05 08:14:41,628 [INFO] ThirdParty:1030 - CMSIS Pack Vendor :STMicroelectronics ThreadX 1.0.0
2024-12-05 08:14:41,628 [INFO] ThirdParty:1030 - CMSIS Pack Vendor :STMicroelectronics X-CUBE-AZRTOS-WB 1.1.0
2024-12-05 08:14:41,628 [INFO] ThirdParty:1030 - CMSIS Pack Vendor :SEGGER I-CUBE-embOS 1.3.1
2024-12-05 08:14:41,631 [INFO] ThirdParty:1030 - CMSIS Pack Vendor :STMicroelectronics X-CUBE-ALGOBUILD 1.4.0
2024-12-05 08:14:41,632 [INFO] ThirdParty:1030 - CMSIS Pack Vendor :SEGGER I-CUBE-embOS 1.3.0
2024-12-05 08:14:41,632 [INFO] ThirdParty:1030 - CMSIS Pack Vendor :STMicroelectronics X-CUBE-AZRTOS-H7RS 1.0.0
2024-12-05 08:14:41,632 [INFO] ThirdParty:1030 - CMSIS Pack Vendor :STMicroelectronics FP-ATR-ASTRA1 2.0.0
2024-12-05 08:14:41,632 [INFO] ThirdParty:1030 - CMSIS Pack Vendor :STMicroelectronics X-CUBE-TOF1 3.4.2
2024-12-05 08:14:41,632 [INFO] ThirdParty:1030 - CMSIS Pack Vendor :STMicroelectronics X-CUBE-AI 9.1.0
2024-12-05 08:14:41,632 [INFO] ThirdParty:1030 - CMSIS Pack Vendor :STMicroelectronics X-CUBE-AZRTOS-H7 3.2.0
2024-12-05 08:14:41,632 [INFO] ThirdParty:1030 - CMSIS Pack Vendor :Infineon AIROC-Wi-Fi-Bluetooth-STM32 1.6.0
2024-12-05 08:14:41,632 [INFO] ThirdParty:1030 - CMSIS Pack Vendor :wolfSSL I-CUBE-wolfSSH 1.4.17
2024-12-05 08:14:41,632 [INFO] ThirdParty:841 - exiting critical section [change project]
2024-12-05 08:14:42,283 [INFO] PinOutPanel:1589 - setPackage(No Configuration,No Configuration)
2024-12-05 08:14:42,284 [INFO] PinOutPanel:1589 - setPackage(STM32F401RCTx,LQFP64)
2024-12-05 08:14:42,664 [INFO] UtilMem:75 - Before build in PCC Used Memory: 968884224 Bytes (1073741824)
2024-12-05 08:14:43,204 [INFO] UtilMem:75 - After build in PCC Used Memory: 703596544 Bytes (1073741824)
2024-12-05 08:14:43,254 [INFO] IPUIPlugin:80 - create IPUIPlugin
2024-12-05 08:14:43,255 [INFO] IPUIPlugin:80 - create IPUIPlugin
2024-12-05 08:14:43,255 [INFO] IPUIPlugin:80 - create IPUIPlugin
2024-12-05 08:14:43,255 [INFO] IPUIPlugin:80 - create IPUIPlugin
2024-12-05 08:14:43,255 [INFO] IPUIPlugin:80 - create IPUIPlugin
2024-12-05 08:14:43,255 [INFO] IPUIPlugin:80 - create IPUIPlugin
2024-12-05 08:14:43,256 [INFO] IPUIPlugin:80 - create IPUIPlugin
2024-12-05 08:14:43,256 [INFO] IPUIPlugin:80 - create IPUIPlugin
2024-12-05 08:14:43,256 [INFO] IPUIPlugin:80 - create IPUIPlugin
2024-12-05 08:14:43,256 [INFO] IPUIPlugin:80 - create IPUIPlugin
2024-12-05 08:14:43,256 [INFO] IPUIPlugin:80 - create IPUIPlugin
2024-12-05 08:14:43,259 [INFO] IPUIPlugin:80 - create IPUIPlugin
2024-12-05 08:14:43,260 [INFO] IPUIPlugin:80 - create IPUIPlugin
2024-12-05 08:14:43,262 [INFO] IPUIPlugin:80 - create IPUIPlugin
2024-12-05 08:14:43,262 [INFO] IPUIPlugin:80 - create IPUIPlugin
2024-12-05 08:14:43,262 [INFO] IPUIPlugin:80 - create IPUIPlugin
2024-12-05 08:14:43,262 [INFO] IPUIPlugin:80 - create IPUIPlugin
2024-12-05 08:14:43,263 [INFO] IPUIPlugin:80 - create IPUIPlugin
2024-12-05 08:14:43,263 [INFO] IPUIPlugin:80 - create IPUIPlugin
2024-12-05 08:14:43,264 [INFO] IPUIPlugin:80 - create IPUIPlugin
2024-12-05 08:14:43,264 [INFO] IPUIPlugin:80 - create IPUIPlugin
2024-12-05 08:14:43,264 [INFO] IPUIPlugin:80 - create IPUIPlugin
2024-12-05 08:14:43,265 [INFO] IPUIPlugin:80 - create IPUIPlugin
2024-12-05 08:14:43,265 [INFO] IPUIPlugin:80 - create IPUIPlugin
2024-12-05 08:14:43,265 [INFO] IPUIPlugin:80 - create IPUIPlugin
2024-12-05 08:14:43,265 [INFO] IPUIPlugin:80 - create IPUIPlugin
2024-12-05 08:14:43,266 [INFO] IPUIPlugin:80 - create IPUIPlugin
2024-12-05 08:14:43,266 [INFO] IPUIPlugin:80 - create IPUIPlugin
2024-12-05 08:14:43,266 [INFO] IPUIPlugin:80 - create IPUIPlugin
2024-12-05 08:14:43,267 [INFO] IPUIPlugin:80 - create IPUIPlugin
2024-12-05 08:14:43,267 [INFO] IPUIPlugin:80 - create IPUIPlugin
2024-12-05 08:14:43,267 [INFO] IPUIPlugin:80 - create IPUIPlugin
2024-12-05 08:14:43,267 [INFO] IPUIPlugin:80 - create IPUIPlugin
2024-12-05 08:14:43,268 [INFO] IPUIPlugin:80 - create IPUIPlugin
2024-12-05 08:14:43,268 [INFO] IPUIPlugin:80 - create IPUIPlugin
2024-12-05 08:14:43,268 [INFO] IPUIPlugin:80 - create IPUIPlugin
2024-12-05 08:14:43,269 [INFO] IPUIPlugin:80 - create IPUIPlugin
2024-12-05 08:14:43,270 [INFO] IPUIPlugin:80 - create IPUIPlugin
2024-12-05 08:14:43,276 [INFO] ApiDbMcu:508 - Load IP Config File for PDM2PCM
2024-12-05 08:14:43,418 [INFO] CADModel:165 - CPN selected for project levelSTM32F401RCT6TR
2024-12-05 08:14:43,418 [INFO] CADModel:114 - Register for checkConnection events
2024-12-05 08:14:43,470 [INFO] OpenFileManager:363 - Restore cursor
2024-12-05 08:21:21,710 [INFO] NvicIntPanel:101 - NVIC parent = com.st.microxplorer.plugins.ip.nvic.MultiNvicIntPanel[,0,0,450x210,layout=javax.swing.BoxLayout,alignmentX=0.0,alignmentY=0.0,border=,flags=9,maximumSize=,minimumSize=,preferredSize=]
2024-12-05 08:25:37,760 [INFO] NvicIntPanel:101 - NVIC parent = com.st.microxplorer.plugins.ip.nvic.MultiNvicIntPanel[,0,0,0x0,invalid,layout=javax.swing.BoxLayout,alignmentX=0.0,alignmentY=0.0,border=,flags=9,maximumSize=,minimumSize=,preferredSize=]
2024-12-05 08:25:43,610 [INFO] NvicIntPanel:101 - NVIC parent = com.st.microxplorer.plugins.ip.nvic.MultiNvicIntPanel[,0,0,0x0,invalid,layout=javax.swing.BoxLayout,alignmentX=0.0,alignmentY=0.0,border=,flags=9,maximumSize=,minimumSize=,preferredSize=]
2024-12-05 08:26:22,733 [INFO] UtilMem:75 - End SaveConfig() Used Memory: 487182800 Bytes (1073741824)
2024-12-05 08:26:22,936 [INFO] UtilMem:75 - End SaveConfig() Used Memory: 501998840 Bytes (1073741824)
2024-12-05 08:26:23,860 [INFO] UtilMem:75 - End SaveConfig() Used Memory: 541182416 Bytes (1073741824)
2024-12-05 08:26:25,070 [INFO] BlockDiagram:2766 - set Specific Code input for plugin: SPI
2024-12-05 08:26:25,070 [INFO] BlockDiagram:2766 - set Specific Code input for plugin: NVIC
2024-12-05 08:26:25,070 [INFO] BlockDiagram:2766 - set Specific Code input for plugin: TIM1_8
2024-12-05 08:26:25,070 [INFO] BlockDiagram:2766 - set Specific Code input for plugin: TIM1_8
2024-12-05 08:26:25,070 [INFO] BlockDiagram:2766 - set Specific Code input for plugin: SYS
2024-12-05 08:26:25,071 [INFO] BlockDiagram:2766 - set Specific Code input for plugin: GPIO
2024-12-05 08:26:25,071 [INFO] BlockDiagram:2766 - set Specific Code input for plugin: RCC
2024-12-05 08:26:25,072 [INFO] CodeGenerator:896 - code generatio: config db path: /home/cotti/.stm32cubemx/databases/DB.6.0.120/db/
2024-12-05 08:26:25,341 [INFO] CodeEngine:255 - oldGeneratedFile, /home/cotti/Desktop/Potencia/repos/bldc-controller-edp/code/FOC_pwm/MXTmpFiles/license.tmp_save
2024-12-05 08:26:25,971 [INFO] CodeEngine:279 - Generated code: /home/cotti/Desktop/Potencia/repos/bldc-controller-edp/code/FOC_pwm/MXTmpFiles/license.tmp
2024-12-05 08:26:26,074 [INFO] CodeEngine:255 - oldGeneratedFile, /home/cotti/Desktop/Potencia/repos/bldc-controller-edp/code/FOC_pwm/MXTmpFiles/gpio.tmp_save
2024-12-05 08:26:26,380 [INFO] CodeEngine:279 - Generated code: /home/cotti/Desktop/Potencia/repos/bldc-controller-edp/code/FOC_pwm/MXTmpFiles/gpio.tmp
2024-12-05 08:26:27,056 [INFO] CodeEngine:255 - oldGeneratedFile, /home/cotti/Desktop/Potencia/repos/bldc-controller-edp/code/FOC_pwm/Core/Src/stm32f4xx_it.c_save
2024-12-05 08:26:27,260 [INFO] CodeEngine:279 - Generated code: /home/cotti/Desktop/Potencia/repos/bldc-controller-edp/code/FOC_pwm/Core/Src/stm32f4xx_it.c
2024-12-05 08:26:27,265 [INFO] CodeEngine:255 - oldGeneratedFile, /home/cotti/Desktop/Potencia/repos/bldc-controller-edp/code/FOC_pwm/Core/Inc/stm32f4xx_it.h_save
2024-12-05 08:26:27,381 [INFO] CodeEngine:279 - Generated code: /home/cotti/Desktop/Potencia/repos/bldc-controller-edp/code/FOC_pwm/Core/Inc/stm32f4xx_it.h
2024-12-05 08:26:27,391 [INFO] CodeEngine:255 - oldGeneratedFile, /home/cotti/Desktop/Potencia/repos/bldc-controller-edp/code/FOC_pwm/Core/Src/stm32f4xx_hal_msp.c_save
2024-12-05 08:26:27,661 [INFO] CodeEngine:279 - Generated code: /home/cotti/Desktop/Potencia/repos/bldc-controller-edp/code/FOC_pwm/Core/Src/stm32f4xx_hal_msp.c
2024-12-05 08:26:27,663 [INFO] CodeEngine:255 - oldGeneratedFile, /home/cotti/Desktop/Potencia/repos/bldc-controller-edp/code/FOC_pwm/MXTmpFiles/system.tmp_save
2024-12-05 08:26:27,808 [INFO] CodeEngine:279 - Generated code: /home/cotti/Desktop/Potencia/repos/bldc-controller-edp/code/FOC_pwm/MXTmpFiles/system.tmp
2024-12-05 08:26:27,817 [INFO] CodeEngine:311 - oldGeneratedFile, /home/cotti/Desktop/Potencia/repos/bldc-controller-edp/code/FOC_pwm/Core/Inc/stm32f4xx_hal_conf.h_save
2024-12-05 08:26:27,979 [INFO] CodeEngine:335 - Generated code: /home/cotti/Desktop/Potencia/repos/bldc-controller-edp/code/FOC_pwm/Core/Inc/stm32f4xx_hal_conf.h
2024-12-05 08:26:28,071 [INFO] ApiDbMcu:508 - Load IP Config File for SPI3
2024-12-05 08:26:28,295 [INFO] ApiDbMcu:508 - Load IP Config File for TIM1
2024-12-05 08:26:28,422 [INFO] ApiDbMcu:508 - Load IP Config File for TIM3
2024-12-05 08:26:28,437 [INFO] ApiDbMcu:508 - Load IP Config File for RCC
2024-12-05 08:26:28,440 [WARN] IPConfigManager:3618 - IP not found : TIM
2024-12-05 08:26:28,441 [WARN] CodeGenerator:4152 - IP not found : null
2024-12-05 08:26:28,444 [INFO] CodeEngine:255 - oldGeneratedFile, /home/cotti/Desktop/Potencia/repos/bldc-controller-edp/code/FOC_pwm/Core/Inc/main.h_save
2024-12-05 08:26:28,643 [INFO] CodeEngine:279 - Generated code: /home/cotti/Desktop/Potencia/repos/bldc-controller-edp/code/FOC_pwm/Core/Inc/main.h
2024-12-05 08:26:28,646 [INFO] CodeEngine:255 - oldGeneratedFile, /home/cotti/Desktop/Potencia/repos/bldc-controller-edp/code/FOC_pwm/Core/Src/main.c_save
2024-12-05 08:26:29,097 [INFO] CodeEngine:279 - Generated code: /home/cotti/Desktop/Potencia/repos/bldc-controller-edp/code/FOC_pwm/Core/Src/main.c
2024-12-05 08:26:29,591 [INFO] ProjectBuilder:3289 - Time for Copy HAL[1] : 81mS.
2024-12-05 08:26:29,598 [INFO] ProjectBuilder:4876 - Project Generator version: 4.5.0-RC5
2024-12-05 08:26:29,770 [INFO] ConfigFileManager:1579 - The Die is : DIE423
2024-12-05 08:26:29,805 [INFO] ApiDbMcu:508 - Load IP Config File for FATFS
2024-12-05 08:26:29,840 [INFO] ApiDbMcu:508 - Load IP Config File for FREERTOS
2024-12-05 08:26:29,847 [INFO] ApiDbMcu:508 - Load IP Config File for LIBJPEG
2024-12-05 08:26:29,919 [INFO] ApiDbMcu:508 - Load IP Config File for MBEDTLS
2024-12-05 08:26:29,985 [INFO] ApiDbMcu:508 - Load IP Config File for USB_DEVICE
2024-12-05 08:26:30,004 [INFO] ApiDbMcu:508 - Load IP Config File for USB_HOST
2024-12-05 08:26:30,610 [INFO] LogOutputStream:77 - [STDOUT_REDIRECT] 
2024-12-05 08:26:32,766 [INFO] ProjectBuilder:5154 - Time for Generating toolchain IDE Files: 3164mS.
2024-12-05 08:26:32,767 [INFO] ProjectBuilder:3146 - Time for Copy CMSIS : 0mS.
2024-12-05 08:26:32,770 [INFO] ProjectBuilder:3146 - Time for Copy CMSIS : 0mS.
2024-12-05 08:42:21,953 [INFO] NvicIntPanel:101 - NVIC parent = com.st.microxplorer.plugins.ip.nvic.MultiNvicIntPanel[,0,0,0x0,invalid,layout=javax.swing.BoxLayout,alignmentX=0.0,alignmentY=0.0,border=,flags=9,maximumSize=,minimumSize=,preferredSize=]
2024-12-05 08:42:26,042 [INFO] UtilMem:75 - End SaveConfig() Used Memory: 458985712 Bytes (954204160)
2024-12-05 08:42:26,666 [INFO] UtilMem:75 - End SaveConfig() Used Memory: 475589104 Bytes (954204160)
2024-12-05 08:42:27,551 [INFO] NvicIntPanel:101 - NVIC parent = com.st.microxplorer.plugins.ip.nvic.MultiNvicIntPanel[,0,0,0x0,invalid,layout=javax.swing.BoxLayout,alignmentX=0.0,alignmentY=0.0,border=,flags=9,maximumSize=,minimumSize=,preferredSize=]
2024-12-05 08:42:29,486 [INFO] UtilMem:75 - End SaveConfig() Used Memory: 624016696 Bytes (954204160)
2024-12-05 08:42:31,007 [INFO] BlockDiagram:2766 - set Specific Code input for plugin: SPI
2024-12-05 08:42:31,007 [INFO] BlockDiagram:2766 - set Specific Code input for plugin: NVIC
2024-12-05 08:42:31,007 [INFO] BlockDiagram:2766 - set Specific Code input for plugin: TIM1_8
2024-12-05 08:42:31,007 [INFO] BlockDiagram:2766 - set Specific Code input for plugin: TIM1_8
2024-12-05 08:42:31,007 [INFO] BlockDiagram:2766 - set Specific Code input for plugin: SYS
2024-12-05 08:42:31,018 [INFO] BlockDiagram:2766 - set Specific Code input for plugin: GPIO
2024-12-05 08:42:31,019 [INFO] BlockDiagram:2766 - set Specific Code input for plugin: RCC
2024-12-05 08:42:31,025 [INFO] CodeGenerator:896 - code generatio: config db path: /home/cotti/.stm32cubemx/databases/DB.6.0.120/db/
2024-12-05 08:42:31,474 [INFO] CodeEngine:255 - oldGeneratedFile, /home/cotti/Desktop/Potencia/repos/bldc-controller-edp/code/FOC_pwm/MXTmpFiles/license.tmp_save
2024-12-05 08:42:32,971 [INFO] CodeEngine:279 - Generated code: /home/cotti/Desktop/Potencia/repos/bldc-controller-edp/code/FOC_pwm/MXTmpFiles/license.tmp
2024-12-05 08:42:33,244 [INFO] CodeEngine:255 - oldGeneratedFile, /home/cotti/Desktop/Potencia/repos/bldc-controller-edp/code/FOC_pwm/MXTmpFiles/gpio.tmp_save
2024-12-05 08:42:33,667 [INFO] CodeEngine:279 - Generated code: /home/cotti/Desktop/Potencia/repos/bldc-controller-edp/code/FOC_pwm/MXTmpFiles/gpio.tmp
2024-12-05 08:42:34,977 [INFO] CodeEngine:255 - oldGeneratedFile, /home/cotti/Desktop/Potencia/repos/bldc-controller-edp/code/FOC_pwm/Core/Src/stm32f4xx_it.c_save
2024-12-05 08:42:36,122 [INFO] CodeEngine:279 - Generated code: /home/cotti/Desktop/Potencia/repos/bldc-controller-edp/code/FOC_pwm/Core/Src/stm32f4xx_it.c
2024-12-05 08:42:36,127 [INFO] CodeEngine:255 - oldGeneratedFile, /home/cotti/Desktop/Potencia/repos/bldc-controller-edp/code/FOC_pwm/Core/Inc/stm32f4xx_it.h_save
2024-12-05 08:42:36,546 [INFO] CodeEngine:279 - Generated code: /home/cotti/Desktop/Potencia/repos/bldc-controller-edp/code/FOC_pwm/Core/Inc/stm32f4xx_it.h
2024-12-05 08:42:36,555 [INFO] CodeEngine:255 - oldGeneratedFile, /home/cotti/Desktop/Potencia/repos/bldc-controller-edp/code/FOC_pwm/Core/Src/stm32f4xx_hal_msp.c_save
2024-12-05 08:42:37,103 [INFO] CodeEngine:279 - Generated code: /home/cotti/Desktop/Potencia/repos/bldc-controller-edp/code/FOC_pwm/Core/Src/stm32f4xx_hal_msp.c
2024-12-05 08:42:37,106 [INFO] CodeEngine:255 - oldGeneratedFile, /home/cotti/Desktop/Potencia/repos/bldc-controller-edp/code/FOC_pwm/MXTmpFiles/system.tmp_save
2024-12-05 08:42:37,259 [INFO] CodeEngine:279 - Generated code: /home/cotti/Desktop/Potencia/repos/bldc-controller-edp/code/FOC_pwm/MXTmpFiles/system.tmp
2024-12-05 08:42:37,264 [INFO] CodeEngine:311 - oldGeneratedFile, /home/cotti/Desktop/Potencia/repos/bldc-controller-edp/code/FOC_pwm/Core/Inc/stm32f4xx_hal_conf.h_save
2024-12-05 08:42:37,436 [INFO] CodeEngine:335 - Generated code: /home/cotti/Desktop/Potencia/repos/bldc-controller-edp/code/FOC_pwm/Core/Inc/stm32f4xx_hal_conf.h
2024-12-05 08:42:37,506 [WARN] IPConfigManager:3618 - IP not found : TIM
2024-12-05 08:42:37,507 [WARN] CodeGenerator:4152 - IP not found : null
2024-12-05 08:42:37,513 [INFO] CodeEngine:255 - oldGeneratedFile, /home/cotti/Desktop/Potencia/repos/bldc-controller-edp/code/FOC_pwm/Core/Inc/main.h_save
2024-12-05 08:42:37,779 [INFO] CodeEngine:279 - Generated code: /home/cotti/Desktop/Potencia/repos/bldc-controller-edp/code/FOC_pwm/Core/Inc/main.h
2024-12-05 08:42:37,783 [INFO] CodeEngine:255 - oldGeneratedFile, /home/cotti/Desktop/Potencia/repos/bldc-controller-edp/code/FOC_pwm/Core/Src/main.c_save
2024-12-05 08:42:38,073 [INFO] CodeEngine:279 - Generated code: /home/cotti/Desktop/Potencia/repos/bldc-controller-edp/code/FOC_pwm/Core/Src/main.c
2024-12-05 08:42:38,679 [INFO] ProjectBuilder:3289 - Time for Copy HAL[1] : 51mS.
2024-12-05 08:42:38,682 [INFO] ProjectBuilder:4876 - Project Generator version: 4.5.0-RC5
2024-12-05 08:42:38,853 [INFO] ConfigFileManager:1579 - The Die is : DIE423
2024-12-05 08:42:41,672 [INFO] ProjectBuilder:5154 - Time for Generating toolchain IDE Files: 2991mS.
2024-12-05 08:42:41,672 [INFO] ProjectBuilder:3146 - Time for Copy CMSIS : 0mS.
2024-12-05 08:42:41,673 [INFO] ProjectBuilder:3146 - Time for Copy CMSIS : 0mS.
2024-12-05 08:44:49,118 [INFO] NvicIntPanel:101 - NVIC parent = com.st.microxplorer.plugins.ip.nvic.MultiNvicIntPanel[,0,0,0x0,invalid,layout=javax.swing.BoxLayout,alignmentX=0.0,alignmentY=0.0,border=,flags=9,maximumSize=,minimumSize=,preferredSize=]
2024-12-05 08:44:50,859 [INFO] UtilMem:75 - End SaveConfig() Used Memory: 717225984 Bytes (954204160)
2024-12-05 08:44:51,174 [INFO] UtilMem:75 - End SaveConfig() Used Memory: 732954624 Bytes (954204160)
2024-12-05 08:44:51,864 [INFO] UtilMem:75 - End SaveConfig() Used Memory: 765986816 Bytes (954204160)
2024-12-05 08:44:52,072 [INFO] BlockDiagram:2766 - set Specific Code input for plugin: SPI
2024-12-05 08:44:52,072 [INFO] BlockDiagram:2766 - set Specific Code input for plugin: NVIC
2024-12-05 08:44:52,072 [INFO] BlockDiagram:2766 - set Specific Code input for plugin: TIM1_8
2024-12-05 08:44:52,074 [INFO] BlockDiagram:2766 - set Specific Code input for plugin: TIM1_8
2024-12-05 08:44:52,074 [INFO] BlockDiagram:2766 - set Specific Code input for plugin: SYS
2024-12-05 08:44:52,075 [INFO] BlockDiagram:2766 - set Specific Code input for plugin: GPIO
2024-12-05 08:44:52,075 [INFO] BlockDiagram:2766 - set Specific Code input for plugin: RCC
2024-12-05 08:44:52,075 [INFO] CodeGenerator:896 - code generatio: config db path: /home/cotti/.stm32cubemx/databases/DB.6.0.120/db/
2024-12-05 08:44:52,258 [INFO] CodeEngine:255 - oldGeneratedFile, /home/cotti/Desktop/Potencia/repos/bldc-controller-edp/code/FOC_pwm/MXTmpFiles/license.tmp_save
2024-12-05 08:44:52,423 [INFO] CodeEngine:279 - Generated code: /home/cotti/Desktop/Potencia/repos/bldc-controller-edp/code/FOC_pwm/MXTmpFiles/license.tmp
2024-12-05 08:44:52,464 [INFO] CodeEngine:255 - oldGeneratedFile, /home/cotti/Desktop/Potencia/repos/bldc-controller-edp/code/FOC_pwm/MXTmpFiles/gpio.tmp_save
2024-12-05 08:44:52,589 [INFO] CodeEngine:279 - Generated code: /home/cotti/Desktop/Potencia/repos/bldc-controller-edp/code/FOC_pwm/MXTmpFiles/gpio.tmp
2024-12-05 08:44:52,858 [INFO] CodeEngine:255 - oldGeneratedFile, /home/cotti/Desktop/Potencia/repos/bldc-controller-edp/code/FOC_pwm/Core/Src/stm32f4xx_it.c_save
2024-12-05 08:44:52,984 [INFO] CodeEngine:279 - Generated code: /home/cotti/Desktop/Potencia/repos/bldc-controller-edp/code/FOC_pwm/Core/Src/stm32f4xx_it.c
2024-12-05 08:44:52,986 [INFO] CodeEngine:255 - oldGeneratedFile, /home/cotti/Desktop/Potencia/repos/bldc-controller-edp/code/FOC_pwm/Core/Inc/stm32f4xx_it.h_save
2024-12-05 08:44:53,073 [INFO] CodeEngine:279 - Generated code: /home/cotti/Desktop/Potencia/repos/bldc-controller-edp/code/FOC_pwm/Core/Inc/stm32f4xx_it.h
2024-12-05 08:44:53,081 [INFO] CodeEngine:255 - oldGeneratedFile, /home/cotti/Desktop/Potencia/repos/bldc-controller-edp/code/FOC_pwm/Core/Src/stm32f4xx_hal_msp.c_save
2024-12-05 08:44:53,217 [INFO] CodeEngine:279 - Generated code: /home/cotti/Desktop/Potencia/repos/bldc-controller-edp/code/FOC_pwm/Core/Src/stm32f4xx_hal_msp.c
2024-12-05 08:44:53,219 [INFO] CodeEngine:255 - oldGeneratedFile, /home/cotti/Desktop/Potencia/repos/bldc-controller-edp/code/FOC_pwm/MXTmpFiles/system.tmp_save
2024-12-05 08:44:53,321 [INFO] CodeEngine:279 - Generated code: /home/cotti/Desktop/Potencia/repos/bldc-controller-edp/code/FOC_pwm/MXTmpFiles/system.tmp
2024-12-05 08:44:53,325 [INFO] CodeEngine:311 - oldGeneratedFile, /home/cotti/Desktop/Potencia/repos/bldc-controller-edp/code/FOC_pwm/Core/Inc/stm32f4xx_hal_conf.h_save
2024-12-05 08:44:53,482 [INFO] CodeEngine:335 - Generated code: /home/cotti/Desktop/Potencia/repos/bldc-controller-edp/code/FOC_pwm/Core/Inc/stm32f4xx_hal_conf.h
2024-12-05 08:44:53,521 [WARN] IPConfigManager:3618 - IP not found : TIM
2024-12-05 08:44:53,522 [WARN] CodeGenerator:4152 - IP not found : null
2024-12-05 08:44:53,527 [INFO] CodeEngine:255 - oldGeneratedFile, /home/cotti/Desktop/Potencia/repos/bldc-controller-edp/code/FOC_pwm/Core/Inc/main.h_save
2024-12-05 08:44:53,705 [INFO] CodeEngine:279 - Generated code: /home/cotti/Desktop/Potencia/repos/bldc-controller-edp/code/FOC_pwm/Core/Inc/main.h
2024-12-05 08:44:53,708 [INFO] CodeEngine:255 - oldGeneratedFile, /home/cotti/Desktop/Potencia/repos/bldc-controller-edp/code/FOC_pwm/Core/Src/main.c_save
2024-12-05 08:44:53,910 [INFO] CodeEngine:279 - Generated code: /home/cotti/Desktop/Potencia/repos/bldc-controller-edp/code/FOC_pwm/Core/Src/main.c
2024-12-05 08:44:54,225 [INFO] ProjectBuilder:3289 - Time for Copy HAL[1] : 38mS.
2024-12-05 08:44:54,228 [INFO] ProjectBuilder:4876 - Project Generator version: 4.5.0-RC5
2024-12-05 08:44:54,355 [INFO] ConfigFileManager:1579 - The Die is : DIE423
2024-12-05 08:44:55,717 [INFO] ProjectBuilder:5154 - Time for Generating toolchain IDE Files: 1488mS.
2024-12-05 08:44:55,717 [INFO] ProjectBuilder:3146 - Time for Copy CMSIS : 0mS.
2024-12-05 08:44:55,719 [INFO] ProjectBuilder:3146 - Time for Copy CMSIS : 0mS.
2024-12-05 09:27:47,105 [INFO] UtilMem:75 - End SaveConfig() Used Memory: 675216048 Bytes (954204160)
2024-12-05 09:27:47,560 [INFO] UtilMem:75 - End SaveConfig() Used Memory: 691788432 Bytes (954204160)
2024-12-05 09:27:50,354 [INFO] UtilMem:75 - End SaveConfig() Used Memory: 767294000 Bytes (954204160)
2024-12-05 09:27:52,764 [INFO] BlockDiagram:2766 - set Specific Code input for plugin: SPI
2024-12-05 09:27:52,764 [INFO] BlockDiagram:2766 - set Specific Code input for plugin: NVIC
2024-12-05 09:27:52,764 [INFO] BlockDiagram:2766 - set Specific Code input for plugin: TIM1_8
2024-12-05 09:27:52,764 [INFO] BlockDiagram:2766 - set Specific Code input for plugin: TIM1_8
2024-12-05 09:27:52,772 [INFO] BlockDiagram:2766 - set Specific Code input for plugin: SYS
2024-12-05 09:27:52,773 [INFO] BlockDiagram:2766 - set Specific Code input for plugin: GPIO
2024-12-05 09:27:52,773 [INFO] BlockDiagram:2766 - set Specific Code input for plugin: RCC
2024-12-05 09:27:52,774 [INFO] CodeGenerator:896 - code generatio: config db path: /home/cotti/.stm32cubemx/databases/DB.6.0.120/db/
2024-12-05 09:27:53,983 [INFO] CodeEngine:255 - oldGeneratedFile, /home/cotti/Desktop/Potencia/repos/bldc-controller-edp/code/FOC_pwm/MXTmpFiles/license.tmp_save
2024-12-05 09:27:55,533 [INFO] CodeEngine:279 - Generated code: /home/cotti/Desktop/Potencia/repos/bldc-controller-edp/code/FOC_pwm/MXTmpFiles/license.tmp
2024-12-05 09:27:55,880 [INFO] CodeEngine:255 - oldGeneratedFile, /home/cotti/Desktop/Potencia/repos/bldc-controller-edp/code/FOC_pwm/MXTmpFiles/gpio.tmp_save
2024-12-05 09:27:56,445 [INFO] CodeEngine:279 - Generated code: /home/cotti/Desktop/Potencia/repos/bldc-controller-edp/code/FOC_pwm/MXTmpFiles/gpio.tmp
2024-12-05 09:27:56,982 [INFO] CodeEngine:255 - oldGeneratedFile, /home/cotti/Desktop/Potencia/repos/bldc-controller-edp/code/FOC_pwm/Core/Src/stm32f4xx_it.c_save
2024-12-05 09:27:57,500 [INFO] CodeEngine:279 - Generated code: /home/cotti/Desktop/Potencia/repos/bldc-controller-edp/code/FOC_pwm/Core/Src/stm32f4xx_it.c
2024-12-05 09:27:57,506 [INFO] CodeEngine:255 - oldGeneratedFile, /home/cotti/Desktop/Potencia/repos/bldc-controller-edp/code/FOC_pwm/Core/Inc/stm32f4xx_it.h_save
2024-12-05 09:27:57,713 [INFO] CodeEngine:279 - Generated code: /home/cotti/Desktop/Potencia/repos/bldc-controller-edp/code/FOC_pwm/Core/Inc/stm32f4xx_it.h
2024-12-05 09:27:57,727 [INFO] CodeEngine:255 - oldGeneratedFile, /home/cotti/Desktop/Potencia/repos/bldc-controller-edp/code/FOC_pwm/Core/Src/stm32f4xx_hal_msp.c_save
2024-12-05 09:27:57,999 [INFO] CodeEngine:279 - Generated code: /home/cotti/Desktop/Potencia/repos/bldc-controller-edp/code/FOC_pwm/Core/Src/stm32f4xx_hal_msp.c
2024-12-05 09:27:58,002 [INFO] CodeEngine:255 - oldGeneratedFile, /home/cotti/Desktop/Potencia/repos/bldc-controller-edp/code/FOC_pwm/MXTmpFiles/system.tmp_save
2024-12-05 09:27:58,123 [INFO] CodeEngine:279 - Generated code: /home/cotti/Desktop/Potencia/repos/bldc-controller-edp/code/FOC_pwm/MXTmpFiles/system.tmp
2024-12-05 09:27:58,128 [INFO] CodeEngine:311 - oldGeneratedFile, /home/cotti/Desktop/Potencia/repos/bldc-controller-edp/code/FOC_pwm/Core/Inc/stm32f4xx_hal_conf.h_save
2024-12-05 09:27:58,255 [INFO] CodeEngine:335 - Generated code: /home/cotti/Desktop/Potencia/repos/bldc-controller-edp/code/FOC_pwm/Core/Inc/stm32f4xx_hal_conf.h
2024-12-05 09:27:58,303 [WARN] IPConfigManager:3618 - IP not found : TIM
2024-12-05 09:27:58,304 [WARN] CodeGenerator:4152 - IP not found : null
2024-12-05 09:27:58,312 [INFO] CodeEngine:255 - oldGeneratedFile, /home/cotti/Desktop/Potencia/repos/bldc-controller-edp/code/FOC_pwm/Core/Inc/main.h_save
2024-12-05 09:27:58,542 [INFO] CodeEngine:279 - Generated code: /home/cotti/Desktop/Potencia/repos/bldc-controller-edp/code/FOC_pwm/Core/Inc/main.h
2024-12-05 09:27:58,548 [INFO] CodeEngine:255 - oldGeneratedFile, /home/cotti/Desktop/Potencia/repos/bldc-controller-edp/code/FOC_pwm/Core/Src/main.c_save
2024-12-05 09:27:58,868 [INFO] CodeEngine:279 - Generated code: /home/cotti/Desktop/Potencia/repos/bldc-controller-edp/code/FOC_pwm/Core/Src/main.c
2024-12-05 09:27:59,294 [INFO] ProjectBuilder:3289 - Time for Copy HAL[1] : 54mS.
2024-12-05 09:27:59,297 [INFO] ProjectBuilder:4876 - Project Generator version: 4.5.0-RC5
2024-12-05 09:27:59,472 [INFO] ConfigFileManager:1579 - The Die is : DIE423
2024-12-05 09:28:02,594 [INFO] ProjectBuilder:5154 - Time for Generating toolchain IDE Files: 3297mS.
2024-12-05 09:28:02,595 [INFO] ProjectBuilder:3146 - Time for Copy CMSIS : 0mS.
2024-12-05 09:28:02,599 [INFO] ProjectBuilder:3146 - Time for Copy CMSIS : 1mS.
2024-12-05 09:30:24,001 [INFO] NvicIntPanel:101 - NVIC parent = com.st.microxplorer.plugins.ip.nvic.MultiNvicIntPanel[,0,0,0x0,invalid,layout=javax.swing.BoxLayout,alignmentX=0.0,alignmentY=0.0,border=,flags=9,maximumSize=,minimumSize=,preferredSize=]
2024-12-05 09:30:31,273 [INFO] NvicIntPanel:101 - NVIC parent = com.st.microxplorer.plugins.ip.nvic.MultiNvicIntPanel[,0,0,0x0,invalid,layout=javax.swing.BoxLayout,alignmentX=0.0,alignmentY=0.0,border=,flags=9,maximumSize=,minimumSize=,preferredSize=]
2024-12-05 09:30:46,746 [INFO] NvicIntPanel:101 - NVIC parent = com.st.microxplorer.plugins.ip.nvic.MultiNvicIntPanel[,0,0,0x0,invalid,layout=javax.swing.BoxLayout,alignmentX=0.0,alignmentY=0.0,border=,flags=9,maximumSize=,minimumSize=,preferredSize=]
2024-12-05 09:30:49,294 [INFO] NvicIntPanel:101 - NVIC parent = com.st.microxplorer.plugins.ip.nvic.MultiNvicIntPanel[,0,0,0x0,invalid,layout=javax.swing.BoxLayout,alignmentX=0.0,alignmentY=0.0,border=,flags=9,maximumSize=,minimumSize=,preferredSize=]
2024-12-05 09:30:51,106 [INFO] NvicIntPanel:101 - NVIC parent = com.st.microxplorer.plugins.ip.nvic.MultiNvicIntPanel[,0,0,0x0,invalid,layout=javax.swing.BoxLayout,alignmentX=0.0,alignmentY=0.0,border=,flags=9,maximumSize=,minimumSize=,preferredSize=]
2024-12-05 09:30:58,693 [INFO] UtilMem:75 - End SaveConfig() Used Memory: 662449440 Bytes (947912704)
2024-12-05 09:30:58,893 [INFO] UtilMem:75 - End SaveConfig() Used Memory: 677129504 Bytes (947912704)
2024-12-05 09:30:59,889 [INFO] UtilMem:75 - End SaveConfig() Used Memory: 790897952 Bytes (947912704)
2024-12-05 09:31:00,347 [INFO] BlockDiagram:2766 - set Specific Code input for plugin: SPI
2024-12-05 09:31:00,347 [INFO] BlockDiagram:2766 - set Specific Code input for plugin: NVIC
2024-12-05 09:31:00,347 [INFO] BlockDiagram:2766 - set Specific Code input for plugin: TIM1_8
2024-12-05 09:31:00,348 [INFO] BlockDiagram:2766 - set Specific Code input for plugin: TIM1_8
2024-12-05 09:31:00,348 [INFO] BlockDiagram:2766 - set Specific Code input for plugin: SYS
2024-12-05 09:31:00,349 [INFO] BlockDiagram:2766 - set Specific Code input for plugin: GPIO
2024-12-05 09:31:00,353 [INFO] BlockDiagram:2766 - set Specific Code input for plugin: RCC
2024-12-05 09:31:00,353 [INFO] CodeGenerator:896 - code generatio: config db path: /home/cotti/.stm32cubemx/databases/DB.6.0.120/db/
2024-12-05 09:31:00,587 [INFO] CodeEngine:255 - oldGeneratedFile, /home/cotti/Desktop/Potencia/repos/bldc-controller-edp/code/FOC_pwm/MXTmpFiles/license.tmp_save
2024-12-05 09:31:00,938 [INFO] CodeEngine:279 - Generated code: /home/cotti/Desktop/Potencia/repos/bldc-controller-edp/code/FOC_pwm/MXTmpFiles/license.tmp
2024-12-05 09:31:00,989 [INFO] CodeEngine:255 - oldGeneratedFile, /home/cotti/Desktop/Potencia/repos/bldc-controller-edp/code/FOC_pwm/MXTmpFiles/gpio.tmp_save
2024-12-05 09:31:01,133 [INFO] CodeEngine:279 - Generated code: /home/cotti/Desktop/Potencia/repos/bldc-controller-edp/code/FOC_pwm/MXTmpFiles/gpio.tmp
2024-12-05 09:31:01,375 [INFO] CodeEngine:255 - oldGeneratedFile, /home/cotti/Desktop/Potencia/repos/bldc-controller-edp/code/FOC_pwm/Core/Src/stm32f4xx_it.c_save
2024-12-05 09:31:01,501 [INFO] CodeEngine:279 - Generated code: /home/cotti/Desktop/Potencia/repos/bldc-controller-edp/code/FOC_pwm/Core/Src/stm32f4xx_it.c
2024-12-05 09:31:01,504 [INFO] CodeEngine:255 - oldGeneratedFile, /home/cotti/Desktop/Potencia/repos/bldc-controller-edp/code/FOC_pwm/Core/Inc/stm32f4xx_it.h_save
2024-12-05 09:31:01,618 [INFO] CodeEngine:279 - Generated code: /home/cotti/Desktop/Potencia/repos/bldc-controller-edp/code/FOC_pwm/Core/Inc/stm32f4xx_it.h
2024-12-05 09:31:01,625 [INFO] CodeEngine:255 - oldGeneratedFile, /home/cotti/Desktop/Potencia/repos/bldc-controller-edp/code/FOC_pwm/Core/Src/stm32f4xx_hal_msp.c_save
2024-12-05 09:31:01,774 [INFO] CodeEngine:279 - Generated code: /home/cotti/Desktop/Potencia/repos/bldc-controller-edp/code/FOC_pwm/Core/Src/stm32f4xx_hal_msp.c
2024-12-05 09:31:01,776 [INFO] CodeEngine:255 - oldGeneratedFile, /home/cotti/Desktop/Potencia/repos/bldc-controller-edp/code/FOC_pwm/MXTmpFiles/system.tmp_save
2024-12-05 09:31:01,878 [INFO] CodeEngine:279 - Generated code: /home/cotti/Desktop/Potencia/repos/bldc-controller-edp/code/FOC_pwm/MXTmpFiles/system.tmp
2024-12-05 09:31:01,882 [INFO] CodeEngine:311 - oldGeneratedFile, /home/cotti/Desktop/Potencia/repos/bldc-controller-edp/code/FOC_pwm/Core/Inc/stm32f4xx_hal_conf.h_save
2024-12-05 09:31:01,996 [INFO] CodeEngine:335 - Generated code: /home/cotti/Desktop/Potencia/repos/bldc-controller-edp/code/FOC_pwm/Core/Inc/stm32f4xx_hal_conf.h
2024-12-05 09:31:02,026 [WARN] IPConfigManager:3618 - IP not found : TIM
2024-12-05 09:31:02,027 [WARN] CodeGenerator:4152 - IP not found : null
2024-12-05 09:31:02,031 [INFO] CodeEngine:255 - oldGeneratedFile, /home/cotti/Desktop/Potencia/repos/bldc-controller-edp/code/FOC_pwm/Core/Inc/main.h_save
2024-12-05 09:31:02,159 [INFO] CodeEngine:279 - Generated code: /home/cotti/Desktop/Potencia/repos/bldc-controller-edp/code/FOC_pwm/Core/Inc/main.h
2024-12-05 09:31:02,161 [INFO] CodeEngine:255 - oldGeneratedFile, /home/cotti/Desktop/Potencia/repos/bldc-controller-edp/code/FOC_pwm/Core/Src/main.c_save
2024-12-05 09:31:02,333 [INFO] CodeEngine:279 - Generated code: /home/cotti/Desktop/Potencia/repos/bldc-controller-edp/code/FOC_pwm/Core/Src/main.c
2024-12-05 09:31:02,698 [INFO] ProjectBuilder:3289 - Time for Copy HAL[1] : 40mS.
2024-12-05 09:31:02,701 [INFO] ProjectBuilder:4876 - Project Generator version: 4.5.0-RC5
2024-12-05 09:31:02,814 [INFO] ConfigFileManager:1579 - The Die is : DIE423
2024-12-05 09:31:04,523 [INFO] ProjectBuilder:5154 - Time for Generating toolchain IDE Files: 1822mS.
2024-12-05 09:31:04,523 [INFO] ProjectBuilder:3146 - Time for Copy CMSIS : 0mS.
2024-12-05 09:31:04,528 [INFO] ProjectBuilder:3146 - Time for Copy CMSIS : 0mS.
2024-12-05 09:42:16,577 [INFO] MainUpdater:2872 - connection check result : 10
2024-12-05 09:42:16,577 [INFO] MainUpdater:2872 - connection check result : 10
2024-12-05 09:42:16,618 [INFO] MicroXplorer:468 - Change Database Path : 
2024-12-05 09:42:16,618 [INFO] MicroXplorer:498 - Change Database Version : DB.6.0.130
2024-12-05 09:42:16,643 [ERROR] ProjectManagerView:394 - 
java.lang.NullPointerException: Cannot invoke "javax.swing.JTextField.getText()" because the return value of "java.util.List.get(int)" is null
	at com.st.microxplorer.plugins.projectmanager.gui.ProjectChoiceTab$9.caretUpdate(ProjectChoiceTab.java:2616) ~[filemanager.jar:?]
	at javax.swing.text.JTextComponent.fireCaretUpdate(JTextComponent.java:408) ~[?:?]
	at javax.swing.text.JTextComponent$MutableCaretEvent.fire(JTextComponent.java:4484) ~[?:?]
	at javax.swing.text.JTextComponent$MutableCaretEvent.stateChanged(JTextComponent.java:4506) ~[?:?]
	at javax.swing.text.DefaultCaret.fireStateChanged(DefaultCaret.java:857) ~[?:?]
	at javax.swing.text.DefaultCaret.changeCaretPosition(DefaultCaret.java:1343) ~[?:?]
	at javax.swing.text.DefaultCaret.handleSetDot(DefaultCaret.java:1242) ~[?:?]
	at javax.swing.text.DefaultCaret.setDot(DefaultCaret.java:1223) ~[?:?]
	at javax.swing.text.DefaultCaret$Handler.insertUpdate(DefaultCaret.java:1819) ~[?:?]
	at javax.swing.text.AbstractDocument.fireInsertUpdate(AbstractDocument.java:227) ~[?:?]
	at javax.swing.text.AbstractDocument.handleInsertString(AbstractDocument.java:781) ~[?:?]
	at javax.swing.text.AbstractDocument.insertString(AbstractDocument.java:740) ~[?:?]
	at javax.swing.text.PlainDocument.insertString(PlainDocument.java:131) ~[?:?]
	at javax.swing.text.AbstractDocument.replace(AbstractDocument.java:699) ~[?:?]
	at javax.swing.text.JTextComponent.setText(JTextComponent.java:1725) ~[?:?]
	at com.st.microxplorer.plugins.projectmanager.gui.ProjectChoiceTab.createHeapStackFields(ProjectChoiceTab.java:975) ~[filemanager.jar:?]
	at com.st.microxplorer.plugins.projectmanager.gui.ProjectChoiceTab.buildLinkSettingsPanel(ProjectChoiceTab.java:3666) ~[filemanager.jar:?]
	at com.st.microxplorer.plugins.projectmanager.gui.ProjectChoiceTab.defineWindowsFields(ProjectChoiceTab.java:1934) ~[filemanager.jar:?]
	at com.st.microxplorer.plugins.projectmanager.gui.ProjectChoiceTab.updateSettings(ProjectChoiceTab.java:553) ~[filemanager.jar:?]
	at com.st.microxplorer.plugins.projectmanager.gui.ProjectSettingsPanel.UpdateDialog(ProjectSettingsPanel.java:245) ~[filemanager.jar:?]
	at com.st.microxplorer.plugins.projectmanager.ProjectManagerView.propertyChange(ProjectManagerView.java:391) ~[filemanager.jar:?]
	at java.beans.PropertyChangeSupport.fire(PropertyChangeSupport.java:343) ~[?:?]
	at java.beans.PropertyChangeSupport.firePropertyChange(PropertyChangeSupport.java:335) ~[?:?]
	at java.beans.PropertyChangeSupport.firePropertyChange(PropertyChangeSupport.java:268) ~[?:?]
	at com.st.microxplorer.util.MXPropertyChangeSupport.firePropertyChange(MXPropertyChangeSupport.java:54) ~[STM32CubeMX.jar:?]
	at com.st.microxplorer.mxsystem.MxSystem.closeConfig(MxSystem.java:899) ~[STM32CubeMX.jar:?]
	at com.st.microxplorer.maingui.MainPanel.closeConfig(MainPanel.java:789) ~[STM32CubeMX.jar:?]
	at com.st.microxplorer.plugins.filemanager.engine.OpenFileManager.loadConfigurationFile(OpenFileManager.java:265) ~[filemanager.jar:?]
	at com.st.microxplorer.plugins.filemanager.engine.MainFileManager.userLoadConfig(MainFileManager.java:340) ~[filemanager.jar:?]
	at com.st.microxplorer.plugins.filemanager.engine.MainFileManager.userLoadConfig(MainFileManager.java:318) ~[filemanager.jar:?]
	at com.st.microxplorer.plugins.filemanager.FileManagerView.getSpecificTask(FileManagerView.java:246) ~[filemanager.jar:?]
	at com.st.stm32cube.common.mx.editor.CubeMxEditor.getMxTabbedPaneInstance(CubeMxEditor.java:1198) ~[com.st.stm32cube.common.mx_6.13.0.202411220809/:?]
	at com.st.stm32cube.common.mx.editor.CubeMxEditor$12$1.createSwingComponent(CubeMxEditor.java:1068) ~[com.st.stm32cube.common.mx_6.13.0.202411220809/:?]
	at com.st.stm32cube.common.mx.oss.core.awtswtbridge.EmbeddedSwingComposite.doComponentCreation(EmbeddedSwingComposite.java:492) ~[com.st.stm32cube.common.mx.oss_6.13.0.202411220809/:?]
	at com.st.stm32cube.common.mx.oss.core.awtswtbridge.EmbeddedSwingComposite$4.run(EmbeddedSwingComposite.java:291) ~[com.st.stm32cube.common.mx.oss_6.13.0.202411220809/:?]
	at com.st.stm32cube.common.mx.oss.core.awtswtbridge.AwtEnvironment$2.run(AwtEnvironment.java:166) ~[com.st.stm32cube.common.mx.oss_6.13.0.202411220809/:?]
	at java.awt.event.InvocationEvent.dispatch(InvocationEvent.java:318) ~[?:?]
	at java.awt.EventQueue.dispatchEventImpl(EventQueue.java:773) ~[?:?]
	at java.awt.EventQueue$4.run(EventQueue.java:720) ~[?:?]
	at java.awt.EventQueue$4.run(EventQueue.java:714) ~[?:?]
	at java.security.AccessController.doPrivileged(AccessController.java:400) ~[?:?]
	at java.security.ProtectionDomain$JavaSecurityAccessImpl.doIntersectionPrivilege(ProtectionDomain.java:87) ~[?:?]
	at java.awt.EventQueue.dispatchEvent(EventQueue.java:742) ~[?:?]
	at java.awt.EventDispatchThread.pumpOneEventForFilters(EventDispatchThread.java:203) ~[?:?]
	at java.awt.EventDispatchThread.pumpEventsForFilter(EventDispatchThread.java:124) ~[?:?]
	at java.awt.EventDispatchThread.pumpEventsForHierarchy(EventDispatchThread.java:113) ~[?:?]
	at java.awt.EventDispatchThread.pumpEvents(EventDispatchThread.java:109) ~[?:?]
	at java.awt.EventDispatchThread.pumpEvents(EventDispatchThread.java:101) ~[?:?]
	at java.awt.EventDispatchThread.run(EventDispatchThread.java:90) ~[?:?]
2024-12-05 09:42:16,646 [WARN] ThirdParty:871 - waiting for thirdparty lock release [close project]
2024-12-05 09:42:16,646 [INFO] ThirdParty:873 - entering critical section [close project]
2024-12-05 09:42:16,646 [INFO] ThirdParty:883 - exiting critical section [close project]
2024-12-05 09:42:16,648 [INFO] PinOutPanel:1589 - setPackage(No Configuration,No Configuration)
2024-12-05 09:42:16,658 [WARN] IpParametersView:154 - Warning: This peripheral hasn't parameters
2024-12-05 09:42:16,663 [WARN] MainPanel:289 - <html><b><center>Warning: This peripheral has no parameters to be configured<br></b></html>
2024-12-05 09:42:16,664 [ERROR] MainPanel:599 - java.lang.IndexOutOfBoundsException: Index: 0, Tab count: 0
2024-12-05 09:42:16,671 [INFO] UtilMem:75 - Begin LoadConfig() Used Memory: 335891064 Bytes (930086912)
2024-12-05 09:42:16,687 [INFO] MicroXplorer:468 - Change Database Path : /home/cotti/.stm32cubemx/databases/DB.6.0.120/db/
2024-12-05 09:42:16,687 [INFO] MicroXplorer:498 - Change Database Version : DB.6.0.120
2024-12-05 09:42:18,064 [INFO] OpenFileManager:332 - Change cursor
2024-12-05 09:42:18,112 [INFO] RulesReader:64 - Compatibility file has been processed (297 Rules)
2024-12-05 09:42:18,121 [INFO] Mcu:2035 - Initializing MCU STM32F401R(B-C)Tx STM32F401RCTx STM32F401RCT6TR
2024-12-05 09:42:19,291 [INFO] Context:748 - Trying to add GPIOservice into a context  which must be forbidden
2024-12-05 09:42:20,021 [INFO] RtosManager:555 - Registered RTOS mode: class=CMSIS, group=RTOS, mode=CMSIS_V1, owner=FREERTOS
2024-12-05 09:42:20,021 [INFO] RtosManager:555 - Registered RTOS mode: class=CMSIS, group=RTOS2, mode=CMSIS_V2, owner=FREERTOS
2024-12-05 09:42:20,021 [INFO] RtosManager:555 - Registered RTOS mode: class=RTOS, group=Core, mode=CMSIS_V1, owner=FREERTOS
2024-12-05 09:42:20,022 [INFO] RtosManager:555 - Registered RTOS mode: class=RTOS, group=Core, mode=CMSIS_V2, owner=FREERTOS
2024-12-05 09:42:20,022 [WARN] ModelIntegratedComponent:184 - Missing modes for component STMicroelectronics:FreeRTOS:0.0.1:STMicroelectronics:RTOS:FreeRTOS:Core:::10.2.0:
2024-12-05 09:42:20,025 [WARN] ModelIntegratedComponent:63 - No mode defined for component null
2024-12-05 09:42:20,025 [WARN] ModelIntegratedComponent:63 - No mode defined for component null
2024-12-05 09:42:20,025 [WARN] ModelIntegratedComponent:63 - No mode defined for component null
2024-12-05 09:42:20,025 [WARN] ModelIntegratedComponent:63 - No mode defined for component null
2024-12-05 09:42:20,026 [WARN] ModelIntegratedComponent:63 - No mode defined for component null
2024-12-05 09:42:20,026 [WARN] ModelIntegratedComponent:63 - No mode defined for component null
2024-12-05 09:42:20,026 [WARN] ModelIntegratedComponent:63 - No mode defined for component null
2024-12-05 09:42:20,026 [WARN] ModelIntegratedComponent:63 - No mode defined for component null
2024-12-05 09:42:20,026 [WARN] ModelIntegratedComponent:63 - No mode defined for component null
2024-12-05 09:42:20,026 [WARN] ModelIntegratedComponent:63 - No mode defined for component null
2024-12-05 09:42:20,026 [WARN] ModelIntegratedComponent:63 - No mode defined for component null
2024-12-05 09:42:20,026 [WARN] ModelIntegratedComponent:63 - No mode defined for component null
2024-12-05 09:42:20,026 [WARN] ModelIntegratedComponent:63 - No mode defined for component null
2024-12-05 09:42:20,026 [WARN] ModelIntegratedComponent:63 - No mode defined for component null
2024-12-05 09:42:20,026 [WARN] ModelIntegratedComponent:63 - No mode defined for component null
2024-12-05 09:42:20,026 [WARN] ModelIntegratedComponent:63 - No mode defined for component null
2024-12-05 09:42:20,027 [WARN] ModelIntegratedComponent:63 - No mode defined for component null
2024-12-05 09:42:20,027 [WARN] ModelIntegratedComponent:63 - No mode defined for component null
2024-12-05 09:42:20,027 [WARN] ModelIntegratedComponent:63 - No mode defined for component null
2024-12-05 09:42:20,027 [WARN] ModelIntegratedComponent:63 - No mode defined for component null
2024-12-05 09:42:20,027 [WARN] ModelIntegratedComponent:63 - No mode defined for component null
2024-12-05 09:42:20,027 [WARN] ModelIntegratedComponent:63 - No mode defined for component null
2024-12-05 09:42:20,027 [WARN] ModelIntegratedComponent:63 - No mode defined for component null
2024-12-05 09:42:20,027 [WARN] ModelIntegratedComponent:63 - No mode defined for component null
2024-12-05 09:42:20,027 [WARN] ModelIntegratedComponent:63 - No mode defined for component null
2024-12-05 09:42:20,027 [WARN] ModelIntegratedComponent:63 - No mode defined for component null
2024-12-05 09:42:20,027 [WARN] ModelIntegratedComponent:63 - No mode defined for component null
2024-12-05 09:42:20,027 [WARN] ModelIntegratedComponent:63 - No mode defined for component null
2024-12-05 09:42:20,027 [WARN] ModelIntegratedComponent:63 - No mode defined for component null
2024-12-05 09:42:20,028 [WARN] ModelIntegratedComponent:63 - No mode defined for component null
2024-12-05 09:42:20,028 [WARN] ModelIntegratedComponent:63 - No mode defined for component null
2024-12-05 09:42:20,028 [WARN] ModelIntegratedComponent:63 - No mode defined for component null
2024-12-05 09:42:20,028 [WARN] ModelIntegratedComponent:63 - No mode defined for component null
2024-12-05 09:42:20,028 [WARN] ModelIntegratedComponent:63 - No mode defined for component null
2024-12-05 09:42:20,028 [WARN] ModelIntegratedComponent:63 - No mode defined for component null
2024-12-05 09:42:20,028 [WARN] ModelPack:524 - Component already loaded: STMicroelectronics:HAL Drivers:0.0.0:STMicroelectronics:Device:STMicro_Driver:XSPI:HAL::0.0.1:HAL_XSPI
2024-12-05 09:42:20,034 [WARN] ModelIntegratedComponent:182 - Modes not found for component STMicroelectronics:USB_DEVICE:1.0.0:STMicroelectronics:USB::USB Device:Audio HS::1.0:USB_DEVICE_1_0_RESTRICTED_HS
2024-12-05 09:42:20,034 [WARN] ModelIntegratedComponent:188 - Modes not found for component STMicroelectronics:USB_DEVICE:1.0.0:STMicroelectronics:USB::USB Device:Audio HS::1.0:USB_DEVICE_1_0_RESTRICTED_HS
2024-12-05 09:42:20,034 [WARN] ModelIntegratedComponent:182 - Modes not found for component STMicroelectronics:USB_DEVICE:1.0.0:STMicroelectronics:USB::USB Device:CDC HS::1.0:USB_DEVICE_1_0_RESTRICTED_HS
2024-12-05 09:42:20,034 [WARN] ModelIntegratedComponent:188 - Modes not found for component STMicroelectronics:USB_DEVICE:1.0.0:STMicroelectronics:USB::USB Device:CDC HS::1.0:USB_DEVICE_1_0_RESTRICTED_HS
2024-12-05 09:42:20,034 [WARN] ModelIntegratedComponent:182 - Modes not found for component STMicroelectronics:USB_DEVICE:1.0.0:STMicroelectronics:USB::USB Device:DFU HS::1.0:USB_DEVICE_1_0_RESTRICTED_HS
2024-12-05 09:42:20,034 [WARN] ModelIntegratedComponent:188 - Modes not found for component STMicroelectronics:USB_DEVICE:1.0.0:STMicroelectronics:USB::USB Device:DFU HS::1.0:USB_DEVICE_1_0_RESTRICTED_HS
2024-12-05 09:42:20,034 [WARN] ModelIntegratedComponent:182 - Modes not found for component STMicroelectronics:USB_DEVICE:1.0.0:STMicroelectronics:USB::USB Device:HID HS::1.0:USB_DEVICE_1_0_RESTRICTED_HS
2024-12-05 09:42:20,034 [WARN] ModelIntegratedComponent:188 - Modes not found for component STMicroelectronics:USB_DEVICE:1.0.0:STMicroelectronics:USB::USB Device:HID HS::1.0:USB_DEVICE_1_0_RESTRICTED_HS
2024-12-05 09:42:20,034 [WARN] ModelIntegratedComponent:182 - Modes not found for component STMicroelectronics:USB_DEVICE:1.0.0:STMicroelectronics:USB::USB Device:Custom HID HS::1.0:USB_DEVICE_1_0_RESTRICTED_HS
2024-12-05 09:42:20,034 [WARN] ModelIntegratedComponent:188 - Modes not found for component STMicroelectronics:USB_DEVICE:1.0.0:STMicroelectronics:USB::USB Device:Custom HID HS::1.0:USB_DEVICE_1_0_RESTRICTED_HS
2024-12-05 09:42:20,034 [WARN] ModelIntegratedComponent:182 - Modes not found for component STMicroelectronics:USB_DEVICE:1.0.0:STMicroelectronics:USB::USB Device:MSC HS::1.0:USB_DEVICE_1_0_RESTRICTED_HS
2024-12-05 09:42:20,035 [WARN] ModelIntegratedComponent:188 - Modes not found for component STMicroelectronics:USB_DEVICE:1.0.0:STMicroelectronics:USB::USB Device:MSC HS::1.0:USB_DEVICE_1_0_RESTRICTED_HS
2024-12-05 09:42:20,281 [WARN] ModelIntegratedComponent:182 - Modes not found for component STMicroelectronics:USB_HOST:1.0.0:STMicroelectronics:USB::USB Host:Audio HS::1.0:USB_HOST_1_0_RESTRICTED_HS
2024-12-05 09:42:20,281 [WARN] ModelIntegratedComponent:188 - Modes not found for component STMicroelectronics:USB_HOST:1.0.0:STMicroelectronics:USB::USB Host:Audio HS::1.0:USB_HOST_1_0_RESTRICTED_HS
2024-12-05 09:42:20,281 [WARN] ModelIntegratedComponent:182 - Modes not found for component STMicroelectronics:USB_HOST:1.0.0:STMicroelectronics:USB::USB Host:CDC HS::1.0:USB_HOST_1_0_RESTRICTED_HS
2024-12-05 09:42:20,282 [WARN] ModelIntegratedComponent:188 - Modes not found for component STMicroelectronics:USB_HOST:1.0.0:STMicroelectronics:USB::USB Host:CDC HS::1.0:USB_HOST_1_0_RESTRICTED_HS
2024-12-05 09:42:20,282 [WARN] ModelIntegratedComponent:182 - Modes not found for component STMicroelectronics:USB_HOST:1.0.0:STMicroelectronics:USB::USB Host:MSC HS::1.0:USB_HOST_1_0_RESTRICTED_HS
2024-12-05 09:42:20,282 [WARN] ModelIntegratedComponent:188 - Modes not found for component STMicroelectronics:USB_HOST:1.0.0:STMicroelectronics:USB::USB Host:MSC HS::1.0:USB_HOST_1_0_RESTRICTED_HS
2024-12-05 09:42:20,282 [WARN] ModelIntegratedComponent:182 - Modes not found for component STMicroelectronics:USB_HOST:1.0.0:STMicroelectronics:USB::USB Host:HID HS::1.0:USB_HOST_1_0_RESTRICTED_HS
2024-12-05 09:42:20,282 [WARN] ModelIntegratedComponent:188 - Modes not found for component STMicroelectronics:USB_HOST:1.0.0:STMicroelectronics:USB::USB Host:HID HS::1.0:USB_HOST_1_0_RESTRICTED_HS
2024-12-05 09:42:20,282 [WARN] ModelIntegratedComponent:182 - Modes not found for component STMicroelectronics:USB_HOST:1.0.0:STMicroelectronics:USB::USB Host:MTP HS::1.0:USB_HOST_1_0_RESTRICTED_HS
2024-12-05 09:42:20,282 [WARN] ModelIntegratedComponent:188 - Modes not found for component STMicroelectronics:USB_HOST:1.0.0:STMicroelectronics:USB::USB Host:MTP HS::1.0:USB_HOST_1_0_RESTRICTED_HS
2024-12-05 09:42:20,579 [INFO] ThirdPartyModel:298 - Start build external matchings
2024-12-05 09:42:22,822 [INFO] ThirdPartyModel:316 - End build external matchings
2024-12-05 09:42:22,867 [INFO] ImportTextPane:218 - (OptionalMessage_ERROR) IP (RCC) : Parameter (RTCHSEDivFreq_Value) has invalid value (4000000)
2024-12-05 09:42:23,104 [INFO] UtilMem:75 - End LoadConfig() Used Memory: 679930512 Bytes (930086912)
2024-12-05 09:42:23,155 [WARN] ThirdParty:833 - waiting for thirdparty lock release [change project]
2024-12-05 09:42:23,155 [INFO] ThirdParty:835 - entering critical section [change project]
2024-12-05 09:42:23,155 [INFO] ThirdParty:1030 - CMSIS Pack Vendor :STMicroelectronics USBPD 4.1
2024-12-05 09:42:23,155 [INFO] ThirdParty:1030 - CMSIS Pack Vendor :STMicroelectronics X-CUBE-GNSS1 6.0.0
2024-12-05 09:42:23,155 [INFO] ThirdParty:1030 - CMSIS Pack Vendor :STMicroelectronics USB_HOST 2.0.0
2024-12-05 09:42:23,155 [INFO] ThirdParty:1030 - CMSIS Pack Vendor :STMicroelectronics FP-SNS-MOTENVWB1 1.4.0
2024-12-05 09:42:23,155 [INFO] ThirdParty:1030 - CMSIS Pack Vendor :STMicroelectronics X-CUBE-AZRTOS-F4 1.1.0
2024-12-05 09:42:23,155 [INFO] ThirdParty:1030 - CMSIS Pack Vendor :STMicroelectronics LIBJPEG 8.0.0
2024-12-05 09:42:23,155 [INFO] ThirdParty:1030 - CMSIS Pack Vendor :STMicroelectronics FP-ATR-ASTRA1 2.0.1
2024-12-05 09:42:23,156 [INFO] ThirdParty:1030 - CMSIS Pack Vendor :STMicroelectronics X-CUBE-SMBUS 2.1.0
2024-12-05 09:42:23,156 [INFO] ThirdParty:1030 - CMSIS Pack Vendor :STMicroelectronics X-CUBE-WB05N 1.1.0
2024-12-05 09:42:23,156 [INFO] ThirdParty:1030 - CMSIS Pack Vendor :STMicroelectronics X-CUBE-ISPU 2.1.0
2024-12-05 09:42:23,156 [INFO] ThirdParty:1030 - CMSIS Pack Vendor :STMicroelectronics X-CUBE-FREERTOS 1.2.0
2024-12-05 09:42:23,156 [INFO] ThirdParty:1030 - CMSIS Pack Vendor :STMicroelectronics X-CUBE-AZRTOS-F7 1.1.0
2024-12-05 09:42:23,156 [INFO] ThirdParty:1030 - CMSIS Pack Vendor :STMicroelectronics X-CUBE-AZRTOS-L5 2.0.0
2024-12-05 09:42:23,156 [INFO] ThirdParty:1030 - CMSIS Pack Vendor :STMicroelectronics USB_DEVICE 2.0.0
2024-12-05 09:42:23,156 [INFO] ThirdParty:1030 - CMSIS Pack Vendor :STMicroelectronics X-CUBE-NFC6 3.1.0
2024-12-05 09:42:23,156 [INFO] ThirdParty:1030 - CMSIS Pack Vendor :STMicroelectronics X-CUBE-MEMS1 11.0.0
2024-12-05 09:42:23,156 [INFO] ThirdParty:1030 - CMSIS Pack Vendor :STMicroelectronics X-CUBE-BLE1 6.2.4
2024-12-05 09:42:23,156 [INFO] ThirdParty:1030 - CMSIS Pack Vendor :STMicroelectronics FreeRTOS 0.0.1
2024-12-05 09:42:23,156 [INFO] ThirdParty:1030 - CMSIS Pack Vendor :emotas I-CUBE-CANOPEN 1.1.3
2024-12-05 09:42:23,156 [INFO] ThirdParty:1030 - CMSIS Pack Vendor :STMicroelectronics X-CUBE-DPower 1.2.0
2024-12-05 09:42:23,156 [INFO] ThirdParty:1030 - CMSIS Pack Vendor :STMicroelectronics FP-SNS-FLIGHT1 5.0.2
2024-12-05 09:42:23,156 [INFO] ThirdParty:1030 - CMSIS Pack Vendor :STMicroelectronics X-CUBE-NFC4 2.0.5
2024-12-05 09:42:23,156 [INFO] ThirdParty:1030 - CMSIS Pack Vendor :STMicroelectronics X-CUBE-AI 9.0.0
2024-12-05 09:42:23,156 [INFO] ThirdParty:1030 - CMSIS Pack Vendor :STMicroelectronics PDM2PCM 3.3.0
2024-12-05 09:42:23,156 [INFO] ThirdParty:1030 - CMSIS Pack Vendor :STMicroelectronics X-CUBE-DISPLAY 3.0.0
2024-12-05 09:42:23,157 [INFO] ThirdParty:1030 - CMSIS Pack Vendor :STMicroelectronics X-CUBE-BLE1 7.0.0
2024-12-05 09:42:23,157 [INFO] ThirdParty:1030 - CMSIS Pack Vendor :STMicroelectronics X-CUBE-NFC10 1.0.0
2024-12-05 09:42:23,157 [INFO] ThirdParty:1030 - CMSIS Pack Vendor :wolfSSL I-CUBE-wolfSSL 5.5.4
2024-12-05 09:42:23,157 [INFO] ThirdParty:1030 - CMSIS Pack Vendor :STMicroelectronics HAL Drivers 0.0.0
2024-12-05 09:42:23,157 [INFO] ThirdParty:1030 - CMSIS Pack Vendor :STMicroelectronics X-CUBE-NFC7 1.0.1
2024-12-05 09:42:23,157 [INFO] ThirdParty:1030 - CMSIS Pack Vendor :STMicroelectronics MBEDTLS 2.14.1
2024-12-05 09:42:23,157 [INFO] ThirdParty:1030 - CMSIS Pack Vendor :STMicroelectronics X-CUBE-NFC7 1.0.0
2024-12-05 09:42:23,157 [INFO] ThirdParty:1030 - CMSIS Pack Vendor :wolfSSL I-CUBE-wolfTPM 3.2.0
2024-12-05 09:42:23,157 [INFO] ThirdParty:1030 - CMSIS Pack Vendor :STMicroelectronics X-CUBE-EEPRMA1 4.1.0
2024-12-05 09:42:23,157 [INFO] ThirdParty:1030 - CMSIS Pack Vendor :STMicroelectronics X-CUBE-BLEMGR 3.1.0
2024-12-05 09:42:23,157 [INFO] ThirdParty:1030 - CMSIS Pack Vendor :STMicroelectronics FP-SNS-SMARTAG2 1.2.0
2024-12-05 09:42:23,160 [INFO] ThirdParty:1030 - CMSIS Pack Vendor :STMicroelectronics X-CUBE-AZRTOS-WL 2.0.0
2024-12-05 09:42:23,160 [INFO] ThirdParty:1030 - CMSIS Pack Vendor :STMicroelectronics FP-SNS-MOTENV1 5.0.0
2024-12-05 09:42:23,160 [INFO] ThirdParty:1030 - CMSIS Pack Vendor :STMicroelectronics USB_DEVICE 1.0.0
2024-12-05 09:42:23,160 [INFO] ThirdParty:1030 - CMSIS Pack Vendor :wolfSSL I-CUBE-wolfMQTT 1.19.0
2024-12-05 09:42:23,161 [INFO] ThirdParty:1030 - CMSIS Pack Vendor :STMicroelectronics X-CUBE-AZRTOS-L4 2.0.0
2024-12-05 09:42:23,161 [INFO] ThirdParty:1030 - CMSIS Pack Vendor :STMicroelectronics ThreadX 0.0.2
2024-12-05 09:42:23,161 [INFO] ThirdParty:1030 - CMSIS Pack Vendor :WES I-CUBE-Cesium 1.3.0
2024-12-05 09:42:23,161 [INFO] ThirdParty:1030 - CMSIS Pack Vendor :STMicroelectronics lwIP 2.1.2
2024-12-05 09:42:23,161 [INFO] ThirdParty:1030 - CMSIS Pack Vendor :STMicroelectronics X-CUBE-SFXS2LP1 4.0.0
2024-12-05 09:42:23,161 [INFO] ThirdParty:1030 - CMSIS Pack Vendor :STMicroelectronics X-CUBE-BLE2 3.3.0
2024-12-05 09:42:23,161 [INFO] ThirdParty:1030 - CMSIS Pack Vendor :STMicroelectronics X-CUBE-DISPLAY 2.2.0
2024-12-05 09:42:23,161 [INFO] ThirdParty:1030 - CMSIS Pack Vendor :STMicroelectronics X-CUBE-TOF1 3.2.0
2024-12-05 09:42:23,161 [INFO] ThirdParty:1030 - CMSIS Pack Vendor :STMicroelectronics PDM2PCM 3.2.0
2024-12-05 09:42:23,161 [INFO] ThirdParty:1030 - CMSIS Pack Vendor :STMicroelectronics X-CUBE-AZRTOS-H7 3.0.0
2024-12-05 09:42:23,161 [INFO] ThirdParty:1030 - CMSIS Pack Vendor :STMicroelectronics X-CUBE-ISPU 1.1.0
2024-12-05 09:42:23,161 [INFO] ThirdParty:1030 - CMSIS Pack Vendor :STMicroelectronics X-CUBE-AZRTOS-H7 3.3.0
2024-12-05 09:42:23,161 [INFO] ThirdParty:1030 - CMSIS Pack Vendor :RoweBots I-CUBE-UNISONRTOS 5.5.0-4
2024-12-05 09:42:23,162 [INFO] ThirdParty:1030 - CMSIS Pack Vendor :STMicroelectronics X-CUBE-NFC9 1.0.0
2024-12-05 09:42:23,162 [INFO] ThirdParty:1030 - CMSIS Pack Vendor :STMicroelectronics USB_DEVICE 3.0.0
2024-12-05 09:42:23,162 [INFO] ThirdParty:1030 - CMSIS Pack Vendor :STMicroelectronics X-CUBE-TCPP 4.1.0
2024-12-05 09:42:23,162 [INFO] ThirdParty:1030 - CMSIS Pack Vendor :STMicroelectronics X-CUBE-AI 8.0.0
2024-12-05 09:42:23,162 [INFO] ThirdParty:1030 - CMSIS Pack Vendor :STMicroelectronics X-CUBE-IPS 3.0.0
2024-12-05 09:42:23,162 [INFO] ThirdParty:1030 - CMSIS Pack Vendor :STMicroelectronics X-CUBE-AZRTOS-WB 2.0.0
2024-12-05 09:42:23,162 [INFO] ThirdParty:1030 - CMSIS Pack Vendor :STMicroelectronics X-CUBE-TOUCHGFX 4.21.1
2024-12-05 09:42:23,162 [INFO] ThirdParty:1030 - CMSIS Pack Vendor :STMicroelectronics X-CUBE-GNSS1 7.0.0
2024-12-05 09:42:23,162 [INFO] ThirdParty:1030 - CMSIS Pack Vendor :STMicroelectronics X-CUBE-TOUCHGFX 4.21.0
2024-12-05 09:42:23,162 [INFO] ThirdParty:1030 - CMSIS Pack Vendor :STMicroelectronics X-CUBE-MEMS1 9.4.0
2024-12-05 09:42:23,162 [INFO] ThirdParty:1030 - CMSIS Pack Vendor :STMicroelectronics X-CUBE-AI 7.3.0
2024-12-05 09:42:23,162 [INFO] ThirdParty:1030 - CMSIS Pack Vendor :STMicroelectronics FP-SNS-STBOX1 2.0.0
2024-12-05 09:42:23,162 [INFO] ThirdParty:1030 - CMSIS Pack Vendor :STMicroelectronics X-CUBE-ALGOBUILD 1.3.0
2024-12-05 09:42:23,162 [INFO] ThirdParty:1030 - CMSIS Pack Vendor :STMicroelectronics X-CUBE-AZRTOS-L5 1.1.0
2024-12-05 09:42:23,162 [INFO] ThirdParty:1030 - CMSIS Pack Vendor :STMicroelectronics X-CUBE-AZRTOS-G0 1.1.0
2024-12-05 09:42:23,162 [INFO] ThirdParty:1030 - CMSIS Pack Vendor :STMicroelectronics X-CUBE-SAFEA1 1.2.2
2024-12-05 09:42:23,162 [INFO] ThirdParty:1030 - CMSIS Pack Vendor :STMicroelectronics X-CUBE-NFC4 3.0.0
2024-12-05 09:42:23,162 [INFO] ThirdParty:1030 - CMSIS Pack Vendor :STMicroelectronics X-CUBE-SUBG2 5.0.0
2024-12-05 09:42:23,163 [INFO] ThirdParty:1030 - CMSIS Pack Vendor :STMicroelectronics STM32_WPAN 1.0.0
2024-12-05 09:42:23,163 [INFO] ThirdParty:1030 - CMSIS Pack Vendor :EmbeddedOffice I-CUBE-FS-RTOS 1.0.1
2024-12-05 09:42:23,163 [INFO] ThirdParty:1030 - CMSIS Pack Vendor :STMicroelectronics lwIP 2.0.3
2024-12-05 09:42:23,163 [INFO] ThirdParty:1030 - CMSIS Pack Vendor :Cesanta I-CUBE-Mongoose 7.13.0
2024-12-05 09:42:23,163 [INFO] ThirdParty:1030 - CMSIS Pack Vendor :STMicroelectronics USB_HOST 1.0.0
2024-12-05 09:42:23,163 [INFO] ThirdParty:1030 - CMSIS Pack Vendor :STMicroelectronics X-CUBE-AZRTOS-G4 2.0.0
2024-12-05 09:42:23,163 [INFO] ThirdParty:1030 - CMSIS Pack Vendor :STMicroelectronics PDM2PCM 3.1.0
2024-12-05 09:42:23,163 [INFO] ThirdParty:1030 - CMSIS Pack Vendor :STMicroelectronics FP-ATR-ASTRA1 1.1.1
2024-12-05 09:42:23,163 [INFO] ThirdParty:1030 - CMSIS Pack Vendor :STMicroelectronics X-CUBE-BLEMGR 1.3.0
2024-12-05 09:42:23,163 [INFO] ThirdParty:1030 - CMSIS Pack Vendor :RealThread X-CUBE-RT-Thread_Nano 4.1.1
2024-12-05 09:42:23,163 [INFO] ThirdParty:1030 - CMSIS Pack Vendor :STMicroelectronics FP-ATR-SIGFOX1 3.2.0
2024-12-05 09:42:23,163 [INFO] ThirdParty:1030 - CMSIS Pack Vendor :STMicroelectronics X-CUBE-AZRTOS-G4 1.0.0
2024-12-05 09:42:23,163 [INFO] ThirdParty:1030 - CMSIS Pack Vendor :STMicroelectronics X-CUBE-AZRTOS-L4 1.0.0
2024-12-05 09:42:23,163 [INFO] ThirdParty:1030 - CMSIS Pack Vendor :quantropi X-CUBE-qispace-sdk-base 1.9.3
2024-12-05 09:42:23,163 [INFO] ThirdParty:1030 - CMSIS Pack Vendor :STMicroelectronics X-CUBE-ISPU 2.0.0
2024-12-05 09:42:23,163 [INFO] ThirdParty:1030 - CMSIS Pack Vendor :STMicroelectronics X-CUBE-EEPRMA1 5.1.0
2024-12-05 09:42:23,163 [INFO] ThirdParty:1030 - CMSIS Pack Vendor :STMicroelectronics MBEDTLS 2.16.2
2024-12-05 09:42:23,168 [INFO] ThirdParty:1030 - CMSIS Pack Vendor :STMicroelectronics X-CUBE-ALS 1.0.2
2024-12-05 09:42:23,168 [INFO] ThirdParty:1030 - CMSIS Pack Vendor :STMicroelectronics X-CUBE-MEMS1 10.0.0
2024-12-05 09:42:23,168 [INFO] ThirdParty:1030 - CMSIS Pack Vendor :STMicroelectronics X-CUBE-TOUCHGFX 4.24.0
2024-12-05 09:42:23,168 [INFO] ThirdParty:1030 - CMSIS Pack Vendor :ITTIA_DB I-CUBE-ITTIADB 8.9.0
2024-12-05 09:42:23,168 [INFO] ThirdParty:1030 - CMSIS Pack Vendor :STMicroelectronics X-CUBE-AZRTOS-WL 1.0.0
2024-12-05 09:42:23,168 [INFO] ThirdParty:1030 - CMSIS Pack Vendor :STMicroelectronics X-CUBE-TOUCHGFX 4.24.1
2024-12-05 09:42:23,168 [INFO] ThirdParty:1030 - CMSIS Pack Vendor :portGmbH I-Cube-SoM-uGOAL 1.1.0
2024-12-05 09:42:23,168 [INFO] ThirdParty:1030 - CMSIS Pack Vendor :STMicroelectronics X-CUBE-ALS 1.0.1
2024-12-05 09:42:23,168 [INFO] ThirdParty:1030 - CMSIS Pack Vendor :STMicroelectronics X-CUBE-MEMS1 9.5.0
2024-12-05 09:42:23,168 [INFO] ThirdParty:1030 - CMSIS Pack Vendor :STMicroelectronics ThreadX 1.0.0
2024-12-05 09:42:23,168 [INFO] ThirdParty:1030 - CMSIS Pack Vendor :STMicroelectronics X-CUBE-AZRTOS-WB 1.1.0
2024-12-05 09:42:23,168 [INFO] ThirdParty:1030 - CMSIS Pack Vendor :SEGGER I-CUBE-embOS 1.3.1
2024-12-05 09:42:23,169 [INFO] ThirdParty:1030 - CMSIS Pack Vendor :STMicroelectronics X-CUBE-ALGOBUILD 1.4.0
2024-12-05 09:42:23,169 [INFO] ThirdParty:1030 - CMSIS Pack Vendor :SEGGER I-CUBE-embOS 1.3.0
2024-12-05 09:42:23,169 [INFO] ThirdParty:1030 - CMSIS Pack Vendor :STMicroelectronics X-CUBE-AZRTOS-H7RS 1.0.0
2024-12-05 09:42:23,169 [INFO] ThirdParty:1030 - CMSIS Pack Vendor :STMicroelectronics FP-ATR-ASTRA1 2.0.0
2024-12-05 09:42:23,169 [INFO] ThirdParty:1030 - CMSIS Pack Vendor :STMicroelectronics X-CUBE-TOF1 3.4.2
2024-12-05 09:42:23,169 [INFO] ThirdParty:1030 - CMSIS Pack Vendor :STMicroelectronics X-CUBE-AI 9.1.0
2024-12-05 09:42:23,169 [INFO] ThirdParty:1030 - CMSIS Pack Vendor :STMicroelectronics X-CUBE-AZRTOS-H7 3.2.0
2024-12-05 09:42:23,169 [INFO] ThirdParty:1030 - CMSIS Pack Vendor :Infineon AIROC-Wi-Fi-Bluetooth-STM32 1.6.0
2024-12-05 09:42:23,169 [INFO] ThirdParty:1030 - CMSIS Pack Vendor :wolfSSL I-CUBE-wolfSSH 1.4.17
2024-12-05 09:42:23,169 [INFO] ThirdParty:841 - exiting critical section [change project]
2024-12-05 09:42:23,479 [INFO] PinOutPanel:1589 - setPackage(No Configuration,No Configuration)
2024-12-05 09:42:23,480 [INFO] PinOutPanel:1589 - setPackage(STM32F401RCTx,LQFP64)
2024-12-05 09:42:24,326 [INFO] UtilMem:75 - Before build in PCC Used Memory: 289189360 Bytes (930086912)
2024-12-05 09:42:24,735 [INFO] UtilMem:75 - After build in PCC Used Memory: 335853040 Bytes (930086912)
2024-12-05 09:42:24,762 [INFO] IPUIPlugin:80 - create IPUIPlugin
2024-12-05 09:42:24,762 [INFO] IPUIPlugin:80 - create IPUIPlugin
2024-12-05 09:42:24,762 [INFO] IPUIPlugin:80 - create IPUIPlugin
2024-12-05 09:42:24,763 [INFO] IPUIPlugin:80 - create IPUIPlugin
2024-12-05 09:42:24,763 [INFO] IPUIPlugin:80 - create IPUIPlugin
2024-12-05 09:42:24,763 [INFO] IPUIPlugin:80 - create IPUIPlugin
2024-12-05 09:42:24,763 [INFO] IPUIPlugin:80 - create IPUIPlugin
2024-12-05 09:42:24,763 [INFO] IPUIPlugin:80 - create IPUIPlugin
2024-12-05 09:42:24,764 [INFO] IPUIPlugin:80 - create IPUIPlugin
2024-12-05 09:42:24,764 [INFO] IPUIPlugin:80 - create IPUIPlugin
2024-12-05 09:42:24,764 [INFO] IPUIPlugin:80 - create IPUIPlugin
2024-12-05 09:42:24,764 [INFO] IPUIPlugin:80 - create IPUIPlugin
2024-12-05 09:42:24,765 [INFO] IPUIPlugin:80 - create IPUIPlugin
2024-12-05 09:42:24,765 [INFO] IPUIPlugin:80 - create IPUIPlugin
2024-12-05 09:42:24,765 [INFO] IPUIPlugin:80 - create IPUIPlugin
2024-12-05 09:42:24,765 [INFO] IPUIPlugin:80 - create IPUIPlugin
2024-12-05 09:42:24,766 [INFO] IPUIPlugin:80 - create IPUIPlugin
2024-12-05 09:42:24,766 [INFO] IPUIPlugin:80 - create IPUIPlugin
2024-12-05 09:42:24,766 [INFO] IPUIPlugin:80 - create IPUIPlugin
2024-12-05 09:42:24,766 [INFO] IPUIPlugin:80 - create IPUIPlugin
2024-12-05 09:42:24,767 [INFO] IPUIPlugin:80 - create IPUIPlugin
2024-12-05 09:42:24,767 [INFO] IPUIPlugin:80 - create IPUIPlugin
2024-12-05 09:42:24,767 [INFO] IPUIPlugin:80 - create IPUIPlugin
2024-12-05 09:42:24,767 [INFO] IPUIPlugin:80 - create IPUIPlugin
2024-12-05 09:42:24,767 [INFO] IPUIPlugin:80 - create IPUIPlugin
2024-12-05 09:42:24,768 [INFO] IPUIPlugin:80 - create IPUIPlugin
2024-12-05 09:42:24,768 [INFO] IPUIPlugin:80 - create IPUIPlugin
2024-12-05 09:42:24,768 [INFO] IPUIPlugin:80 - create IPUIPlugin
2024-12-05 09:42:24,768 [INFO] IPUIPlugin:80 - create IPUIPlugin
2024-12-05 09:42:24,769 [INFO] IPUIPlugin:80 - create IPUIPlugin
2024-12-05 09:42:24,769 [INFO] IPUIPlugin:80 - create IPUIPlugin
2024-12-05 09:42:24,769 [INFO] IPUIPlugin:80 - create IPUIPlugin
2024-12-05 09:42:24,769 [INFO] IPUIPlugin:80 - create IPUIPlugin
2024-12-05 09:42:24,769 [INFO] IPUIPlugin:80 - create IPUIPlugin
2024-12-05 09:42:24,770 [INFO] IPUIPlugin:80 - create IPUIPlugin
2024-12-05 09:42:24,770 [INFO] IPUIPlugin:80 - create IPUIPlugin
2024-12-05 09:42:24,770 [INFO] IPUIPlugin:80 - create IPUIPlugin
2024-12-05 09:42:24,770 [INFO] IPUIPlugin:80 - create IPUIPlugin
2024-12-05 09:42:24,772 [INFO] ApiDbMcu:508 - Load IP Config File for PDM2PCM
2024-12-05 09:42:24,836 [INFO] CADModel:165 - CPN selected for project levelSTM32F401RCT6TR
2024-12-05 09:42:24,836 [INFO] CADModel:114 - Register for checkConnection events
2024-12-05 09:42:24,874 [INFO] OpenFileManager:363 - Restore cursor
2024-12-05 09:44:48,048 [INFO] Gpio:277 - dependency for GPIO [RCC, SPI3, SYS, TIM1]
2024-12-05 10:24:46,339 [INFO] MainUpdater:2872 - connection check result : 10
2024-12-05 10:24:46,339 [INFO] MainUpdater:2872 - connection check result : 10
2024-12-05 10:24:46,422 [INFO] MicroXplorer:468 - Change Database Path : 
2024-12-05 10:24:46,422 [INFO] MicroXplorer:498 - Change Database Version : DB.6.0.130
2024-12-05 10:24:46,503 [ERROR] ProjectManagerView:394 - 
java.lang.NullPointerException: Cannot invoke "javax.swing.JTextField.getText()" because the return value of "java.util.List.get(int)" is null
	at com.st.microxplorer.plugins.projectmanager.gui.ProjectChoiceTab$9.caretUpdate(ProjectChoiceTab.java:2616) ~[filemanager.jar:?]
	at javax.swing.text.JTextComponent.fireCaretUpdate(JTextComponent.java:408) ~[?:?]
	at javax.swing.text.JTextComponent$MutableCaretEvent.fire(JTextComponent.java:4484) ~[?:?]
	at javax.swing.text.JTextComponent$MutableCaretEvent.stateChanged(JTextComponent.java:4506) ~[?:?]
	at javax.swing.text.DefaultCaret.fireStateChanged(DefaultCaret.java:857) ~[?:?]
	at javax.swing.text.DefaultCaret.changeCaretPosition(DefaultCaret.java:1343) ~[?:?]
	at javax.swing.text.DefaultCaret.handleSetDot(DefaultCaret.java:1242) ~[?:?]
	at javax.swing.text.DefaultCaret.setDot(DefaultCaret.java:1223) ~[?:?]
	at javax.swing.text.DefaultCaret$Handler.insertUpdate(DefaultCaret.java:1819) ~[?:?]
	at javax.swing.text.AbstractDocument.fireInsertUpdate(AbstractDocument.java:227) ~[?:?]
	at javax.swing.text.AbstractDocument.handleInsertString(AbstractDocument.java:781) ~[?:?]
	at javax.swing.text.AbstractDocument.insertString(AbstractDocument.java:740) ~[?:?]
	at javax.swing.text.PlainDocument.insertString(PlainDocument.java:131) ~[?:?]
	at javax.swing.text.AbstractDocument.replace(AbstractDocument.java:699) ~[?:?]
	at javax.swing.text.JTextComponent.setText(JTextComponent.java:1725) ~[?:?]
	at com.st.microxplorer.plugins.projectmanager.gui.ProjectChoiceTab.createHeapStackFields(ProjectChoiceTab.java:975) ~[filemanager.jar:?]
	at com.st.microxplorer.plugins.projectmanager.gui.ProjectChoiceTab.buildLinkSettingsPanel(ProjectChoiceTab.java:3666) ~[filemanager.jar:?]
	at com.st.microxplorer.plugins.projectmanager.gui.ProjectChoiceTab.defineWindowsFields(ProjectChoiceTab.java:1934) ~[filemanager.jar:?]
	at com.st.microxplorer.plugins.projectmanager.gui.ProjectChoiceTab.updateSettings(ProjectChoiceTab.java:553) ~[filemanager.jar:?]
	at com.st.microxplorer.plugins.projectmanager.gui.ProjectSettingsPanel.UpdateDialog(ProjectSettingsPanel.java:245) ~[filemanager.jar:?]
	at com.st.microxplorer.plugins.projectmanager.ProjectManagerView.propertyChange(ProjectManagerView.java:391) ~[filemanager.jar:?]
	at java.beans.PropertyChangeSupport.fire(PropertyChangeSupport.java:343) ~[?:?]
	at java.beans.PropertyChangeSupport.firePropertyChange(PropertyChangeSupport.java:335) ~[?:?]
	at java.beans.PropertyChangeSupport.firePropertyChange(PropertyChangeSupport.java:268) ~[?:?]
	at com.st.microxplorer.util.MXPropertyChangeSupport.firePropertyChange(MXPropertyChangeSupport.java:54) ~[STM32CubeMX.jar:?]
	at com.st.microxplorer.mxsystem.MxSystem.closeConfig(MxSystem.java:899) ~[STM32CubeMX.jar:?]
	at com.st.microxplorer.maingui.MainPanel.closeConfig(MainPanel.java:789) ~[STM32CubeMX.jar:?]
	at com.st.microxplorer.plugins.filemanager.engine.OpenFileManager.loadConfigurationFile(OpenFileManager.java:265) ~[filemanager.jar:?]
	at com.st.microxplorer.plugins.filemanager.engine.MainFileManager.userLoadConfig(MainFileManager.java:340) ~[filemanager.jar:?]
	at com.st.microxplorer.plugins.filemanager.engine.MainFileManager.userLoadConfig(MainFileManager.java:318) ~[filemanager.jar:?]
	at com.st.microxplorer.plugins.filemanager.FileManagerView.getSpecificTask(FileManagerView.java:246) ~[filemanager.jar:?]
	at com.st.stm32cube.common.mx.editor.CubeMxEditor.getMxTabbedPaneInstance(CubeMxEditor.java:1198) ~[com.st.stm32cube.common.mx_6.13.0.202411220809/:?]
	at com.st.stm32cube.common.mx.editor.CubeMxEditor$12$1.createSwingComponent(CubeMxEditor.java:1068) ~[com.st.stm32cube.common.mx_6.13.0.202411220809/:?]
	at com.st.stm32cube.common.mx.oss.core.awtswtbridge.EmbeddedSwingComposite.doComponentCreation(EmbeddedSwingComposite.java:492) ~[com.st.stm32cube.common.mx.oss_6.13.0.202411220809/:?]
	at com.st.stm32cube.common.mx.oss.core.awtswtbridge.EmbeddedSwingComposite$4.run(EmbeddedSwingComposite.java:291) ~[com.st.stm32cube.common.mx.oss_6.13.0.202411220809/:?]
	at com.st.stm32cube.common.mx.oss.core.awtswtbridge.AwtEnvironment$2.run(AwtEnvironment.java:166) ~[com.st.stm32cube.common.mx.oss_6.13.0.202411220809/:?]
	at java.awt.event.InvocationEvent.dispatch(InvocationEvent.java:318) ~[?:?]
	at java.awt.EventQueue.dispatchEventImpl(EventQueue.java:773) ~[?:?]
	at java.awt.EventQueue$4.run(EventQueue.java:720) ~[?:?]
	at java.awt.EventQueue$4.run(EventQueue.java:714) ~[?:?]
	at java.security.AccessController.doPrivileged(AccessController.java:400) ~[?:?]
	at java.security.ProtectionDomain$JavaSecurityAccessImpl.doIntersectionPrivilege(ProtectionDomain.java:87) ~[?:?]
	at java.awt.EventQueue.dispatchEvent(EventQueue.java:742) ~[?:?]
	at java.awt.EventDispatchThread.pumpOneEventForFilters(EventDispatchThread.java:203) ~[?:?]
	at java.awt.EventDispatchThread.pumpEventsForFilter(EventDispatchThread.java:124) ~[?:?]
	at java.awt.EventDispatchThread.pumpEventsForHierarchy(EventDispatchThread.java:113) ~[?:?]
	at java.awt.EventDispatchThread.pumpEvents(EventDispatchThread.java:109) ~[?:?]
	at java.awt.EventDispatchThread.pumpEvents(EventDispatchThread.java:101) ~[?:?]
	at java.awt.EventDispatchThread.run(EventDispatchThread.java:90) ~[?:?]
2024-12-05 10:24:46,509 [WARN] ThirdParty:871 - waiting for thirdparty lock release [close project]
2024-12-05 10:24:46,509 [INFO] ThirdParty:873 - entering critical section [close project]
2024-12-05 10:24:46,509 [INFO] ThirdParty:883 - exiting critical section [close project]
2024-12-05 10:24:46,513 [INFO] PinOutPanel:1589 - setPackage(No Configuration,No Configuration)
2024-12-05 10:24:46,544 [WARN] IpParametersView:154 - Warning: This peripheral hasn't parameters
2024-12-05 10:24:46,568 [WARN] MainPanel:289 - <html><b><center>Warning: This peripheral has no parameters to be configured<br></b></html>
2024-12-05 10:24:46,569 [ERROR] MainPanel:599 - java.lang.IndexOutOfBoundsException: Index: 0, Tab count: 0
2024-12-05 10:24:46,580 [INFO] UtilMem:75 - Begin LoadConfig() Used Memory: 718513784 Bytes (930086912)
2024-12-05 10:24:46,613 [INFO] MicroXplorer:468 - Change Database Path : /home/cotti/.stm32cubemx/databases/DB.6.0.120/db/
2024-12-05 10:24:46,616 [INFO] MicroXplorer:498 - Change Database Version : DB.6.0.120
2024-12-05 10:24:48,197 [INFO] OpenFileManager:332 - Change cursor
2024-12-05 10:24:48,239 [INFO] Mcu:2035 - Initializing MCU STM32F401R(B-C)Tx STM32F401RCTx STM32F401RCT6TR
2024-12-05 10:24:50,382 [INFO] Context:748 - Trying to add GPIOservice into a context  which must be forbidden
2024-12-05 10:24:51,946 [INFO] RtosManager:555 - Registered RTOS mode: class=CMSIS, group=RTOS, mode=CMSIS_V1, owner=FREERTOS
2024-12-05 10:24:51,947 [INFO] RtosManager:555 - Registered RTOS mode: class=CMSIS, group=RTOS2, mode=CMSIS_V2, owner=FREERTOS
2024-12-05 10:24:51,947 [INFO] RtosManager:555 - Registered RTOS mode: class=RTOS, group=Core, mode=CMSIS_V1, owner=FREERTOS
2024-12-05 10:24:51,947 [INFO] RtosManager:555 - Registered RTOS mode: class=RTOS, group=Core, mode=CMSIS_V2, owner=FREERTOS
2024-12-05 10:24:51,947 [WARN] ModelIntegratedComponent:184 - Missing modes for component STMicroelectronics:FreeRTOS:0.0.1:STMicroelectronics:RTOS:FreeRTOS:Core:::10.2.0:
2024-12-05 10:24:51,958 [WARN] ModelIntegratedComponent:63 - No mode defined for component null
2024-12-05 10:24:51,958 [WARN] ModelIntegratedComponent:63 - No mode defined for component null
2024-12-05 10:24:51,958 [WARN] ModelIntegratedComponent:63 - No mode defined for component null
2024-12-05 10:24:51,958 [WARN] ModelIntegratedComponent:63 - No mode defined for component null
2024-12-05 10:24:51,958 [WARN] ModelIntegratedComponent:63 - No mode defined for component null
2024-12-05 10:24:51,958 [WARN] ModelIntegratedComponent:63 - No mode defined for component null
2024-12-05 10:24:51,959 [WARN] ModelIntegratedComponent:63 - No mode defined for component null
2024-12-05 10:24:51,959 [WARN] ModelIntegratedComponent:63 - No mode defined for component null
2024-12-05 10:24:51,959 [WARN] ModelIntegratedComponent:63 - No mode defined for component null
2024-12-05 10:24:51,959 [WARN] ModelIntegratedComponent:63 - No mode defined for component null
2024-12-05 10:24:51,959 [WARN] ModelIntegratedComponent:63 - No mode defined for component null
2024-12-05 10:24:51,959 [WARN] ModelIntegratedComponent:63 - No mode defined for component null
2024-12-05 10:24:51,959 [WARN] ModelIntegratedComponent:63 - No mode defined for component null
2024-12-05 10:24:51,959 [WARN] ModelIntegratedComponent:63 - No mode defined for component null
2024-12-05 10:24:51,959 [WARN] ModelIntegratedComponent:63 - No mode defined for component null
2024-12-05 10:24:51,959 [WARN] ModelIntegratedComponent:63 - No mode defined for component null
2024-12-05 10:24:51,959 [WARN] ModelIntegratedComponent:63 - No mode defined for component null
2024-12-05 10:24:51,964 [WARN] ModelIntegratedComponent:63 - No mode defined for component null
2024-12-05 10:24:51,964 [WARN] ModelIntegratedComponent:63 - No mode defined for component null
2024-12-05 10:24:51,964 [WARN] ModelIntegratedComponent:63 - No mode defined for component null
2024-12-05 10:24:51,964 [WARN] ModelIntegratedComponent:63 - No mode defined for component null
2024-12-05 10:24:51,964 [WARN] ModelIntegratedComponent:63 - No mode defined for component null
2024-12-05 10:24:51,964 [WARN] ModelIntegratedComponent:63 - No mode defined for component null
2024-12-05 10:24:51,964 [WARN] ModelIntegratedComponent:63 - No mode defined for component null
2024-12-05 10:24:51,965 [WARN] ModelIntegratedComponent:63 - No mode defined for component null
2024-12-05 10:24:51,965 [WARN] ModelIntegratedComponent:63 - No mode defined for component null
2024-12-05 10:24:51,965 [WARN] ModelIntegratedComponent:63 - No mode defined for component null
2024-12-05 10:24:51,965 [WARN] ModelIntegratedComponent:63 - No mode defined for component null
2024-12-05 10:24:51,965 [WARN] ModelIntegratedComponent:63 - No mode defined for component null
2024-12-05 10:24:51,965 [WARN] ModelIntegratedComponent:63 - No mode defined for component null
2024-12-05 10:24:51,965 [WARN] ModelIntegratedComponent:63 - No mode defined for component null
2024-12-05 10:24:51,966 [WARN] ModelIntegratedComponent:63 - No mode defined for component null
2024-12-05 10:24:51,966 [WARN] ModelIntegratedComponent:63 - No mode defined for component null
2024-12-05 10:24:51,966 [WARN] ModelIntegratedComponent:63 - No mode defined for component null
2024-12-05 10:24:51,966 [WARN] ModelIntegratedComponent:63 - No mode defined for component null
2024-12-05 10:24:51,966 [WARN] ModelPack:524 - Component already loaded: STMicroelectronics:HAL Drivers:0.0.0:STMicroelectronics:Device:STMicro_Driver:XSPI:HAL::0.0.1:HAL_XSPI
2024-12-05 10:24:51,977 [WARN] ModelIntegratedComponent:182 - Modes not found for component STMicroelectronics:USB_DEVICE:1.0.0:STMicroelectronics:USB::USB Device:Audio HS::1.0:USB_DEVICE_1_0_RESTRICTED_HS
2024-12-05 10:24:51,977 [WARN] ModelIntegratedComponent:188 - Modes not found for component STMicroelectronics:USB_DEVICE:1.0.0:STMicroelectronics:USB::USB Device:Audio HS::1.0:USB_DEVICE_1_0_RESTRICTED_HS
2024-12-05 10:24:51,977 [WARN] ModelIntegratedComponent:182 - Modes not found for component STMicroelectronics:USB_DEVICE:1.0.0:STMicroelectronics:USB::USB Device:CDC HS::1.0:USB_DEVICE_1_0_RESTRICTED_HS
2024-12-05 10:24:51,977 [WARN] ModelIntegratedComponent:188 - Modes not found for component STMicroelectronics:USB_DEVICE:1.0.0:STMicroelectronics:USB::USB Device:CDC HS::1.0:USB_DEVICE_1_0_RESTRICTED_HS
2024-12-05 10:24:51,977 [WARN] ModelIntegratedComponent:182 - Modes not found for component STMicroelectronics:USB_DEVICE:1.0.0:STMicroelectronics:USB::USB Device:DFU HS::1.0:USB_DEVICE_1_0_RESTRICTED_HS
2024-12-05 10:24:51,977 [WARN] ModelIntegratedComponent:188 - Modes not found for component STMicroelectronics:USB_DEVICE:1.0.0:STMicroelectronics:USB::USB Device:DFU HS::1.0:USB_DEVICE_1_0_RESTRICTED_HS
2024-12-05 10:24:51,977 [WARN] ModelIntegratedComponent:182 - Modes not found for component STMicroelectronics:USB_DEVICE:1.0.0:STMicroelectronics:USB::USB Device:HID HS::1.0:USB_DEVICE_1_0_RESTRICTED_HS
2024-12-05 10:24:51,978 [WARN] ModelIntegratedComponent:188 - Modes not found for component STMicroelectronics:USB_DEVICE:1.0.0:STMicroelectronics:USB::USB Device:HID HS::1.0:USB_DEVICE_1_0_RESTRICTED_HS
2024-12-05 10:24:51,978 [WARN] ModelIntegratedComponent:182 - Modes not found for component STMicroelectronics:USB_DEVICE:1.0.0:STMicroelectronics:USB::USB Device:Custom HID HS::1.0:USB_DEVICE_1_0_RESTRICTED_HS
2024-12-05 10:24:51,978 [WARN] ModelIntegratedComponent:188 - Modes not found for component STMicroelectronics:USB_DEVICE:1.0.0:STMicroelectronics:USB::USB Device:Custom HID HS::1.0:USB_DEVICE_1_0_RESTRICTED_HS
2024-12-05 10:24:51,978 [WARN] ModelIntegratedComponent:182 - Modes not found for component STMicroelectronics:USB_DEVICE:1.0.0:STMicroelectronics:USB::USB Device:MSC HS::1.0:USB_DEVICE_1_0_RESTRICTED_HS
2024-12-05 10:24:51,978 [WARN] ModelIntegratedComponent:188 - Modes not found for component STMicroelectronics:USB_DEVICE:1.0.0:STMicroelectronics:USB::USB Device:MSC HS::1.0:USB_DEVICE_1_0_RESTRICTED_HS
2024-12-05 10:24:52,242 [WARN] ModelIntegratedComponent:182 - Modes not found for component STMicroelectronics:USB_HOST:1.0.0:STMicroelectronics:USB::USB Host:Audio HS::1.0:USB_HOST_1_0_RESTRICTED_HS
2024-12-05 10:24:52,243 [WARN] ModelIntegratedComponent:188 - Modes not found for component STMicroelectronics:USB_HOST:1.0.0:STMicroelectronics:USB::USB Host:Audio HS::1.0:USB_HOST_1_0_RESTRICTED_HS
2024-12-05 10:24:52,243 [WARN] ModelIntegratedComponent:182 - Modes not found for component STMicroelectronics:USB_HOST:1.0.0:STMicroelectronics:USB::USB Host:CDC HS::1.0:USB_HOST_1_0_RESTRICTED_HS
2024-12-05 10:24:52,243 [WARN] ModelIntegratedComponent:188 - Modes not found for component STMicroelectronics:USB_HOST:1.0.0:STMicroelectronics:USB::USB Host:CDC HS::1.0:USB_HOST_1_0_RESTRICTED_HS
2024-12-05 10:24:52,243 [WARN] ModelIntegratedComponent:182 - Modes not found for component STMicroelectronics:USB_HOST:1.0.0:STMicroelectronics:USB::USB Host:MSC HS::1.0:USB_HOST_1_0_RESTRICTED_HS
2024-12-05 10:24:52,243 [WARN] ModelIntegratedComponent:188 - Modes not found for component STMicroelectronics:USB_HOST:1.0.0:STMicroelectronics:USB::USB Host:MSC HS::1.0:USB_HOST_1_0_RESTRICTED_HS
2024-12-05 10:24:52,243 [WARN] ModelIntegratedComponent:182 - Modes not found for component STMicroelectronics:USB_HOST:1.0.0:STMicroelectronics:USB::USB Host:HID HS::1.0:USB_HOST_1_0_RESTRICTED_HS
2024-12-05 10:24:52,243 [WARN] ModelIntegratedComponent:188 - Modes not found for component STMicroelectronics:USB_HOST:1.0.0:STMicroelectronics:USB::USB Host:HID HS::1.0:USB_HOST_1_0_RESTRICTED_HS
2024-12-05 10:24:52,244 [WARN] ModelIntegratedComponent:182 - Modes not found for component STMicroelectronics:USB_HOST:1.0.0:STMicroelectronics:USB::USB Host:MTP HS::1.0:USB_HOST_1_0_RESTRICTED_HS
2024-12-05 10:24:52,244 [WARN] ModelIntegratedComponent:188 - Modes not found for component STMicroelectronics:USB_HOST:1.0.0:STMicroelectronics:USB::USB Host:MTP HS::1.0:USB_HOST_1_0_RESTRICTED_HS
2024-12-05 10:24:52,826 [INFO] ThirdPartyModel:298 - Start build external matchings
2024-12-05 10:24:55,431 [INFO] ThirdPartyModel:316 - End build external matchings
2024-12-05 10:24:55,548 [INFO] ImportTextPane:218 - (OptionalMessage_ERROR) IP (RCC) : Parameter (RTCHSEDivFreq_Value) has invalid value (4000000)
2024-12-05 10:24:55,806 [INFO] UtilMem:75 - End LoadConfig() Used Memory: 479206592 Bytes (930086912)
2024-12-05 10:24:55,856 [WARN] ThirdParty:833 - waiting for thirdparty lock release [change project]
2024-12-05 10:24:55,856 [INFO] ThirdParty:835 - entering critical section [change project]
2024-12-05 10:24:55,856 [INFO] ThirdParty:1030 - CMSIS Pack Vendor :STMicroelectronics USBPD 4.1
2024-12-05 10:24:55,857 [INFO] ThirdParty:1030 - CMSIS Pack Vendor :STMicroelectronics X-CUBE-GNSS1 6.0.0
2024-12-05 10:24:55,857 [INFO] ThirdParty:1030 - CMSIS Pack Vendor :STMicroelectronics USB_HOST 2.0.0
2024-12-05 10:24:55,857 [INFO] ThirdParty:1030 - CMSIS Pack Vendor :STMicroelectronics FP-SNS-MOTENVWB1 1.4.0
2024-12-05 10:24:55,857 [INFO] ThirdParty:1030 - CMSIS Pack Vendor :STMicroelectronics X-CUBE-AZRTOS-F4 1.1.0
2024-12-05 10:24:55,857 [INFO] ThirdParty:1030 - CMSIS Pack Vendor :STMicroelectronics LIBJPEG 8.0.0
2024-12-05 10:24:55,857 [INFO] ThirdParty:1030 - CMSIS Pack Vendor :STMicroelectronics FP-ATR-ASTRA1 2.0.1
2024-12-05 10:24:55,857 [INFO] ThirdParty:1030 - CMSIS Pack Vendor :STMicroelectronics X-CUBE-SMBUS 2.1.0
2024-12-05 10:24:55,857 [INFO] ThirdParty:1030 - CMSIS Pack Vendor :STMicroelectronics X-CUBE-WB05N 1.1.0
2024-12-05 10:24:55,857 [INFO] ThirdParty:1030 - CMSIS Pack Vendor :STMicroelectronics X-CUBE-ISPU 2.1.0
2024-12-05 10:24:55,857 [INFO] ThirdParty:1030 - CMSIS Pack Vendor :STMicroelectronics X-CUBE-FREERTOS 1.2.0
2024-12-05 10:24:55,857 [INFO] ThirdParty:1030 - CMSIS Pack Vendor :STMicroelectronics X-CUBE-AZRTOS-F7 1.1.0
2024-12-05 10:24:55,857 [INFO] ThirdParty:1030 - CMSIS Pack Vendor :STMicroelectronics X-CUBE-AZRTOS-L5 2.0.0
2024-12-05 10:24:55,857 [INFO] ThirdParty:1030 - CMSIS Pack Vendor :STMicroelectronics USB_DEVICE 2.0.0
2024-12-05 10:24:55,858 [INFO] ThirdParty:1030 - CMSIS Pack Vendor :STMicroelectronics X-CUBE-NFC6 3.1.0
2024-12-05 10:24:55,858 [INFO] ThirdParty:1030 - CMSIS Pack Vendor :STMicroelectronics X-CUBE-MEMS1 11.0.0
2024-12-05 10:24:55,858 [INFO] ThirdParty:1030 - CMSIS Pack Vendor :STMicroelectronics X-CUBE-BLE1 6.2.4
2024-12-05 10:24:55,858 [INFO] ThirdParty:1030 - CMSIS Pack Vendor :STMicroelectronics FreeRTOS 0.0.1
2024-12-05 10:24:55,858 [INFO] ThirdParty:1030 - CMSIS Pack Vendor :emotas I-CUBE-CANOPEN 1.1.3
2024-12-05 10:24:55,858 [INFO] ThirdParty:1030 - CMSIS Pack Vendor :STMicroelectronics X-CUBE-DPower 1.2.0
2024-12-05 10:24:55,858 [INFO] ThirdParty:1030 - CMSIS Pack Vendor :STMicroelectronics FP-SNS-FLIGHT1 5.0.2
2024-12-05 10:24:55,858 [INFO] ThirdParty:1030 - CMSIS Pack Vendor :STMicroelectronics X-CUBE-NFC4 2.0.5
2024-12-05 10:24:55,858 [INFO] ThirdParty:1030 - CMSIS Pack Vendor :STMicroelectronics X-CUBE-AI 9.0.0
2024-12-05 10:24:55,858 [INFO] ThirdParty:1030 - CMSIS Pack Vendor :STMicroelectronics PDM2PCM 3.3.0
2024-12-05 10:24:55,858 [INFO] ThirdParty:1030 - CMSIS Pack Vendor :STMicroelectronics X-CUBE-DISPLAY 3.0.0
2024-12-05 10:24:55,858 [INFO] ThirdParty:1030 - CMSIS Pack Vendor :STMicroelectronics X-CUBE-BLE1 7.0.0
2024-12-05 10:24:55,859 [INFO] ThirdParty:1030 - CMSIS Pack Vendor :STMicroelectronics X-CUBE-NFC10 1.0.0
2024-12-05 10:24:55,859 [INFO] ThirdParty:1030 - CMSIS Pack Vendor :wolfSSL I-CUBE-wolfSSL 5.5.4
2024-12-05 10:24:55,859 [INFO] ThirdParty:1030 - CMSIS Pack Vendor :STMicroelectronics HAL Drivers 0.0.0
2024-12-05 10:24:55,859 [INFO] ThirdParty:1030 - CMSIS Pack Vendor :STMicroelectronics X-CUBE-NFC7 1.0.1
2024-12-05 10:24:55,859 [INFO] ThirdParty:1030 - CMSIS Pack Vendor :STMicroelectronics MBEDTLS 2.14.1
2024-12-05 10:24:55,859 [INFO] ThirdParty:1030 - CMSIS Pack Vendor :STMicroelectronics X-CUBE-NFC7 1.0.0
2024-12-05 10:24:55,859 [INFO] ThirdParty:1030 - CMSIS Pack Vendor :wolfSSL I-CUBE-wolfTPM 3.2.0
2024-12-05 10:24:55,859 [INFO] ThirdParty:1030 - CMSIS Pack Vendor :STMicroelectronics X-CUBE-EEPRMA1 4.1.0
2024-12-05 10:24:55,859 [INFO] ThirdParty:1030 - CMSIS Pack Vendor :STMicroelectronics X-CUBE-BLEMGR 3.1.0
2024-12-05 10:24:55,859 [INFO] ThirdParty:1030 - CMSIS Pack Vendor :STMicroelectronics FP-SNS-SMARTAG2 1.2.0
2024-12-05 10:24:55,859 [INFO] ThirdParty:1030 - CMSIS Pack Vendor :STMicroelectronics X-CUBE-AZRTOS-WL 2.0.0
2024-12-05 10:24:55,859 [INFO] ThirdParty:1030 - CMSIS Pack Vendor :STMicroelectronics FP-SNS-MOTENV1 5.0.0
2024-12-05 10:24:55,859 [INFO] ThirdParty:1030 - CMSIS Pack Vendor :STMicroelectronics USB_DEVICE 1.0.0
2024-12-05 10:24:55,863 [INFO] ThirdParty:1030 - CMSIS Pack Vendor :wolfSSL I-CUBE-wolfMQTT 1.19.0
2024-12-05 10:24:55,863 [INFO] ThirdParty:1030 - CMSIS Pack Vendor :STMicroelectronics X-CUBE-AZRTOS-L4 2.0.0
2024-12-05 10:24:55,863 [INFO] ThirdParty:1030 - CMSIS Pack Vendor :STMicroelectronics ThreadX 0.0.2
2024-12-05 10:24:55,863 [INFO] ThirdParty:1030 - CMSIS Pack Vendor :WES I-CUBE-Cesium 1.3.0
2024-12-05 10:24:55,863 [INFO] ThirdParty:1030 - CMSIS Pack Vendor :STMicroelectronics lwIP 2.1.2
2024-12-05 10:24:55,863 [INFO] ThirdParty:1030 - CMSIS Pack Vendor :STMicroelectronics X-CUBE-SFXS2LP1 4.0.0
2024-12-05 10:24:55,863 [INFO] ThirdParty:1030 - CMSIS Pack Vendor :STMicroelectronics X-CUBE-BLE2 3.3.0
2024-12-05 10:24:55,864 [INFO] ThirdParty:1030 - CMSIS Pack Vendor :STMicroelectronics X-CUBE-DISPLAY 2.2.0
2024-12-05 10:24:55,864 [INFO] ThirdParty:1030 - CMSIS Pack Vendor :STMicroelectronics X-CUBE-TOF1 3.2.0
2024-12-05 10:24:55,864 [INFO] ThirdParty:1030 - CMSIS Pack Vendor :STMicroelectronics PDM2PCM 3.2.0
2024-12-05 10:24:55,864 [INFO] ThirdParty:1030 - CMSIS Pack Vendor :STMicroelectronics X-CUBE-AZRTOS-H7 3.0.0
2024-12-05 10:24:55,864 [INFO] ThirdParty:1030 - CMSIS Pack Vendor :STMicroelectronics X-CUBE-ISPU 1.1.0
2024-12-05 10:24:55,864 [INFO] ThirdParty:1030 - CMSIS Pack Vendor :STMicroelectronics X-CUBE-AZRTOS-H7 3.3.0
2024-12-05 10:24:55,864 [INFO] ThirdParty:1030 - CMSIS Pack Vendor :RoweBots I-CUBE-UNISONRTOS 5.5.0-4
2024-12-05 10:24:55,864 [INFO] ThirdParty:1030 - CMSIS Pack Vendor :STMicroelectronics X-CUBE-NFC9 1.0.0
2024-12-05 10:24:55,864 [INFO] ThirdParty:1030 - CMSIS Pack Vendor :STMicroelectronics USB_DEVICE 3.0.0
2024-12-05 10:24:55,864 [INFO] ThirdParty:1030 - CMSIS Pack Vendor :STMicroelectronics X-CUBE-TCPP 4.1.0
2024-12-05 10:24:55,864 [INFO] ThirdParty:1030 - CMSIS Pack Vendor :STMicroelectronics X-CUBE-AI 8.0.0
2024-12-05 10:24:55,864 [INFO] ThirdParty:1030 - CMSIS Pack Vendor :STMicroelectronics X-CUBE-IPS 3.0.0
2024-12-05 10:24:55,864 [INFO] ThirdParty:1030 - CMSIS Pack Vendor :STMicroelectronics X-CUBE-AZRTOS-WB 2.0.0
2024-12-05 10:24:55,865 [INFO] ThirdParty:1030 - CMSIS Pack Vendor :STMicroelectronics X-CUBE-TOUCHGFX 4.21.1
2024-12-05 10:24:55,865 [INFO] ThirdParty:1030 - CMSIS Pack Vendor :STMicroelectronics X-CUBE-GNSS1 7.0.0
2024-12-05 10:24:55,865 [INFO] ThirdParty:1030 - CMSIS Pack Vendor :STMicroelectronics X-CUBE-TOUCHGFX 4.21.0
2024-12-05 10:24:55,865 [INFO] ThirdParty:1030 - CMSIS Pack Vendor :STMicroelectronics X-CUBE-MEMS1 9.4.0
2024-12-05 10:24:55,865 [INFO] ThirdParty:1030 - CMSIS Pack Vendor :STMicroelectronics X-CUBE-AI 7.3.0
2024-12-05 10:24:55,865 [INFO] ThirdParty:1030 - CMSIS Pack Vendor :STMicroelectronics FP-SNS-STBOX1 2.0.0
2024-12-05 10:24:55,865 [INFO] ThirdParty:1030 - CMSIS Pack Vendor :STMicroelectronics X-CUBE-ALGOBUILD 1.3.0
2024-12-05 10:24:55,865 [INFO] ThirdParty:1030 - CMSIS Pack Vendor :STMicroelectronics X-CUBE-AZRTOS-L5 1.1.0
2024-12-05 10:24:55,865 [INFO] ThirdParty:1030 - CMSIS Pack Vendor :STMicroelectronics X-CUBE-AZRTOS-G0 1.1.0
2024-12-05 10:24:55,868 [INFO] ThirdParty:1030 - CMSIS Pack Vendor :STMicroelectronics X-CUBE-SAFEA1 1.2.2
2024-12-05 10:24:55,868 [INFO] ThirdParty:1030 - CMSIS Pack Vendor :STMicroelectronics X-CUBE-NFC4 3.0.0
2024-12-05 10:24:55,868 [INFO] ThirdParty:1030 - CMSIS Pack Vendor :STMicroelectronics X-CUBE-SUBG2 5.0.0
2024-12-05 10:24:55,868 [INFO] ThirdParty:1030 - CMSIS Pack Vendor :STMicroelectronics STM32_WPAN 1.0.0
2024-12-05 10:24:55,869 [INFO] ThirdParty:1030 - CMSIS Pack Vendor :EmbeddedOffice I-CUBE-FS-RTOS 1.0.1
2024-12-05 10:24:55,869 [INFO] ThirdParty:1030 - CMSIS Pack Vendor :STMicroelectronics lwIP 2.0.3
2024-12-05 10:24:55,869 [INFO] ThirdParty:1030 - CMSIS Pack Vendor :Cesanta I-CUBE-Mongoose 7.13.0
2024-12-05 10:24:55,869 [INFO] ThirdParty:1030 - CMSIS Pack Vendor :STMicroelectronics USB_HOST 1.0.0
2024-12-05 10:24:55,869 [INFO] ThirdParty:1030 - CMSIS Pack Vendor :STMicroelectronics X-CUBE-AZRTOS-G4 2.0.0
2024-12-05 10:24:55,869 [INFO] ThirdParty:1030 - CMSIS Pack Vendor :STMicroelectronics PDM2PCM 3.1.0
2024-12-05 10:24:55,869 [INFO] ThirdParty:1030 - CMSIS Pack Vendor :STMicroelectronics FP-ATR-ASTRA1 1.1.1
2024-12-05 10:24:55,869 [INFO] ThirdParty:1030 - CMSIS Pack Vendor :STMicroelectronics X-CUBE-BLEMGR 1.3.0
2024-12-05 10:24:55,869 [INFO] ThirdParty:1030 - CMSIS Pack Vendor :RealThread X-CUBE-RT-Thread_Nano 4.1.1
2024-12-05 10:24:55,869 [INFO] ThirdParty:1030 - CMSIS Pack Vendor :STMicroelectronics FP-ATR-SIGFOX1 3.2.0
2024-12-05 10:24:55,869 [INFO] ThirdParty:1030 - CMSIS Pack Vendor :STMicroelectronics X-CUBE-AZRTOS-G4 1.0.0
2024-12-05 10:24:55,869 [INFO] ThirdParty:1030 - CMSIS Pack Vendor :STMicroelectronics X-CUBE-AZRTOS-L4 1.0.0
2024-12-05 10:24:55,870 [INFO] ThirdParty:1030 - CMSIS Pack Vendor :quantropi X-CUBE-qispace-sdk-base 1.9.3
2024-12-05 10:24:55,870 [INFO] ThirdParty:1030 - CMSIS Pack Vendor :STMicroelectronics X-CUBE-ISPU 2.0.0
2024-12-05 10:24:55,870 [INFO] ThirdParty:1030 - CMSIS Pack Vendor :STMicroelectronics X-CUBE-EEPRMA1 5.1.0
2024-12-05 10:24:55,870 [INFO] ThirdParty:1030 - CMSIS Pack Vendor :STMicroelectronics MBEDTLS 2.16.2
2024-12-05 10:24:55,870 [INFO] ThirdParty:1030 - CMSIS Pack Vendor :STMicroelectronics X-CUBE-ALS 1.0.2
2024-12-05 10:24:55,873 [INFO] ThirdParty:1030 - CMSIS Pack Vendor :STMicroelectronics X-CUBE-MEMS1 10.0.0
2024-12-05 10:24:55,873 [INFO] ThirdParty:1030 - CMSIS Pack Vendor :STMicroelectronics X-CUBE-TOUCHGFX 4.24.0
2024-12-05 10:24:55,873 [INFO] ThirdParty:1030 - CMSIS Pack Vendor :ITTIA_DB I-CUBE-ITTIADB 8.9.0
2024-12-05 10:24:55,873 [INFO] ThirdParty:1030 - CMSIS Pack Vendor :STMicroelectronics X-CUBE-AZRTOS-WL 1.0.0
2024-12-05 10:24:55,873 [INFO] ThirdParty:1030 - CMSIS Pack Vendor :STMicroelectronics X-CUBE-TOUCHGFX 4.24.1
2024-12-05 10:24:55,874 [INFO] ThirdParty:1030 - CMSIS Pack Vendor :portGmbH I-Cube-SoM-uGOAL 1.1.0
2024-12-05 10:24:55,874 [INFO] ThirdParty:1030 - CMSIS Pack Vendor :STMicroelectronics X-CUBE-ALS 1.0.1
2024-12-05 10:24:55,874 [INFO] ThirdParty:1030 - CMSIS Pack Vendor :STMicroelectronics X-CUBE-MEMS1 9.5.0
2024-12-05 10:24:55,874 [INFO] ThirdParty:1030 - CMSIS Pack Vendor :STMicroelectronics ThreadX 1.0.0
2024-12-05 10:24:55,874 [INFO] ThirdParty:1030 - CMSIS Pack Vendor :STMicroelectronics X-CUBE-AZRTOS-WB 1.1.0
2024-12-05 10:24:55,874 [INFO] ThirdParty:1030 - CMSIS Pack Vendor :SEGGER I-CUBE-embOS 1.3.1
2024-12-05 10:24:55,874 [INFO] ThirdParty:1030 - CMSIS Pack Vendor :STMicroelectronics X-CUBE-ALGOBUILD 1.4.0
2024-12-05 10:24:55,874 [INFO] ThirdParty:1030 - CMSIS Pack Vendor :SEGGER I-CUBE-embOS 1.3.0
2024-12-05 10:24:55,874 [INFO] ThirdParty:1030 - CMSIS Pack Vendor :STMicroelectronics X-CUBE-AZRTOS-H7RS 1.0.0
2024-12-05 10:24:55,874 [INFO] ThirdParty:1030 - CMSIS Pack Vendor :STMicroelectronics FP-ATR-ASTRA1 2.0.0
2024-12-05 10:24:55,874 [INFO] ThirdParty:1030 - CMSIS Pack Vendor :STMicroelectronics X-CUBE-TOF1 3.4.2
2024-12-05 10:24:55,875 [INFO] ThirdParty:1030 - CMSIS Pack Vendor :STMicroelectronics X-CUBE-AI 9.1.0
2024-12-05 10:24:55,875 [INFO] ThirdParty:1030 - CMSIS Pack Vendor :STMicroelectronics X-CUBE-AZRTOS-H7 3.2.0
2024-12-05 10:24:55,875 [INFO] ThirdParty:1030 - CMSIS Pack Vendor :Infineon AIROC-Wi-Fi-Bluetooth-STM32 1.6.0
2024-12-05 10:24:55,875 [INFO] ThirdParty:1030 - CMSIS Pack Vendor :wolfSSL I-CUBE-wolfSSH 1.4.17
2024-12-05 10:24:55,875 [INFO] ThirdParty:841 - exiting critical section [change project]
2024-12-05 10:24:56,536 [INFO] PinOutPanel:1589 - setPackage(No Configuration,No Configuration)
2024-12-05 10:24:56,536 [INFO] PinOutPanel:1589 - setPackage(STM32F401RCTx,LQFP64)
2024-12-05 10:24:57,095 [INFO] UtilMem:75 - Before build in PCC Used Memory: 592445440 Bytes (930086912)
2024-12-05 10:24:57,606 [INFO] UtilMem:75 - After build in PCC Used Memory: 639417024 Bytes (930086912)
2024-12-05 10:24:57,639 [INFO] IPUIPlugin:80 - create IPUIPlugin
2024-12-05 10:24:57,640 [INFO] IPUIPlugin:80 - create IPUIPlugin
2024-12-05 10:24:57,640 [INFO] IPUIPlugin:80 - create IPUIPlugin
2024-12-05 10:24:57,640 [INFO] IPUIPlugin:80 - create IPUIPlugin
2024-12-05 10:24:57,641 [INFO] IPUIPlugin:80 - create IPUIPlugin
2024-12-05 10:24:57,641 [INFO] IPUIPlugin:80 - create IPUIPlugin
2024-12-05 10:24:57,641 [INFO] IPUIPlugin:80 - create IPUIPlugin
2024-12-05 10:24:57,642 [INFO] IPUIPlugin:80 - create IPUIPlugin
2024-12-05 10:24:57,642 [INFO] IPUIPlugin:80 - create IPUIPlugin
2024-12-05 10:24:57,642 [INFO] IPUIPlugin:80 - create IPUIPlugin
2024-12-05 10:24:57,642 [INFO] IPUIPlugin:80 - create IPUIPlugin
2024-12-05 10:24:57,642 [INFO] IPUIPlugin:80 - create IPUIPlugin
2024-12-05 10:24:57,643 [INFO] IPUIPlugin:80 - create IPUIPlugin
2024-12-05 10:24:57,643 [INFO] IPUIPlugin:80 - create IPUIPlugin
2024-12-05 10:24:57,643 [INFO] IPUIPlugin:80 - create IPUIPlugin
2024-12-05 10:24:57,644 [INFO] IPUIPlugin:80 - create IPUIPlugin
2024-12-05 10:24:57,644 [INFO] IPUIPlugin:80 - create IPUIPlugin
2024-12-05 10:24:57,644 [INFO] IPUIPlugin:80 - create IPUIPlugin
2024-12-05 10:24:57,645 [INFO] IPUIPlugin:80 - create IPUIPlugin
2024-12-05 10:24:57,645 [INFO] IPUIPlugin:80 - create IPUIPlugin
2024-12-05 10:24:57,645 [INFO] IPUIPlugin:80 - create IPUIPlugin
2024-12-05 10:24:57,646 [INFO] IPUIPlugin:80 - create IPUIPlugin
2024-12-05 10:24:57,646 [INFO] IPUIPlugin:80 - create IPUIPlugin
2024-12-05 10:24:57,646 [INFO] IPUIPlugin:80 - create IPUIPlugin
2024-12-05 10:24:57,646 [INFO] IPUIPlugin:80 - create IPUIPlugin
2024-12-05 10:24:57,647 [INFO] IPUIPlugin:80 - create IPUIPlugin
2024-12-05 10:24:57,647 [INFO] IPUIPlugin:80 - create IPUIPlugin
2024-12-05 10:24:57,647 [INFO] IPUIPlugin:80 - create IPUIPlugin
2024-12-05 10:24:57,647 [INFO] IPUIPlugin:80 - create IPUIPlugin
2024-12-05 10:24:57,648 [INFO] IPUIPlugin:80 - create IPUIPlugin
2024-12-05 10:24:57,648 [INFO] IPUIPlugin:80 - create IPUIPlugin
2024-12-05 10:24:57,649 [INFO] IPUIPlugin:80 - create IPUIPlugin
2024-12-05 10:24:57,650 [INFO] IPUIPlugin:80 - create IPUIPlugin
2024-12-05 10:24:57,650 [INFO] IPUIPlugin:80 - create IPUIPlugin
2024-12-05 10:24:57,651 [INFO] IPUIPlugin:80 - create IPUIPlugin
2024-12-05 10:24:57,651 [INFO] IPUIPlugin:80 - create IPUIPlugin
2024-12-05 10:24:57,652 [INFO] IPUIPlugin:80 - create IPUIPlugin
2024-12-05 10:24:57,653 [INFO] IPUIPlugin:80 - create IPUIPlugin
2024-12-05 10:24:57,657 [INFO] ApiDbMcu:508 - Load IP Config File for PDM2PCM
2024-12-05 10:24:57,740 [INFO] CADModel:165 - CPN selected for project levelSTM32F401RCT6TR
2024-12-05 10:24:57,740 [INFO] CADModel:114 - Register for checkConnection events
2024-12-05 10:24:57,807 [INFO] OpenFileManager:363 - Restore cursor
2024-12-05 10:25:31,363 [INFO] NvicIntPanel:101 - NVIC parent = com.st.microxplorer.plugins.ip.nvic.MultiNvicIntPanel[,0,0,0x0,invalid,layout=javax.swing.BoxLayout,alignmentX=0.0,alignmentY=0.0,border=,flags=9,maximumSize=,minimumSize=,preferredSize=]
2024-12-05 10:25:32,679 [INFO] NvicIntPanel:101 - NVIC parent = com.st.microxplorer.plugins.ip.nvic.MultiNvicIntPanel[,0,0,0x0,invalid,layout=javax.swing.BoxLayout,alignmentX=0.0,alignmentY=0.0,border=,flags=9,maximumSize=,minimumSize=,preferredSize=]
2024-12-05 10:25:33,779 [INFO] NvicIntPanel:101 - NVIC parent = com.st.microxplorer.plugins.ip.nvic.MultiNvicIntPanel[,0,0,0x0,invalid,layout=javax.swing.BoxLayout,alignmentX=0.0,alignmentY=0.0,border=,flags=9,maximumSize=,minimumSize=,preferredSize=]
2024-12-05 10:25:34,836 [INFO] NvicIntPanel:101 - NVIC parent = com.st.microxplorer.plugins.ip.nvic.MultiNvicIntPanel[,0,0,0x0,invalid,layout=javax.swing.BoxLayout,alignmentX=0.0,alignmentY=0.0,border=,flags=9,maximumSize=,minimumSize=,preferredSize=]
2024-12-05 10:25:36,591 [INFO] NvicIntPanel:101 - NVIC parent = com.st.microxplorer.plugins.ip.nvic.MultiNvicIntPanel[,0,0,0x0,invalid,layout=javax.swing.BoxLayout,alignmentX=0.0,alignmentY=0.0,border=,flags=9,maximumSize=,minimumSize=,preferredSize=]
2024-12-05 10:25:37,634 [INFO] NvicIntPanel:101 - NVIC parent = com.st.microxplorer.plugins.ip.nvic.MultiNvicIntPanel[,0,0,0x0,invalid,layout=javax.swing.BoxLayout,alignmentX=0.0,alignmentY=0.0,border=,flags=9,maximumSize=,minimumSize=,preferredSize=]
2024-12-05 10:25:47,799 [INFO] UtilMem:75 - End SaveConfig() Used Memory: 501221376 Bytes (930086912)
2024-12-05 10:25:48,001 [INFO] UtilMem:75 - End SaveConfig() Used Memory: 521666560 Bytes (930086912)
2024-12-05 10:25:48,742 [INFO] UtilMem:75 - End SaveConfig() Used Memory: 592707600 Bytes (930086912)
2024-12-05 10:25:49,322 [INFO] BlockDiagram:2766 - set Specific Code input for plugin: SPI
2024-12-05 10:25:49,324 [INFO] BlockDiagram:2766 - set Specific Code input for plugin: NVIC
2024-12-05 10:25:49,324 [INFO] BlockDiagram:2766 - set Specific Code input for plugin: TIM1_8
2024-12-05 10:25:49,325 [INFO] BlockDiagram:2766 - set Specific Code input for plugin: TIM1_8
2024-12-05 10:25:49,327 [INFO] BlockDiagram:2766 - set Specific Code input for plugin: SYS
2024-12-05 10:25:49,327 [INFO] BlockDiagram:2766 - set Specific Code input for plugin: GPIO
2024-12-05 10:25:49,327 [INFO] BlockDiagram:2766 - set Specific Code input for plugin: RCC
2024-12-05 10:25:49,328 [INFO] CodeGenerator:896 - code generatio: config db path: /home/cotti/.stm32cubemx/databases/DB.6.0.120/db/
2024-12-05 10:25:49,768 [INFO] CodeEngine:255 - oldGeneratedFile, /home/cotti/Desktop/Potencia/repos/bldc-controller-edp/code/FOC_pwm/MXTmpFiles/license.tmp_save
2024-12-05 10:25:50,673 [INFO] CodeEngine:279 - Generated code: /home/cotti/Desktop/Potencia/repos/bldc-controller-edp/code/FOC_pwm/MXTmpFiles/license.tmp
2024-12-05 10:25:50,753 [INFO] CodeEngine:255 - oldGeneratedFile, /home/cotti/Desktop/Potencia/repos/bldc-controller-edp/code/FOC_pwm/MXTmpFiles/gpio.tmp_save
2024-12-05 10:25:51,012 [INFO] CodeEngine:279 - Generated code: /home/cotti/Desktop/Potencia/repos/bldc-controller-edp/code/FOC_pwm/MXTmpFiles/gpio.tmp
2024-12-05 10:25:51,289 [INFO] CodeEngine:255 - oldGeneratedFile, /home/cotti/Desktop/Potencia/repos/bldc-controller-edp/code/FOC_pwm/Core/Src/stm32f4xx_it.c_save
2024-12-05 10:25:51,822 [INFO] CodeEngine:279 - Generated code: /home/cotti/Desktop/Potencia/repos/bldc-controller-edp/code/FOC_pwm/Core/Src/stm32f4xx_it.c
2024-12-05 10:25:51,827 [INFO] CodeEngine:255 - oldGeneratedFile, /home/cotti/Desktop/Potencia/repos/bldc-controller-edp/code/FOC_pwm/Core/Inc/stm32f4xx_it.h_save
2024-12-05 10:25:52,013 [INFO] CodeEngine:279 - Generated code: /home/cotti/Desktop/Potencia/repos/bldc-controller-edp/code/FOC_pwm/Core/Inc/stm32f4xx_it.h
2024-12-05 10:25:52,024 [INFO] CodeEngine:255 - oldGeneratedFile, /home/cotti/Desktop/Potencia/repos/bldc-controller-edp/code/FOC_pwm/Core/Src/stm32f4xx_hal_msp.c_save
2024-12-05 10:25:52,332 [INFO] CodeEngine:279 - Generated code: /home/cotti/Desktop/Potencia/repos/bldc-controller-edp/code/FOC_pwm/Core/Src/stm32f4xx_hal_msp.c
2024-12-05 10:25:52,337 [INFO] CodeEngine:255 - oldGeneratedFile, /home/cotti/Desktop/Potencia/repos/bldc-controller-edp/code/FOC_pwm/MXTmpFiles/system.tmp_save
2024-12-05 10:25:52,551 [INFO] CodeEngine:279 - Generated code: /home/cotti/Desktop/Potencia/repos/bldc-controller-edp/code/FOC_pwm/MXTmpFiles/system.tmp
2024-12-05 10:25:52,564 [INFO] CodeEngine:311 - oldGeneratedFile, /home/cotti/Desktop/Potencia/repos/bldc-controller-edp/code/FOC_pwm/Core/Inc/stm32f4xx_hal_conf.h_save
2024-12-05 10:25:52,792 [INFO] CodeEngine:335 - Generated code: /home/cotti/Desktop/Potencia/repos/bldc-controller-edp/code/FOC_pwm/Core/Inc/stm32f4xx_hal_conf.h
2024-12-05 10:25:52,830 [INFO] ApiDbMcu:508 - Load IP Config File for SPI3
2024-12-05 10:25:52,852 [INFO] ApiDbMcu:508 - Load IP Config File for TIM1
2024-12-05 10:25:52,870 [INFO] ApiDbMcu:508 - Load IP Config File for TIM3
2024-12-05 10:25:52,875 [INFO] ApiDbMcu:508 - Load IP Config File for RCC
2024-12-05 10:25:52,877 [WARN] IPConfigManager:3618 - IP not found : TIM
2024-12-05 10:25:52,878 [WARN] CodeGenerator:4152 - IP not found : null
2024-12-05 10:25:52,881 [INFO] CodeEngine:255 - oldGeneratedFile, /home/cotti/Desktop/Potencia/repos/bldc-controller-edp/code/FOC_pwm/Core/Inc/main.h_save
2024-12-05 10:25:53,054 [INFO] CodeEngine:279 - Generated code: /home/cotti/Desktop/Potencia/repos/bldc-controller-edp/code/FOC_pwm/Core/Inc/main.h
2024-12-05 10:25:53,057 [INFO] CodeEngine:255 - oldGeneratedFile, /home/cotti/Desktop/Potencia/repos/bldc-controller-edp/code/FOC_pwm/Core/Src/main.c_save
2024-12-05 10:25:53,271 [INFO] CodeEngine:279 - Generated code: /home/cotti/Desktop/Potencia/repos/bldc-controller-edp/code/FOC_pwm/Core/Src/main.c
2024-12-05 10:25:53,662 [INFO] ProjectBuilder:3289 - Time for Copy HAL[1] : 40mS.
2024-12-05 10:25:53,664 [INFO] ProjectBuilder:4876 - Project Generator version: 4.5.0-RC5
2024-12-05 10:25:53,820 [INFO] ConfigFileManager:1579 - The Die is : DIE423
2024-12-05 10:25:53,824 [INFO] ApiDbMcu:508 - Load IP Config File for FATFS
2024-12-05 10:25:53,830 [INFO] ApiDbMcu:508 - Load IP Config File for FREERTOS
2024-12-05 10:25:53,833 [INFO] ApiDbMcu:508 - Load IP Config File for LIBJPEG
2024-12-05 10:25:53,841 [INFO] ApiDbMcu:508 - Load IP Config File for MBEDTLS
2024-12-05 10:25:53,851 [INFO] ApiDbMcu:508 - Load IP Config File for USB_DEVICE
2024-12-05 10:25:53,856 [INFO] ApiDbMcu:508 - Load IP Config File for USB_HOST
2024-12-05 10:25:55,415 [INFO] ProjectBuilder:5154 - Time for Generating toolchain IDE Files: 1750mS.
2024-12-05 10:25:55,422 [INFO] ProjectBuilder:3146 - Time for Copy CMSIS : 7mS.
2024-12-05 10:25:55,423 [INFO] ProjectBuilder:3146 - Time for Copy CMSIS : 0mS.
2024-12-05 10:29:11,795 [INFO] Gpio:277 - dependency for GPIO [RCC, SPI3, SYS, TIM1]
2024-12-05 10:29:26,759 [INFO] NvicIntPanel:101 - NVIC parent = com.st.microxplorer.plugins.ip.nvic.MultiNvicIntPanel[,0,0,0x0,invalid,layout=javax.swing.BoxLayout,alignmentX=0.0,alignmentY=0.0,border=,flags=9,maximumSize=,minimumSize=,preferredSize=]
2024-12-05 10:29:31,995 [INFO] NvicIntPanel:101 - NVIC parent = com.st.microxplorer.plugins.ip.nvic.MultiNvicIntPanel[,0,0,0x0,invalid,layout=javax.swing.BoxLayout,alignmentX=0.0,alignmentY=0.0,border=,flags=9,maximumSize=,minimumSize=,preferredSize=]
2024-12-05 10:29:33,059 [INFO] NvicIntPanel:101 - NVIC parent = com.st.microxplorer.plugins.ip.nvic.MultiNvicIntPanel[,0,0,0x0,invalid,layout=javax.swing.BoxLayout,alignmentX=0.0,alignmentY=0.0,border=,flags=9,maximumSize=,minimumSize=,preferredSize=]
2024-12-05 10:29:35,045 [INFO] NvicIntPanel:101 - NVIC parent = com.st.microxplorer.plugins.ip.nvic.MultiNvicIntPanel[,0,0,0x0,invalid,layout=javax.swing.BoxLayout,alignmentX=0.0,alignmentY=0.0,border=,flags=9,maximumSize=,minimumSize=,preferredSize=]
2024-12-05 10:29:36,086 [INFO] NvicIntPanel:101 - NVIC parent = com.st.microxplorer.plugins.ip.nvic.MultiNvicIntPanel[,0,0,0x0,invalid,layout=javax.swing.BoxLayout,alignmentX=0.0,alignmentY=0.0,border=,flags=9,maximumSize=,minimumSize=,preferredSize=]
2024-12-05 10:29:37,792 [INFO] NvicIntPanel:101 - NVIC parent = com.st.microxplorer.plugins.ip.nvic.MultiNvicIntPanel[,0,0,0x0,invalid,layout=javax.swing.BoxLayout,alignmentX=0.0,alignmentY=0.0,border=,flags=9,maximumSize=,minimumSize=,preferredSize=]
2024-12-05 10:29:38,931 [INFO] NvicIntPanel:101 - NVIC parent = com.st.microxplorer.plugins.ip.nvic.MultiNvicIntPanel[,0,0,0x0,invalid,layout=javax.swing.BoxLayout,alignmentX=0.0,alignmentY=0.0,border=,flags=9,maximumSize=,minimumSize=,preferredSize=]
2024-12-05 10:30:25,864 [INFO] NvicIntPanel:101 - NVIC parent = com.st.microxplorer.plugins.ip.nvic.MultiNvicIntPanel[,0,0,0x0,invalid,layout=javax.swing.BoxLayout,alignmentX=0.0,alignmentY=0.0,border=,flags=9,maximumSize=,minimumSize=,preferredSize=]
2024-12-05 10:30:27,021 [INFO] NvicIntPanel:101 - NVIC parent = com.st.microxplorer.plugins.ip.nvic.MultiNvicIntPanel[,0,0,0x0,invalid,layout=javax.swing.BoxLayout,alignmentX=0.0,alignmentY=0.0,border=,flags=9,maximumSize=,minimumSize=,preferredSize=]
2024-12-05 10:30:31,864 [INFO] UtilMem:75 - End SaveConfig() Used Memory: 363325040 Bytes (930086912)
2024-12-05 10:30:32,002 [INFO] UtilMem:75 - End SaveConfig() Used Memory: 378417464 Bytes (930086912)
2024-12-05 10:30:32,505 [INFO] UtilMem:75 - End SaveConfig() Used Memory: 417214776 Bytes (930086912)
2024-12-05 10:30:32,695 [INFO] BlockDiagram:2766 - set Specific Code input for plugin: SPI
2024-12-05 10:30:32,696 [INFO] BlockDiagram:2766 - set Specific Code input for plugin: NVIC
2024-12-05 10:30:32,696 [INFO] BlockDiagram:2766 - set Specific Code input for plugin: TIM1_8
2024-12-05 10:30:32,696 [INFO] BlockDiagram:2766 - set Specific Code input for plugin: TIM1_8
2024-12-05 10:30:32,696 [INFO] BlockDiagram:2766 - set Specific Code input for plugin: SYS
2024-12-05 10:30:32,697 [INFO] BlockDiagram:2766 - set Specific Code input for plugin: GPIO
2024-12-05 10:30:32,697 [INFO] BlockDiagram:2766 - set Specific Code input for plugin: RCC
2024-12-05 10:30:32,697 [INFO] CodeGenerator:896 - code generatio: config db path: /home/cotti/.stm32cubemx/databases/DB.6.0.120/db/
2024-12-05 10:30:32,888 [INFO] CodeEngine:255 - oldGeneratedFile, /home/cotti/Desktop/Potencia/repos/bldc-controller-edp/code/FOC_pwm/MXTmpFiles/license.tmp_save
2024-12-05 10:30:33,017 [INFO] CodeEngine:279 - Generated code: /home/cotti/Desktop/Potencia/repos/bldc-controller-edp/code/FOC_pwm/MXTmpFiles/license.tmp
2024-12-05 10:30:33,091 [INFO] CodeEngine:255 - oldGeneratedFile, /home/cotti/Desktop/Potencia/repos/bldc-controller-edp/code/FOC_pwm/MXTmpFiles/gpio.tmp_save
2024-12-05 10:30:33,243 [INFO] CodeEngine:279 - Generated code: /home/cotti/Desktop/Potencia/repos/bldc-controller-edp/code/FOC_pwm/MXTmpFiles/gpio.tmp
2024-12-05 10:30:33,595 [INFO] CodeEngine:255 - oldGeneratedFile, /home/cotti/Desktop/Potencia/repos/bldc-controller-edp/code/FOC_pwm/Core/Src/stm32f4xx_it.c_save
2024-12-05 10:30:33,794 [INFO] CodeEngine:279 - Generated code: /home/cotti/Desktop/Potencia/repos/bldc-controller-edp/code/FOC_pwm/Core/Src/stm32f4xx_it.c
2024-12-05 10:30:33,796 [INFO] CodeEngine:255 - oldGeneratedFile, /home/cotti/Desktop/Potencia/repos/bldc-controller-edp/code/FOC_pwm/Core/Inc/stm32f4xx_it.h_save
2024-12-05 10:30:33,911 [INFO] CodeEngine:279 - Generated code: /home/cotti/Desktop/Potencia/repos/bldc-controller-edp/code/FOC_pwm/Core/Inc/stm32f4xx_it.h
2024-12-05 10:30:33,916 [INFO] CodeEngine:255 - oldGeneratedFile, /home/cotti/Desktop/Potencia/repos/bldc-controller-edp/code/FOC_pwm/Core/Src/stm32f4xx_hal_msp.c_save
2024-12-05 10:30:34,091 [INFO] CodeEngine:279 - Generated code: /home/cotti/Desktop/Potencia/repos/bldc-controller-edp/code/FOC_pwm/Core/Src/stm32f4xx_hal_msp.c
2024-12-05 10:30:34,092 [INFO] CodeEngine:255 - oldGeneratedFile, /home/cotti/Desktop/Potencia/repos/bldc-controller-edp/code/FOC_pwm/MXTmpFiles/system.tmp_save
2024-12-05 10:30:34,208 [INFO] CodeEngine:279 - Generated code: /home/cotti/Desktop/Potencia/repos/bldc-controller-edp/code/FOC_pwm/MXTmpFiles/system.tmp
2024-12-05 10:30:34,212 [INFO] CodeEngine:311 - oldGeneratedFile, /home/cotti/Desktop/Potencia/repos/bldc-controller-edp/code/FOC_pwm/Core/Inc/stm32f4xx_hal_conf.h_save
2024-12-05 10:30:34,308 [INFO] CodeEngine:335 - Generated code: /home/cotti/Desktop/Potencia/repos/bldc-controller-edp/code/FOC_pwm/Core/Inc/stm32f4xx_hal_conf.h
2024-12-05 10:30:34,325 [WARN] IPConfigManager:3618 - IP not found : TIM
2024-12-05 10:30:34,326 [WARN] CodeGenerator:4152 - IP not found : null
2024-12-05 10:30:34,329 [INFO] CodeEngine:255 - oldGeneratedFile, /home/cotti/Desktop/Potencia/repos/bldc-controller-edp/code/FOC_pwm/Core/Inc/main.h_save
2024-12-05 10:30:34,409 [INFO] CodeEngine:279 - Generated code: /home/cotti/Desktop/Potencia/repos/bldc-controller-edp/code/FOC_pwm/Core/Inc/main.h
2024-12-05 10:30:34,411 [INFO] CodeEngine:255 - oldGeneratedFile, /home/cotti/Desktop/Potencia/repos/bldc-controller-edp/code/FOC_pwm/Core/Src/main.c_save
2024-12-05 10:30:34,550 [INFO] CodeEngine:279 - Generated code: /home/cotti/Desktop/Potencia/repos/bldc-controller-edp/code/FOC_pwm/Core/Src/main.c
2024-12-05 10:30:34,855 [INFO] ProjectBuilder:3289 - Time for Copy HAL[1] : 37mS.
2024-12-05 10:30:34,858 [INFO] ProjectBuilder:4876 - Project Generator version: 4.5.0-RC5
2024-12-05 10:30:34,989 [INFO] ConfigFileManager:1579 - The Die is : DIE423
2024-12-05 10:30:35,869 [INFO] ProjectBuilder:5154 - Time for Generating toolchain IDE Files: 1012mS.
2024-12-05 10:30:35,869 [INFO] ProjectBuilder:3146 - Time for Copy CMSIS : 0mS.
2024-12-05 10:30:35,870 [INFO] ProjectBuilder:3146 - Time for Copy CMSIS : 0mS.
2024-12-05 10:34:15,942 [INFO] NvicIntPanel:101 - NVIC parent = com.st.microxplorer.plugins.ip.nvic.MultiNvicIntPanel[,0,0,0x0,invalid,layout=javax.swing.BoxLayout,alignmentX=0.0,alignmentY=0.0,border=,flags=9,maximumSize=,minimumSize=,preferredSize=]
2024-12-05 10:34:18,847 [INFO] UtilMem:75 - End SaveConfig() Used Memory: 702050384 Bytes (930086912)
2024-12-05 10:34:19,230 [INFO] UtilMem:75 - End SaveConfig() Used Memory: 716730448 Bytes (930086912)
2024-12-05 10:34:20,606 [INFO] UtilMem:75 - End SaveConfig() Used Memory: 786985040 Bytes (930086912)
2024-12-05 10:34:20,975 [INFO] BlockDiagram:2766 - set Specific Code input for plugin: SPI
2024-12-05 10:34:20,980 [INFO] BlockDiagram:2766 - set Specific Code input for plugin: NVIC
2024-12-05 10:34:20,980 [INFO] BlockDiagram:2766 - set Specific Code input for plugin: TIM1_8
2024-12-05 10:34:20,980 [INFO] BlockDiagram:2766 - set Specific Code input for plugin: TIM1_8
2024-12-05 10:34:20,980 [INFO] BlockDiagram:2766 - set Specific Code input for plugin: SYS
2024-12-05 10:34:20,980 [INFO] BlockDiagram:2766 - set Specific Code input for plugin: GPIO
2024-12-05 10:34:20,980 [INFO] BlockDiagram:2766 - set Specific Code input for plugin: RCC
2024-12-05 10:34:20,981 [INFO] CodeGenerator:896 - code generatio: config db path: /home/cotti/.stm32cubemx/databases/DB.6.0.120/db/
2024-12-05 10:34:21,298 [INFO] CodeEngine:255 - oldGeneratedFile, /home/cotti/Desktop/Potencia/repos/bldc-controller-edp/code/FOC_pwm/MXTmpFiles/license.tmp_save
2024-12-05 10:34:21,501 [INFO] CodeEngine:279 - Generated code: /home/cotti/Desktop/Potencia/repos/bldc-controller-edp/code/FOC_pwm/MXTmpFiles/license.tmp
2024-12-05 10:34:21,538 [INFO] CodeEngine:255 - oldGeneratedFile, /home/cotti/Desktop/Potencia/repos/bldc-controller-edp/code/FOC_pwm/MXTmpFiles/gpio.tmp_save
2024-12-05 10:34:21,940 [INFO] CodeEngine:279 - Generated code: /home/cotti/Desktop/Potencia/repos/bldc-controller-edp/code/FOC_pwm/MXTmpFiles/gpio.tmp
2024-12-05 10:34:22,311 [INFO] CodeEngine:255 - oldGeneratedFile, /home/cotti/Desktop/Potencia/repos/bldc-controller-edp/code/FOC_pwm/Core/Src/stm32f4xx_it.c_save
2024-12-05 10:34:22,470 [INFO] CodeEngine:279 - Generated code: /home/cotti/Desktop/Potencia/repos/bldc-controller-edp/code/FOC_pwm/Core/Src/stm32f4xx_it.c
2024-12-05 10:34:22,472 [INFO] CodeEngine:255 - oldGeneratedFile, /home/cotti/Desktop/Potencia/repos/bldc-controller-edp/code/FOC_pwm/Core/Inc/stm32f4xx_it.h_save
2024-12-05 10:34:22,671 [INFO] CodeEngine:279 - Generated code: /home/cotti/Desktop/Potencia/repos/bldc-controller-edp/code/FOC_pwm/Core/Inc/stm32f4xx_it.h
2024-12-05 10:34:22,680 [INFO] CodeEngine:255 - oldGeneratedFile, /home/cotti/Desktop/Potencia/repos/bldc-controller-edp/code/FOC_pwm/Core/Src/stm32f4xx_hal_msp.c_save
2024-12-05 10:34:22,875 [INFO] CodeEngine:279 - Generated code: /home/cotti/Desktop/Potencia/repos/bldc-controller-edp/code/FOC_pwm/Core/Src/stm32f4xx_hal_msp.c
2024-12-05 10:34:22,877 [INFO] CodeEngine:255 - oldGeneratedFile, /home/cotti/Desktop/Potencia/repos/bldc-controller-edp/code/FOC_pwm/MXTmpFiles/system.tmp_save
2024-12-05 10:34:23,013 [INFO] CodeEngine:279 - Generated code: /home/cotti/Desktop/Potencia/repos/bldc-controller-edp/code/FOC_pwm/MXTmpFiles/system.tmp
2024-12-05 10:34:23,019 [INFO] CodeEngine:311 - oldGeneratedFile, /home/cotti/Desktop/Potencia/repos/bldc-controller-edp/code/FOC_pwm/Core/Inc/stm32f4xx_hal_conf.h_save
2024-12-05 10:34:23,155 [INFO] CodeEngine:335 - Generated code: /home/cotti/Desktop/Potencia/repos/bldc-controller-edp/code/FOC_pwm/Core/Inc/stm32f4xx_hal_conf.h
2024-12-05 10:34:23,179 [WARN] IPConfigManager:3618 - IP not found : TIM
2024-12-05 10:34:23,180 [WARN] CodeGenerator:4152 - IP not found : null
2024-12-05 10:34:23,183 [INFO] CodeEngine:255 - oldGeneratedFile, /home/cotti/Desktop/Potencia/repos/bldc-controller-edp/code/FOC_pwm/Core/Inc/main.h_save
2024-12-05 10:34:23,391 [INFO] CodeEngine:279 - Generated code: /home/cotti/Desktop/Potencia/repos/bldc-controller-edp/code/FOC_pwm/Core/Inc/main.h
2024-12-05 10:34:23,393 [INFO] CodeEngine:255 - oldGeneratedFile, /home/cotti/Desktop/Potencia/repos/bldc-controller-edp/code/FOC_pwm/Core/Src/main.c_save
2024-12-05 10:34:23,817 [INFO] CodeEngine:279 - Generated code: /home/cotti/Desktop/Potencia/repos/bldc-controller-edp/code/FOC_pwm/Core/Src/main.c
2024-12-05 10:34:24,267 [INFO] ProjectBuilder:3289 - Time for Copy HAL[1] : 44mS.
2024-12-05 10:34:24,274 [INFO] ProjectBuilder:4876 - Project Generator version: 4.5.0-RC5
2024-12-05 10:34:24,470 [INFO] ConfigFileManager:1579 - The Die is : DIE423
2024-12-05 10:34:25,787 [INFO] ProjectBuilder:5154 - Time for Generating toolchain IDE Files: 1516mS.
2024-12-05 10:34:25,787 [INFO] ProjectBuilder:3146 - Time for Copy CMSIS : 0mS.
2024-12-05 10:34:25,792 [INFO] ProjectBuilder:3146 - Time for Copy CMSIS : 0mS.
2024-12-05 10:38:52,350 [INFO] NvicIntPanel:101 - NVIC parent = com.st.microxplorer.plugins.ip.nvic.MultiNvicIntPanel[,0,0,0x0,invalid,layout=javax.swing.BoxLayout,alignmentX=0.0,alignmentY=0.0,border=,flags=9,maximumSize=,minimumSize=,preferredSize=]
2024-12-05 10:38:53,821 [INFO] UtilMem:75 - End SaveConfig() Used Memory: 655332984 Bytes (930086912)
2024-12-05 10:38:53,997 [INFO] UtilMem:75 - End SaveConfig() Used Memory: 670482152 Bytes (930086912)
2024-12-05 10:38:54,536 [INFO] UtilMem:75 - End SaveConfig() Used Memory: 732086008 Bytes (930086912)
2024-12-05 10:38:54,686 [INFO] BlockDiagram:2766 - set Specific Code input for plugin: SPI
2024-12-05 10:38:54,686 [INFO] BlockDiagram:2766 - set Specific Code input for plugin: NVIC
2024-12-05 10:38:54,687 [INFO] BlockDiagram:2766 - set Specific Code input for plugin: TIM1_8
2024-12-05 10:38:54,687 [INFO] BlockDiagram:2766 - set Specific Code input for plugin: TIM1_8
2024-12-05 10:38:54,687 [INFO] BlockDiagram:2766 - set Specific Code input for plugin: SYS
2024-12-05 10:38:54,688 [INFO] BlockDiagram:2766 - set Specific Code input for plugin: GPIO
2024-12-05 10:38:54,688 [INFO] BlockDiagram:2766 - set Specific Code input for plugin: RCC
2024-12-05 10:38:54,689 [INFO] CodeGenerator:896 - code generatio: config db path: /home/cotti/.stm32cubemx/databases/DB.6.0.120/db/
2024-12-05 10:38:54,818 [INFO] CodeEngine:255 - oldGeneratedFile, /home/cotti/Desktop/Potencia/repos/bldc-controller-edp/code/FOC_pwm/MXTmpFiles/license.tmp_save
2024-12-05 10:38:54,900 [INFO] CodeEngine:279 - Generated code: /home/cotti/Desktop/Potencia/repos/bldc-controller-edp/code/FOC_pwm/MXTmpFiles/license.tmp
2024-12-05 10:38:54,963 [INFO] CodeEngine:255 - oldGeneratedFile, /home/cotti/Desktop/Potencia/repos/bldc-controller-edp/code/FOC_pwm/MXTmpFiles/gpio.tmp_save
2024-12-05 10:38:55,077 [INFO] CodeEngine:279 - Generated code: /home/cotti/Desktop/Potencia/repos/bldc-controller-edp/code/FOC_pwm/MXTmpFiles/gpio.tmp
2024-12-05 10:38:55,237 [INFO] CodeEngine:255 - oldGeneratedFile, /home/cotti/Desktop/Potencia/repos/bldc-controller-edp/code/FOC_pwm/Core/Src/stm32f4xx_it.c_save
2024-12-05 10:38:55,327 [INFO] CodeEngine:279 - Generated code: /home/cotti/Desktop/Potencia/repos/bldc-controller-edp/code/FOC_pwm/Core/Src/stm32f4xx_it.c
2024-12-05 10:38:55,328 [INFO] CodeEngine:255 - oldGeneratedFile, /home/cotti/Desktop/Potencia/repos/bldc-controller-edp/code/FOC_pwm/Core/Inc/stm32f4xx_it.h_save
2024-12-05 10:38:55,393 [INFO] CodeEngine:279 - Generated code: /home/cotti/Desktop/Potencia/repos/bldc-controller-edp/code/FOC_pwm/Core/Inc/stm32f4xx_it.h
2024-12-05 10:38:55,397 [INFO] CodeEngine:255 - oldGeneratedFile, /home/cotti/Desktop/Potencia/repos/bldc-controller-edp/code/FOC_pwm/Core/Src/stm32f4xx_hal_msp.c_save
2024-12-05 10:38:55,496 [INFO] CodeEngine:279 - Generated code: /home/cotti/Desktop/Potencia/repos/bldc-controller-edp/code/FOC_pwm/Core/Src/stm32f4xx_hal_msp.c
2024-12-05 10:38:55,497 [INFO] CodeEngine:255 - oldGeneratedFile, /home/cotti/Desktop/Potencia/repos/bldc-controller-edp/code/FOC_pwm/MXTmpFiles/system.tmp_save
2024-12-05 10:38:55,568 [INFO] CodeEngine:279 - Generated code: /home/cotti/Desktop/Potencia/repos/bldc-controller-edp/code/FOC_pwm/MXTmpFiles/system.tmp
2024-12-05 10:38:55,572 [INFO] CodeEngine:311 - oldGeneratedFile, /home/cotti/Desktop/Potencia/repos/bldc-controller-edp/code/FOC_pwm/Core/Inc/stm32f4xx_hal_conf.h_save
2024-12-05 10:38:55,661 [INFO] CodeEngine:335 - Generated code: /home/cotti/Desktop/Potencia/repos/bldc-controller-edp/code/FOC_pwm/Core/Inc/stm32f4xx_hal_conf.h
2024-12-05 10:38:55,679 [WARN] IPConfigManager:3618 - IP not found : TIM
2024-12-05 10:38:55,680 [WARN] CodeGenerator:4152 - IP not found : null
2024-12-05 10:38:55,681 [INFO] CodeEngine:255 - oldGeneratedFile, /home/cotti/Desktop/Potencia/repos/bldc-controller-edp/code/FOC_pwm/Core/Inc/main.h_save
2024-12-05 10:38:55,759 [INFO] CodeEngine:279 - Generated code: /home/cotti/Desktop/Potencia/repos/bldc-controller-edp/code/FOC_pwm/Core/Inc/main.h
2024-12-05 10:38:55,760 [INFO] CodeEngine:255 - oldGeneratedFile, /home/cotti/Desktop/Potencia/repos/bldc-controller-edp/code/FOC_pwm/Core/Src/main.c_save
2024-12-05 10:38:55,877 [INFO] CodeEngine:279 - Generated code: /home/cotti/Desktop/Potencia/repos/bldc-controller-edp/code/FOC_pwm/Core/Src/main.c
2024-12-05 10:38:56,196 [INFO] ProjectBuilder:3289 - Time for Copy HAL[1] : 33mS.
2024-12-05 10:38:56,198 [INFO] ProjectBuilder:4876 - Project Generator version: 4.5.0-RC5
2024-12-05 10:38:56,297 [INFO] ConfigFileManager:1579 - The Die is : DIE423
2024-12-05 10:38:57,144 [INFO] ProjectBuilder:5154 - Time for Generating toolchain IDE Files: 946mS.
2024-12-05 10:38:57,144 [INFO] ProjectBuilder:3146 - Time for Copy CMSIS : 0mS.
2024-12-05 10:38:57,145 [INFO] ProjectBuilder:3146 - Time for Copy CMSIS : 0mS.
2024-12-05 10:58:26,642 [INFO] NvicIntPanel:101 - NVIC parent = com.st.microxplorer.plugins.ip.nvic.MultiNvicIntPanel[,0,0,0x0,invalid,layout=javax.swing.BoxLayout,alignmentX=0.0,alignmentY=0.0,border=,flags=9,maximumSize=,minimumSize=,preferredSize=]
2024-12-05 10:58:28,453 [INFO] NvicIntPanel:101 - NVIC parent = com.st.microxplorer.plugins.ip.nvic.MultiNvicIntPanel[,0,0,0x0,invalid,layout=javax.swing.BoxLayout,alignmentX=0.0,alignmentY=0.0,border=,flags=9,maximumSize=,minimumSize=,preferredSize=]
2024-12-05 10:59:20,821 [INFO] UtilMem:75 - End SaveConfig() Used Memory: 655237600 Bytes (930086912)
2024-12-05 10:59:21,157 [INFO] UtilMem:75 - End SaveConfig() Used Memory: 675576608 Bytes (930086912)
2024-12-05 10:59:22,570 [INFO] UtilMem:75 - End SaveConfig() Used Memory: 778654432 Bytes (930086912)
2024-12-05 10:59:22,881 [INFO] BlockDiagram:2766 - set Specific Code input for plugin: SPI
2024-12-05 10:59:22,881 [INFO] BlockDiagram:2766 - set Specific Code input for plugin: NVIC
2024-12-05 10:59:22,881 [INFO] BlockDiagram:2766 - set Specific Code input for plugin: TIM1_8
2024-12-05 10:59:22,881 [INFO] BlockDiagram:2766 - set Specific Code input for plugin: TIM1_8
2024-12-05 10:59:22,881 [INFO] BlockDiagram:2766 - set Specific Code input for plugin: SYS
2024-12-05 10:59:22,882 [INFO] BlockDiagram:2766 - set Specific Code input for plugin: GPIO
2024-12-05 10:59:22,882 [INFO] BlockDiagram:2766 - set Specific Code input for plugin: RCC
2024-12-05 10:59:22,882 [INFO] CodeGenerator:896 - code generatio: config db path: /home/cotti/.stm32cubemx/databases/DB.6.0.120/db/
2024-12-05 10:59:23,249 [INFO] CodeEngine:255 - oldGeneratedFile, /home/cotti/Desktop/Potencia/repos/bldc-controller-edp/code/FOC_pwm/MXTmpFiles/license.tmp_save
2024-12-05 10:59:23,713 [INFO] CodeEngine:279 - Generated code: /home/cotti/Desktop/Potencia/repos/bldc-controller-edp/code/FOC_pwm/MXTmpFiles/license.tmp
2024-12-05 10:59:23,768 [INFO] CodeEngine:255 - oldGeneratedFile, /home/cotti/Desktop/Potencia/repos/bldc-controller-edp/code/FOC_pwm/MXTmpFiles/gpio.tmp_save
2024-12-05 10:59:24,087 [INFO] CodeEngine:279 - Generated code: /home/cotti/Desktop/Potencia/repos/bldc-controller-edp/code/FOC_pwm/MXTmpFiles/gpio.tmp
2024-12-05 10:59:24,915 [INFO] CodeEngine:255 - oldGeneratedFile, /home/cotti/Desktop/Potencia/repos/bldc-controller-edp/code/FOC_pwm/Core/Src/stm32f4xx_it.c_save
2024-12-05 10:59:25,457 [INFO] CodeEngine:279 - Generated code: /home/cotti/Desktop/Potencia/repos/bldc-controller-edp/code/FOC_pwm/Core/Src/stm32f4xx_it.c
2024-12-05 10:59:25,459 [INFO] CodeEngine:255 - oldGeneratedFile, /home/cotti/Desktop/Potencia/repos/bldc-controller-edp/code/FOC_pwm/Core/Inc/stm32f4xx_it.h_save
2024-12-05 10:59:25,588 [INFO] CodeEngine:279 - Generated code: /home/cotti/Desktop/Potencia/repos/bldc-controller-edp/code/FOC_pwm/Core/Inc/stm32f4xx_it.h
2024-12-05 10:59:25,595 [INFO] CodeEngine:255 - oldGeneratedFile, /home/cotti/Desktop/Potencia/repos/bldc-controller-edp/code/FOC_pwm/Core/Src/stm32f4xx_hal_msp.c_save
2024-12-05 10:59:25,782 [INFO] CodeEngine:279 - Generated code: /home/cotti/Desktop/Potencia/repos/bldc-controller-edp/code/FOC_pwm/Core/Src/stm32f4xx_hal_msp.c
2024-12-05 10:59:25,784 [INFO] CodeEngine:255 - oldGeneratedFile, /home/cotti/Desktop/Potencia/repos/bldc-controller-edp/code/FOC_pwm/MXTmpFiles/system.tmp_save
2024-12-05 10:59:25,901 [INFO] CodeEngine:279 - Generated code: /home/cotti/Desktop/Potencia/repos/bldc-controller-edp/code/FOC_pwm/MXTmpFiles/system.tmp
2024-12-05 10:59:25,905 [INFO] CodeEngine:311 - oldGeneratedFile, /home/cotti/Desktop/Potencia/repos/bldc-controller-edp/code/FOC_pwm/Core/Inc/stm32f4xx_hal_conf.h_save
2024-12-05 10:59:26,033 [INFO] CodeEngine:335 - Generated code: /home/cotti/Desktop/Potencia/repos/bldc-controller-edp/code/FOC_pwm/Core/Inc/stm32f4xx_hal_conf.h
2024-12-05 10:59:26,059 [WARN] IPConfigManager:3618 - IP not found : TIM
2024-12-05 10:59:26,060 [WARN] CodeGenerator:4152 - IP not found : null
2024-12-05 10:59:26,063 [INFO] CodeEngine:255 - oldGeneratedFile, /home/cotti/Desktop/Potencia/repos/bldc-controller-edp/code/FOC_pwm/Core/Inc/main.h_save
2024-12-05 10:59:26,214 [INFO] CodeEngine:279 - Generated code: /home/cotti/Desktop/Potencia/repos/bldc-controller-edp/code/FOC_pwm/Core/Inc/main.h
2024-12-05 10:59:26,216 [INFO] CodeEngine:255 - oldGeneratedFile, /home/cotti/Desktop/Potencia/repos/bldc-controller-edp/code/FOC_pwm/Core/Src/main.c_save
2024-12-05 10:59:26,417 [INFO] CodeEngine:279 - Generated code: /home/cotti/Desktop/Potencia/repos/bldc-controller-edp/code/FOC_pwm/Core/Src/main.c
2024-12-05 10:59:27,033 [INFO] ProjectBuilder:3289 - Time for Copy HAL[1] : 77mS.
2024-12-05 10:59:27,035 [INFO] ProjectBuilder:4876 - Project Generator version: 4.5.0-RC5
2024-12-05 10:59:27,195 [INFO] ConfigFileManager:1579 - The Die is : DIE423
2024-12-05 10:59:29,253 [INFO] ProjectBuilder:5154 - Time for Generating toolchain IDE Files: 2218mS.
2024-12-05 10:59:29,253 [INFO] ProjectBuilder:3146 - Time for Copy CMSIS : 0mS.
2024-12-05 10:59:29,254 [INFO] ProjectBuilder:3146 - Time for Copy CMSIS : 0mS.
2024-12-05 11:00:38,783 [INFO] Gpio:277 - dependency for GPIO [RCC, SPI3, SYS, TIM1]
2024-12-05 11:01:02,996 [INFO] UtilMem:75 - End SaveConfig() Used Memory: 681050112 Bytes (930086912)
2024-12-05 11:01:03,308 [INFO] UtilMem:75 - End SaveConfig() Used Memory: 701499392 Bytes (930086912)
2024-12-05 11:01:05,292 [INFO] UtilMem:75 - End SaveConfig() Used Memory: 783810560 Bytes (930086912)
2024-12-05 11:01:05,980 [INFO] BlockDiagram:2766 - set Specific Code input for plugin: SPI
2024-12-05 11:01:05,980 [INFO] BlockDiagram:2766 - set Specific Code input for plugin: NVIC
2024-12-05 11:01:05,980 [INFO] BlockDiagram:2766 - set Specific Code input for plugin: TIM1_8
2024-12-05 11:01:05,980 [INFO] BlockDiagram:2766 - set Specific Code input for plugin: TIM1_8
2024-12-05 11:01:05,980 [INFO] BlockDiagram:2766 - set Specific Code input for plugin: SYS
2024-12-05 11:01:05,981 [INFO] BlockDiagram:2766 - set Specific Code input for plugin: GPIO
2024-12-05 11:01:05,981 [INFO] BlockDiagram:2766 - set Specific Code input for plugin: RCC
2024-12-05 11:01:05,981 [INFO] CodeGenerator:896 - code generatio: config db path: /home/cotti/.stm32cubemx/databases/DB.6.0.120/db/
2024-12-05 11:01:06,229 [INFO] CodeEngine:255 - oldGeneratedFile, /home/cotti/Desktop/Potencia/repos/bldc-controller-edp/code/FOC_pwm/MXTmpFiles/license.tmp_save
2024-12-05 11:01:06,449 [INFO] CodeEngine:279 - Generated code: /home/cotti/Desktop/Potencia/repos/bldc-controller-edp/code/FOC_pwm/MXTmpFiles/license.tmp
2024-12-05 11:01:06,489 [INFO] CodeEngine:255 - oldGeneratedFile, /home/cotti/Desktop/Potencia/repos/bldc-controller-edp/code/FOC_pwm/MXTmpFiles/gpio.tmp_save
2024-12-05 11:01:06,983 [INFO] CodeEngine:279 - Generated code: /home/cotti/Desktop/Potencia/repos/bldc-controller-edp/code/FOC_pwm/MXTmpFiles/gpio.tmp
2024-12-05 11:01:07,671 [INFO] CodeEngine:255 - oldGeneratedFile, /home/cotti/Desktop/Potencia/repos/bldc-controller-edp/code/FOC_pwm/Core/Src/stm32f4xx_it.c_save
2024-12-05 11:01:08,176 [INFO] CodeEngine:279 - Generated code: /home/cotti/Desktop/Potencia/repos/bldc-controller-edp/code/FOC_pwm/Core/Src/stm32f4xx_it.c
2024-12-05 11:01:08,199 [INFO] CodeEngine:255 - oldGeneratedFile, /home/cotti/Desktop/Potencia/repos/bldc-controller-edp/code/FOC_pwm/Core/Inc/stm32f4xx_it.h_save
2024-12-05 11:01:08,663 [INFO] CodeEngine:279 - Generated code: /home/cotti/Desktop/Potencia/repos/bldc-controller-edp/code/FOC_pwm/Core/Inc/stm32f4xx_it.h
2024-12-05 11:01:08,670 [INFO] CodeEngine:255 - oldGeneratedFile, /home/cotti/Desktop/Potencia/repos/bldc-controller-edp/code/FOC_pwm/Core/Src/stm32f4xx_hal_msp.c_save
2024-12-05 11:01:08,887 [INFO] CodeEngine:279 - Generated code: /home/cotti/Desktop/Potencia/repos/bldc-controller-edp/code/FOC_pwm/Core/Src/stm32f4xx_hal_msp.c
2024-12-05 11:01:08,891 [INFO] CodeEngine:255 - oldGeneratedFile, /home/cotti/Desktop/Potencia/repos/bldc-controller-edp/code/FOC_pwm/MXTmpFiles/system.tmp_save
2024-12-05 11:01:09,019 [INFO] CodeEngine:279 - Generated code: /home/cotti/Desktop/Potencia/repos/bldc-controller-edp/code/FOC_pwm/MXTmpFiles/system.tmp
2024-12-05 11:01:09,025 [INFO] CodeEngine:311 - oldGeneratedFile, /home/cotti/Desktop/Potencia/repos/bldc-controller-edp/code/FOC_pwm/Core/Inc/stm32f4xx_hal_conf.h_save
2024-12-05 11:01:09,200 [INFO] CodeEngine:335 - Generated code: /home/cotti/Desktop/Potencia/repos/bldc-controller-edp/code/FOC_pwm/Core/Inc/stm32f4xx_hal_conf.h
2024-12-05 11:01:09,230 [WARN] IPConfigManager:3618 - IP not found : TIM
2024-12-05 11:01:09,231 [WARN] CodeGenerator:4152 - IP not found : null
2024-12-05 11:01:09,235 [INFO] CodeEngine:255 - oldGeneratedFile, /home/cotti/Desktop/Potencia/repos/bldc-controller-edp/code/FOC_pwm/Core/Inc/main.h_save
2024-12-05 11:01:09,402 [INFO] CodeEngine:279 - Generated code: /home/cotti/Desktop/Potencia/repos/bldc-controller-edp/code/FOC_pwm/Core/Inc/main.h
2024-12-05 11:01:09,405 [INFO] CodeEngine:255 - oldGeneratedFile, /home/cotti/Desktop/Potencia/repos/bldc-controller-edp/code/FOC_pwm/Core/Src/main.c_save
2024-12-05 11:01:10,043 [INFO] CodeEngine:279 - Generated code: /home/cotti/Desktop/Potencia/repos/bldc-controller-edp/code/FOC_pwm/Core/Src/main.c
2024-12-05 11:01:10,845 [INFO] ProjectBuilder:3289 - Time for Copy HAL[1] : 170mS.
2024-12-05 11:01:10,857 [INFO] ProjectBuilder:4876 - Project Generator version: 4.5.0-RC5
2024-12-05 11:01:11,277 [INFO] ConfigFileManager:1579 - The Die is : DIE423
2024-12-05 11:01:13,118 [INFO] ProjectBuilder:5154 - Time for Generating toolchain IDE Files: 2260mS.
2024-12-05 11:01:13,118 [INFO] ProjectBuilder:3146 - Time for Copy CMSIS : 0mS.
2024-12-05 11:01:13,121 [INFO] ProjectBuilder:3146 - Time for Copy CMSIS : 0mS.
2024-12-05 11:13:25,648 [INFO] UtilMem:75 - End SaveConfig() Used Memory: 296674800 Bytes (930086912)
2024-12-05 11:13:25,775 [INFO] UtilMem:75 - End SaveConfig() Used Memory: 311881200 Bytes (930086912)
2024-12-05 11:13:26,284 [INFO] UtilMem:75 - End SaveConfig() Used Memory: 344909296 Bytes (930086912)
2024-12-05 11:13:26,462 [INFO] BlockDiagram:2766 - set Specific Code input for plugin: SPI
2024-12-05 11:13:26,462 [INFO] BlockDiagram:2766 - set Specific Code input for plugin: NVIC
2024-12-05 11:13:26,462 [INFO] BlockDiagram:2766 - set Specific Code input for plugin: TIM1_8
2024-12-05 11:13:26,462 [INFO] BlockDiagram:2766 - set Specific Code input for plugin: TIM1_8
2024-12-05 11:13:26,462 [INFO] BlockDiagram:2766 - set Specific Code input for plugin: SYS
2024-12-05 11:13:26,463 [INFO] BlockDiagram:2766 - set Specific Code input for plugin: GPIO
2024-12-05 11:13:26,463 [INFO] BlockDiagram:2766 - set Specific Code input for plugin: RCC
2024-12-05 11:13:26,463 [INFO] CodeGenerator:896 - code generatio: config db path: /home/cotti/.stm32cubemx/databases/DB.6.0.120/db/
2024-12-05 11:13:26,608 [INFO] CodeEngine:255 - oldGeneratedFile, /home/cotti/Desktop/Potencia/repos/bldc-controller-edp/code/FOC_pwm/MXTmpFiles/license.tmp_save
2024-12-05 11:13:26,702 [INFO] CodeEngine:279 - Generated code: /home/cotti/Desktop/Potencia/repos/bldc-controller-edp/code/FOC_pwm/MXTmpFiles/license.tmp
2024-12-05 11:13:26,725 [INFO] CodeEngine:255 - oldGeneratedFile, /home/cotti/Desktop/Potencia/repos/bldc-controller-edp/code/FOC_pwm/MXTmpFiles/gpio.tmp_save
2024-12-05 11:13:26,811 [INFO] CodeEngine:279 - Generated code: /home/cotti/Desktop/Potencia/repos/bldc-controller-edp/code/FOC_pwm/MXTmpFiles/gpio.tmp
2024-12-05 11:13:26,916 [INFO] CodeEngine:255 - oldGeneratedFile, /home/cotti/Desktop/Potencia/repos/bldc-controller-edp/code/FOC_pwm/Core/Src/stm32f4xx_it.c_save
2024-12-05 11:13:27,008 [INFO] CodeEngine:279 - Generated code: /home/cotti/Desktop/Potencia/repos/bldc-controller-edp/code/FOC_pwm/Core/Src/stm32f4xx_it.c
2024-12-05 11:13:27,010 [INFO] CodeEngine:255 - oldGeneratedFile, /home/cotti/Desktop/Potencia/repos/bldc-controller-edp/code/FOC_pwm/Core/Inc/stm32f4xx_it.h_save
2024-12-05 11:13:27,091 [INFO] CodeEngine:279 - Generated code: /home/cotti/Desktop/Potencia/repos/bldc-controller-edp/code/FOC_pwm/Core/Inc/stm32f4xx_it.h
2024-12-05 11:13:27,096 [INFO] CodeEngine:255 - oldGeneratedFile, /home/cotti/Desktop/Potencia/repos/bldc-controller-edp/code/FOC_pwm/Core/Src/stm32f4xx_hal_msp.c_save
2024-12-05 11:13:27,211 [INFO] CodeEngine:279 - Generated code: /home/cotti/Desktop/Potencia/repos/bldc-controller-edp/code/FOC_pwm/Core/Src/stm32f4xx_hal_msp.c
2024-12-05 11:13:27,212 [INFO] CodeEngine:255 - oldGeneratedFile, /home/cotti/Desktop/Potencia/repos/bldc-controller-edp/code/FOC_pwm/MXTmpFiles/system.tmp_save
2024-12-05 11:13:27,277 [INFO] CodeEngine:279 - Generated code: /home/cotti/Desktop/Potencia/repos/bldc-controller-edp/code/FOC_pwm/MXTmpFiles/system.tmp
2024-12-05 11:13:27,279 [INFO] CodeEngine:311 - oldGeneratedFile, /home/cotti/Desktop/Potencia/repos/bldc-controller-edp/code/FOC_pwm/Core/Inc/stm32f4xx_hal_conf.h_save
2024-12-05 11:13:27,362 [INFO] CodeEngine:335 - Generated code: /home/cotti/Desktop/Potencia/repos/bldc-controller-edp/code/FOC_pwm/Core/Inc/stm32f4xx_hal_conf.h
2024-12-05 11:13:27,378 [WARN] IPConfigManager:3618 - IP not found : TIM
2024-12-05 11:13:27,379 [WARN] CodeGenerator:4152 - IP not found : null
2024-12-05 11:13:27,381 [INFO] CodeEngine:255 - oldGeneratedFile, /home/cotti/Desktop/Potencia/repos/bldc-controller-edp/code/FOC_pwm/Core/Inc/main.h_save
2024-12-05 11:13:27,466 [INFO] CodeEngine:279 - Generated code: /home/cotti/Desktop/Potencia/repos/bldc-controller-edp/code/FOC_pwm/Core/Inc/main.h
2024-12-05 11:13:27,467 [INFO] CodeEngine:255 - oldGeneratedFile, /home/cotti/Desktop/Potencia/repos/bldc-controller-edp/code/FOC_pwm/Core/Src/main.c_save
2024-12-05 11:13:27,608 [INFO] CodeEngine:279 - Generated code: /home/cotti/Desktop/Potencia/repos/bldc-controller-edp/code/FOC_pwm/Core/Src/main.c
2024-12-05 11:13:27,859 [INFO] ProjectBuilder:3289 - Time for Copy HAL[1] : 26mS.
2024-12-05 11:13:27,861 [INFO] ProjectBuilder:4876 - Project Generator version: 4.5.0-RC5
2024-12-05 11:13:27,960 [INFO] ConfigFileManager:1579 - The Die is : DIE423
2024-12-05 11:13:28,953 [INFO] ProjectBuilder:5154 - Time for Generating toolchain IDE Files: 1092mS.
2024-12-05 11:13:28,953 [INFO] ProjectBuilder:3146 - Time for Copy CMSIS : 0mS.
2024-12-05 11:13:28,955 [INFO] ProjectBuilder:3146 - Time for Copy CMSIS : 1mS.
2024-12-05 11:15:28,736 [INFO] NvicIntPanel:101 - NVIC parent = com.st.microxplorer.plugins.ip.nvic.MultiNvicIntPanel[,0,0,0x0,invalid,layout=javax.swing.BoxLayout,alignmentX=0.0,alignmentY=0.0,border=,flags=9,maximumSize=,minimumSize=,preferredSize=]
2024-12-05 11:15:31,823 [INFO] NvicIntPanel:101 - NVIC parent = com.st.microxplorer.plugins.ip.nvic.MultiNvicIntPanel[,0,0,0x0,invalid,layout=javax.swing.BoxLayout,alignmentX=0.0,alignmentY=0.0,border=,flags=9,maximumSize=,minimumSize=,preferredSize=]
2024-12-05 11:15:35,070 [INFO] NvicIntPanel:101 - NVIC parent = com.st.microxplorer.plugins.ip.nvic.MultiNvicIntPanel[,0,0,0x0,invalid,layout=javax.swing.BoxLayout,alignmentX=0.0,alignmentY=0.0,border=,flags=9,maximumSize=,minimumSize=,preferredSize=]
2024-12-05 11:15:38,234 [INFO] NvicIntPanel:101 - NVIC parent = com.st.microxplorer.plugins.ip.nvic.MultiNvicIntPanel[,0,0,0x0,invalid,layout=javax.swing.BoxLayout,alignmentX=0.0,alignmentY=0.0,border=,flags=9,maximumSize=,minimumSize=,preferredSize=]
2024-12-05 11:15:39,628 [INFO] NvicIntPanel:101 - NVIC parent = com.st.microxplorer.plugins.ip.nvic.MultiNvicIntPanel[,0,0,0x0,invalid,layout=javax.swing.BoxLayout,alignmentX=0.0,alignmentY=0.0,border=,flags=9,maximumSize=,minimumSize=,preferredSize=]
2024-12-05 11:15:40,741 [INFO] NvicIntPanel:101 - NVIC parent = com.st.microxplorer.plugins.ip.nvic.MultiNvicIntPanel[,0,0,0x0,invalid,layout=javax.swing.BoxLayout,alignmentX=0.0,alignmentY=0.0,border=,flags=9,maximumSize=,minimumSize=,preferredSize=]
2024-12-05 11:15:42,651 [INFO] UtilMem:75 - End SaveConfig() Used Memory: 801266504 Bytes (930086912)
2024-12-05 11:15:42,804 [INFO] UtilMem:75 - End SaveConfig() Used Memory: 816472904 Bytes (930086912)
2024-12-05 11:15:43,549 [INFO] UtilMem:75 - End SaveConfig() Used Memory: 330613808 Bytes (930086912)
2024-12-05 11:15:43,739 [INFO] BlockDiagram:2766 - set Specific Code input for plugin: SPI
2024-12-05 11:15:43,739 [INFO] BlockDiagram:2766 - set Specific Code input for plugin: NVIC
2024-12-05 11:15:43,739 [INFO] BlockDiagram:2766 - set Specific Code input for plugin: TIM1_8
2024-12-05 11:15:43,739 [INFO] BlockDiagram:2766 - set Specific Code input for plugin: TIM1_8
2024-12-05 11:15:43,739 [INFO] BlockDiagram:2766 - set Specific Code input for plugin: SYS
2024-12-05 11:15:43,739 [INFO] BlockDiagram:2766 - set Specific Code input for plugin: GPIO
2024-12-05 11:15:43,740 [INFO] BlockDiagram:2766 - set Specific Code input for plugin: RCC
2024-12-05 11:15:43,740 [INFO] CodeGenerator:896 - code generatio: config db path: /home/cotti/.stm32cubemx/databases/DB.6.0.120/db/
2024-12-05 11:15:43,839 [INFO] CodeEngine:255 - oldGeneratedFile, /home/cotti/Desktop/Potencia/repos/bldc-controller-edp/code/FOC_pwm/MXTmpFiles/license.tmp_save
2024-12-05 11:15:43,922 [INFO] CodeEngine:279 - Generated code: /home/cotti/Desktop/Potencia/repos/bldc-controller-edp/code/FOC_pwm/MXTmpFiles/license.tmp
2024-12-05 11:15:43,942 [INFO] CodeEngine:255 - oldGeneratedFile, /home/cotti/Desktop/Potencia/repos/bldc-controller-edp/code/FOC_pwm/MXTmpFiles/gpio.tmp_save
2024-12-05 11:15:44,029 [INFO] CodeEngine:279 - Generated code: /home/cotti/Desktop/Potencia/repos/bldc-controller-edp/code/FOC_pwm/MXTmpFiles/gpio.tmp
2024-12-05 11:15:44,130 [INFO] CodeEngine:255 - oldGeneratedFile, /home/cotti/Desktop/Potencia/repos/bldc-controller-edp/code/FOC_pwm/Core/Src/stm32f4xx_it.c_save
2024-12-05 11:15:44,210 [INFO] CodeEngine:279 - Generated code: /home/cotti/Desktop/Potencia/repos/bldc-controller-edp/code/FOC_pwm/Core/Src/stm32f4xx_it.c
2024-12-05 11:15:44,211 [INFO] CodeEngine:255 - oldGeneratedFile, /home/cotti/Desktop/Potencia/repos/bldc-controller-edp/code/FOC_pwm/Core/Inc/stm32f4xx_it.h_save
2024-12-05 11:15:44,273 [INFO] CodeEngine:279 - Generated code: /home/cotti/Desktop/Potencia/repos/bldc-controller-edp/code/FOC_pwm/Core/Inc/stm32f4xx_it.h
2024-12-05 11:15:44,278 [INFO] CodeEngine:255 - oldGeneratedFile, /home/cotti/Desktop/Potencia/repos/bldc-controller-edp/code/FOC_pwm/Core/Src/stm32f4xx_hal_msp.c_save
2024-12-05 11:15:44,383 [INFO] CodeEngine:279 - Generated code: /home/cotti/Desktop/Potencia/repos/bldc-controller-edp/code/FOC_pwm/Core/Src/stm32f4xx_hal_msp.c
2024-12-05 11:15:44,384 [INFO] CodeEngine:255 - oldGeneratedFile, /home/cotti/Desktop/Potencia/repos/bldc-controller-edp/code/FOC_pwm/MXTmpFiles/system.tmp_save
2024-12-05 11:15:44,462 [INFO] CodeEngine:279 - Generated code: /home/cotti/Desktop/Potencia/repos/bldc-controller-edp/code/FOC_pwm/MXTmpFiles/system.tmp
2024-12-05 11:15:44,465 [INFO] CodeEngine:311 - oldGeneratedFile, /home/cotti/Desktop/Potencia/repos/bldc-controller-edp/code/FOC_pwm/Core/Inc/stm32f4xx_hal_conf.h_save
2024-12-05 11:15:44,565 [INFO] CodeEngine:335 - Generated code: /home/cotti/Desktop/Potencia/repos/bldc-controller-edp/code/FOC_pwm/Core/Inc/stm32f4xx_hal_conf.h
2024-12-05 11:15:44,583 [WARN] IPConfigManager:3618 - IP not found : TIM
2024-12-05 11:15:44,583 [WARN] CodeGenerator:4152 - IP not found : null
2024-12-05 11:15:44,586 [INFO] CodeEngine:255 - oldGeneratedFile, /home/cotti/Desktop/Potencia/repos/bldc-controller-edp/code/FOC_pwm/Core/Inc/main.h_save
2024-12-05 11:15:44,678 [INFO] CodeEngine:279 - Generated code: /home/cotti/Desktop/Potencia/repos/bldc-controller-edp/code/FOC_pwm/Core/Inc/main.h
2024-12-05 11:15:44,679 [INFO] CodeEngine:255 - oldGeneratedFile, /home/cotti/Desktop/Potencia/repos/bldc-controller-edp/code/FOC_pwm/Core/Src/main.c_save
2024-12-05 11:15:44,785 [INFO] CodeEngine:279 - Generated code: /home/cotti/Desktop/Potencia/repos/bldc-controller-edp/code/FOC_pwm/Core/Src/main.c
2024-12-05 11:15:45,028 [INFO] ProjectBuilder:3289 - Time for Copy HAL[1] : 29mS.
2024-12-05 11:15:45,030 [INFO] ProjectBuilder:4876 - Project Generator version: 4.5.0-RC5
2024-12-05 11:15:45,140 [INFO] ConfigFileManager:1579 - The Die is : DIE423
2024-12-05 11:15:45,889 [INFO] ProjectBuilder:5154 - Time for Generating toolchain IDE Files: 859mS.
2024-12-05 11:15:45,890 [INFO] ProjectBuilder:3146 - Time for Copy CMSIS : 1mS.
2024-12-05 11:15:45,890 [INFO] ProjectBuilder:3146 - Time for Copy CMSIS : 0mS.
2024-12-05 11:16:58,583 [INFO] NvicIntPanel:101 - NVIC parent = com.st.microxplorer.plugins.ip.nvic.MultiNvicIntPanel[,0,0,0x0,invalid,layout=javax.swing.BoxLayout,alignmentX=0.0,alignmentY=0.0,border=,flags=9,maximumSize=,minimumSize=,preferredSize=]
2024-12-05 11:17:00,214 [INFO] NvicIntPanel:101 - NVIC parent = com.st.microxplorer.plugins.ip.nvic.MultiNvicIntPanel[,0,0,0x0,invalid,layout=javax.swing.BoxLayout,alignmentX=0.0,alignmentY=0.0,border=,flags=9,maximumSize=,minimumSize=,preferredSize=]
2024-12-05 11:17:08,455 [INFO] NvicIntPanel:101 - NVIC parent = com.st.microxplorer.plugins.ip.nvic.MultiNvicIntPanel[,0,0,0x0,invalid,layout=javax.swing.BoxLayout,alignmentX=0.0,alignmentY=0.0,border=,flags=9,maximumSize=,minimumSize=,preferredSize=]
2024-12-05 11:17:46,694 [INFO] NvicIntPanel:101 - NVIC parent = com.st.microxplorer.plugins.ip.nvic.MultiNvicIntPanel[,0,0,0x0,invalid,layout=javax.swing.BoxLayout,alignmentX=0.0,alignmentY=0.0,border=,flags=9,maximumSize=,minimumSize=,preferredSize=]
2024-12-05 11:18:03,545 [INFO] NvicIntPanel:101 - NVIC parent = com.st.microxplorer.plugins.ip.nvic.MultiNvicIntPanel[,0,0,0x0,invalid,layout=javax.swing.BoxLayout,alignmentX=0.0,alignmentY=0.0,border=,flags=9,maximumSize=,minimumSize=,preferredSize=]
2024-12-05 11:18:08,343 [INFO] Gpio:277 - dependency for GPIO [RCC, SPI3, SYS, TIM1]
2024-12-05 11:18:23,260 [INFO] UtilMem:75 - End SaveConfig() Used Memory: 355991552 Bytes (930086912)
2024-12-05 11:18:23,369 [INFO] UtilMem:75 - End SaveConfig() Used Memory: 370671616 Bytes (930086912)
2024-12-05 11:18:23,911 [INFO] UtilMem:75 - End SaveConfig() Used Memory: 420743184 Bytes (930086912)
2024-12-05 11:18:24,111 [INFO] BlockDiagram:2766 - set Specific Code input for plugin: SPI
2024-12-05 11:18:24,111 [INFO] BlockDiagram:2766 - set Specific Code input for plugin: NVIC
2024-12-05 11:18:24,111 [INFO] BlockDiagram:2766 - set Specific Code input for plugin: TIM1_8
2024-12-05 11:18:24,111 [INFO] BlockDiagram:2766 - set Specific Code input for plugin: TIM1_8
2024-12-05 11:18:24,111 [INFO] BlockDiagram:2766 - set Specific Code input for plugin: SYS
2024-12-05 11:18:24,112 [INFO] BlockDiagram:2766 - set Specific Code input for plugin: GPIO
2024-12-05 11:18:24,112 [INFO] BlockDiagram:2766 - set Specific Code input for plugin: RCC
2024-12-05 11:18:24,112 [INFO] CodeGenerator:896 - code generatio: config db path: /home/cotti/.stm32cubemx/databases/DB.6.0.120/db/
2024-12-05 11:18:24,267 [INFO] CodeEngine:255 - oldGeneratedFile, /home/cotti/Desktop/Potencia/repos/bldc-controller-edp/code/FOC_pwm/MXTmpFiles/license.tmp_save
2024-12-05 11:18:24,358 [INFO] CodeEngine:279 - Generated code: /home/cotti/Desktop/Potencia/repos/bldc-controller-edp/code/FOC_pwm/MXTmpFiles/license.tmp
2024-12-05 11:18:24,383 [INFO] CodeEngine:255 - oldGeneratedFile, /home/cotti/Desktop/Potencia/repos/bldc-controller-edp/code/FOC_pwm/MXTmpFiles/gpio.tmp_save
2024-12-05 11:18:24,490 [INFO] CodeEngine:279 - Generated code: /home/cotti/Desktop/Potencia/repos/bldc-controller-edp/code/FOC_pwm/MXTmpFiles/gpio.tmp
2024-12-05 11:18:24,683 [INFO] CodeEngine:255 - oldGeneratedFile, /home/cotti/Desktop/Potencia/repos/bldc-controller-edp/code/FOC_pwm/Core/Src/stm32f4xx_it.c_save
2024-12-05 11:18:24,828 [INFO] CodeEngine:279 - Generated code: /home/cotti/Desktop/Potencia/repos/bldc-controller-edp/code/FOC_pwm/Core/Src/stm32f4xx_it.c
2024-12-05 11:18:24,829 [INFO] CodeEngine:255 - oldGeneratedFile, /home/cotti/Desktop/Potencia/repos/bldc-controller-edp/code/FOC_pwm/Core/Inc/stm32f4xx_it.h_save
2024-12-05 11:18:24,926 [INFO] CodeEngine:279 - Generated code: /home/cotti/Desktop/Potencia/repos/bldc-controller-edp/code/FOC_pwm/Core/Inc/stm32f4xx_it.h
2024-12-05 11:18:24,935 [INFO] CodeEngine:255 - oldGeneratedFile, /home/cotti/Desktop/Potencia/repos/bldc-controller-edp/code/FOC_pwm/Core/Src/stm32f4xx_hal_msp.c_save
2024-12-05 11:18:25,075 [INFO] CodeEngine:279 - Generated code: /home/cotti/Desktop/Potencia/repos/bldc-controller-edp/code/FOC_pwm/Core/Src/stm32f4xx_hal_msp.c
2024-12-05 11:18:25,076 [INFO] CodeEngine:255 - oldGeneratedFile, /home/cotti/Desktop/Potencia/repos/bldc-controller-edp/code/FOC_pwm/MXTmpFiles/system.tmp_save
2024-12-05 11:18:25,146 [INFO] CodeEngine:279 - Generated code: /home/cotti/Desktop/Potencia/repos/bldc-controller-edp/code/FOC_pwm/MXTmpFiles/system.tmp
2024-12-05 11:18:25,149 [INFO] CodeEngine:311 - oldGeneratedFile, /home/cotti/Desktop/Potencia/repos/bldc-controller-edp/code/FOC_pwm/Core/Inc/stm32f4xx_hal_conf.h_save
2024-12-05 11:18:25,224 [INFO] CodeEngine:335 - Generated code: /home/cotti/Desktop/Potencia/repos/bldc-controller-edp/code/FOC_pwm/Core/Inc/stm32f4xx_hal_conf.h
2024-12-05 11:18:25,241 [WARN] IPConfigManager:3618 - IP not found : TIM
2024-12-05 11:18:25,241 [WARN] CodeGenerator:4152 - IP not found : null
2024-12-05 11:18:25,243 [INFO] CodeEngine:255 - oldGeneratedFile, /home/cotti/Desktop/Potencia/repos/bldc-controller-edp/code/FOC_pwm/Core/Inc/main.h_save
2024-12-05 11:18:25,328 [INFO] CodeEngine:279 - Generated code: /home/cotti/Desktop/Potencia/repos/bldc-controller-edp/code/FOC_pwm/Core/Inc/main.h
2024-12-05 11:18:25,329 [INFO] CodeEngine:255 - oldGeneratedFile, /home/cotti/Desktop/Potencia/repos/bldc-controller-edp/code/FOC_pwm/Core/Src/main.c_save
2024-12-05 11:18:25,455 [INFO] CodeEngine:279 - Generated code: /home/cotti/Desktop/Potencia/repos/bldc-controller-edp/code/FOC_pwm/Core/Src/main.c
2024-12-05 11:18:25,694 [INFO] ProjectBuilder:3289 - Time for Copy HAL[1] : 24mS.
2024-12-05 11:18:25,696 [INFO] ProjectBuilder:4876 - Project Generator version: 4.5.0-RC5
2024-12-05 11:18:25,800 [INFO] ConfigFileManager:1579 - The Die is : DIE423
2024-12-05 11:18:26,601 [INFO] ProjectBuilder:5154 - Time for Generating toolchain IDE Files: 904mS.
2024-12-05 11:18:26,601 [INFO] ProjectBuilder:3146 - Time for Copy CMSIS : 0mS.
2024-12-05 11:18:26,602 [INFO] ProjectBuilder:3146 - Time for Copy CMSIS : 0mS.
2024-12-05 11:20:28,772 [INFO] NvicIntPanel:101 - NVIC parent = com.st.microxplorer.plugins.ip.nvic.MultiNvicIntPanel[,0,0,0x0,invalid,layout=javax.swing.BoxLayout,alignmentX=0.0,alignmentY=0.0,border=,flags=9,maximumSize=,minimumSize=,preferredSize=]
2024-12-05 11:20:30,384 [INFO] NvicIntPanel:101 - NVIC parent = com.st.microxplorer.plugins.ip.nvic.MultiNvicIntPanel[,0,0,0x0,invalid,layout=javax.swing.BoxLayout,alignmentX=0.0,alignmentY=0.0,border=,flags=9,maximumSize=,minimumSize=,preferredSize=]
2024-12-05 11:20:32,784 [INFO] NvicIntPanel:101 - NVIC parent = com.st.microxplorer.plugins.ip.nvic.MultiNvicIntPanel[,0,0,0x0,invalid,layout=javax.swing.BoxLayout,alignmentX=0.0,alignmentY=0.0,border=,flags=9,maximumSize=,minimumSize=,preferredSize=]
2024-12-05 11:20:44,015 [INFO] UtilMem:75 - End SaveConfig() Used Memory: 487410280 Bytes (930086912)
2024-12-05 11:20:44,175 [INFO] UtilMem:75 - End SaveConfig() Used Memory: 503091304 Bytes (930086912)
2024-12-05 11:20:44,674 [INFO] UtilMem:75 - End SaveConfig() Used Memory: 535857272 Bytes (930086912)
2024-12-05 11:20:44,818 [INFO] BlockDiagram:2766 - set Specific Code input for plugin: SPI
2024-12-05 11:20:44,818 [INFO] BlockDiagram:2766 - set Specific Code input for plugin: NVIC
2024-12-05 11:20:44,818 [INFO] BlockDiagram:2766 - set Specific Code input for plugin: TIM1_8
2024-12-05 11:20:44,818 [INFO] BlockDiagram:2766 - set Specific Code input for plugin: TIM1_8
2024-12-05 11:20:44,818 [INFO] BlockDiagram:2766 - set Specific Code input for plugin: SYS
2024-12-05 11:20:44,819 [INFO] BlockDiagram:2766 - set Specific Code input for plugin: GPIO
2024-12-05 11:20:44,819 [INFO] BlockDiagram:2766 - set Specific Code input for plugin: RCC
2024-12-05 11:20:44,819 [INFO] CodeGenerator:896 - code generatio: config db path: /home/cotti/.stm32cubemx/databases/DB.6.0.120/db/
2024-12-05 11:20:44,963 [INFO] CodeEngine:255 - oldGeneratedFile, /home/cotti/Desktop/Potencia/repos/bldc-controller-edp/code/FOC_pwm/MXTmpFiles/license.tmp_save
2024-12-05 11:20:45,049 [INFO] CodeEngine:279 - Generated code: /home/cotti/Desktop/Potencia/repos/bldc-controller-edp/code/FOC_pwm/MXTmpFiles/license.tmp
2024-12-05 11:20:45,075 [INFO] CodeEngine:255 - oldGeneratedFile, /home/cotti/Desktop/Potencia/repos/bldc-controller-edp/code/FOC_pwm/MXTmpFiles/gpio.tmp_save
2024-12-05 11:20:45,169 [INFO] CodeEngine:279 - Generated code: /home/cotti/Desktop/Potencia/repos/bldc-controller-edp/code/FOC_pwm/MXTmpFiles/gpio.tmp
2024-12-05 11:20:45,283 [INFO] CodeEngine:255 - oldGeneratedFile, /home/cotti/Desktop/Potencia/repos/bldc-controller-edp/code/FOC_pwm/Core/Src/stm32f4xx_it.c_save
2024-12-05 11:20:45,370 [INFO] CodeEngine:279 - Generated code: /home/cotti/Desktop/Potencia/repos/bldc-controller-edp/code/FOC_pwm/Core/Src/stm32f4xx_it.c
2024-12-05 11:20:45,371 [INFO] CodeEngine:255 - oldGeneratedFile, /home/cotti/Desktop/Potencia/repos/bldc-controller-edp/code/FOC_pwm/Core/Inc/stm32f4xx_it.h_save
2024-12-05 11:20:45,440 [INFO] CodeEngine:279 - Generated code: /home/cotti/Desktop/Potencia/repos/bldc-controller-edp/code/FOC_pwm/Core/Inc/stm32f4xx_it.h
2024-12-05 11:20:45,446 [INFO] CodeEngine:255 - oldGeneratedFile, /home/cotti/Desktop/Potencia/repos/bldc-controller-edp/code/FOC_pwm/Core/Src/stm32f4xx_hal_msp.c_save
2024-12-05 11:20:45,555 [INFO] CodeEngine:279 - Generated code: /home/cotti/Desktop/Potencia/repos/bldc-controller-edp/code/FOC_pwm/Core/Src/stm32f4xx_hal_msp.c
2024-12-05 11:20:45,556 [INFO] CodeEngine:255 - oldGeneratedFile, /home/cotti/Desktop/Potencia/repos/bldc-controller-edp/code/FOC_pwm/MXTmpFiles/system.tmp_save
2024-12-05 11:20:45,622 [INFO] CodeEngine:279 - Generated code: /home/cotti/Desktop/Potencia/repos/bldc-controller-edp/code/FOC_pwm/MXTmpFiles/system.tmp
2024-12-05 11:20:45,626 [INFO] CodeEngine:311 - oldGeneratedFile, /home/cotti/Desktop/Potencia/repos/bldc-controller-edp/code/FOC_pwm/Core/Inc/stm32f4xx_hal_conf.h_save
2024-12-05 11:20:45,711 [INFO] CodeEngine:335 - Generated code: /home/cotti/Desktop/Potencia/repos/bldc-controller-edp/code/FOC_pwm/Core/Inc/stm32f4xx_hal_conf.h
2024-12-05 11:20:45,732 [WARN] IPConfigManager:3618 - IP not found : TIM
2024-12-05 11:20:45,733 [WARN] CodeGenerator:4152 - IP not found : null
2024-12-05 11:20:45,736 [INFO] CodeEngine:255 - oldGeneratedFile, /home/cotti/Desktop/Potencia/repos/bldc-controller-edp/code/FOC_pwm/Core/Inc/main.h_save
2024-12-05 11:20:45,819 [INFO] CodeEngine:279 - Generated code: /home/cotti/Desktop/Potencia/repos/bldc-controller-edp/code/FOC_pwm/Core/Inc/main.h
2024-12-05 11:20:45,820 [INFO] CodeEngine:255 - oldGeneratedFile, /home/cotti/Desktop/Potencia/repos/bldc-controller-edp/code/FOC_pwm/Core/Src/main.c_save
2024-12-05 11:20:45,935 [INFO] CodeEngine:279 - Generated code: /home/cotti/Desktop/Potencia/repos/bldc-controller-edp/code/FOC_pwm/Core/Src/main.c
2024-12-05 11:20:46,220 [INFO] ProjectBuilder:3289 - Time for Copy HAL[1] : 26mS.
2024-12-05 11:20:46,221 [INFO] ProjectBuilder:4876 - Project Generator version: 4.5.0-RC5
2024-12-05 11:20:46,334 [INFO] ConfigFileManager:1579 - The Die is : DIE423
2024-12-05 11:20:47,184 [INFO] ProjectBuilder:5154 - Time for Generating toolchain IDE Files: 963mS.
2024-12-05 11:20:47,184 [INFO] ProjectBuilder:3146 - Time for Copy CMSIS : 0mS.
2024-12-05 11:20:47,185 [INFO] ProjectBuilder:3146 - Time for Copy CMSIS : 0mS.
2024-12-05 11:24:29,596 [INFO] NvicIntPanel:101 - NVIC parent = com.st.microxplorer.plugins.ip.nvic.MultiNvicIntPanel[,0,0,0x0,invalid,layout=javax.swing.BoxLayout,alignmentX=0.0,alignmentY=0.0,border=,flags=9,maximumSize=,minimumSize=,preferredSize=]
2024-12-05 11:24:34,972 [INFO] NvicIntPanel:101 - NVIC parent = com.st.microxplorer.plugins.ip.nvic.MultiNvicIntPanel[,0,0,0x0,invalid,layout=javax.swing.BoxLayout,alignmentX=0.0,alignmentY=0.0,border=,flags=9,maximumSize=,minimumSize=,preferredSize=]
2024-12-05 11:25:44,576 [INFO] NvicIntPanel:101 - NVIC parent = com.st.microxplorer.plugins.ip.nvic.MultiNvicIntPanel[,0,0,0x0,invalid,layout=javax.swing.BoxLayout,alignmentX=0.0,alignmentY=0.0,border=,flags=9,maximumSize=,minimumSize=,preferredSize=]
2024-12-05 11:25:59,201 [INFO] NvicIntPanel:101 - NVIC parent = com.st.microxplorer.plugins.ip.nvic.MultiNvicIntPanel[,0,0,0x0,invalid,layout=javax.swing.BoxLayout,alignmentX=0.0,alignmentY=0.0,border=,flags=9,maximumSize=,minimumSize=,preferredSize=]
2024-12-05 11:26:03,657 [INFO] UtilMem:75 - End SaveConfig() Used Memory: 441380624 Bytes (930086912)
2024-12-05 11:26:03,764 [INFO] UtilMem:75 - End SaveConfig() Used Memory: 456582928 Bytes (930086912)
2024-12-05 11:26:04,245 [INFO] UtilMem:75 - End SaveConfig() Used Memory: 488826656 Bytes (930086912)
2024-12-05 11:26:04,376 [INFO] BlockDiagram:2766 - set Specific Code input for plugin: SPI
2024-12-05 11:26:04,376 [INFO] BlockDiagram:2766 - set Specific Code input for plugin: NVIC
2024-12-05 11:26:04,376 [INFO] BlockDiagram:2766 - set Specific Code input for plugin: TIM1_8
2024-12-05 11:26:04,376 [INFO] BlockDiagram:2766 - set Specific Code input for plugin: TIM1_8
2024-12-05 11:26:04,376 [INFO] BlockDiagram:2766 - set Specific Code input for plugin: SYS
2024-12-05 11:26:04,377 [INFO] BlockDiagram:2766 - set Specific Code input for plugin: GPIO
2024-12-05 11:26:04,377 [INFO] BlockDiagram:2766 - set Specific Code input for plugin: RCC
2024-12-05 11:26:04,377 [INFO] CodeGenerator:896 - code generatio: config db path: /home/cotti/.stm32cubemx/databases/DB.6.0.120/db/
2024-12-05 11:26:04,499 [INFO] CodeEngine:255 - oldGeneratedFile, /home/cotti/Desktop/Potencia/repos/bldc-controller-edp/code/FOC_pwm/MXTmpFiles/license.tmp_save
2024-12-05 11:26:04,576 [INFO] CodeEngine:279 - Generated code: /home/cotti/Desktop/Potencia/repos/bldc-controller-edp/code/FOC_pwm/MXTmpFiles/license.tmp
2024-12-05 11:26:04,598 [INFO] CodeEngine:255 - oldGeneratedFile, /home/cotti/Desktop/Potencia/repos/bldc-controller-edp/code/FOC_pwm/MXTmpFiles/gpio.tmp_save
2024-12-05 11:26:04,697 [INFO] CodeEngine:279 - Generated code: /home/cotti/Desktop/Potencia/repos/bldc-controller-edp/code/FOC_pwm/MXTmpFiles/gpio.tmp
2024-12-05 11:26:04,813 [INFO] CodeEngine:255 - oldGeneratedFile, /home/cotti/Desktop/Potencia/repos/bldc-controller-edp/code/FOC_pwm/Core/Src/stm32f4xx_it.c_save
2024-12-05 11:26:04,913 [INFO] CodeEngine:279 - Generated code: /home/cotti/Desktop/Potencia/repos/bldc-controller-edp/code/FOC_pwm/Core/Src/stm32f4xx_it.c
2024-12-05 11:26:04,914 [INFO] CodeEngine:255 - oldGeneratedFile, /home/cotti/Desktop/Potencia/repos/bldc-controller-edp/code/FOC_pwm/Core/Inc/stm32f4xx_it.h_save
2024-12-05 11:26:04,982 [INFO] CodeEngine:279 - Generated code: /home/cotti/Desktop/Potencia/repos/bldc-controller-edp/code/FOC_pwm/Core/Inc/stm32f4xx_it.h
2024-12-05 11:26:04,988 [INFO] CodeEngine:255 - oldGeneratedFile, /home/cotti/Desktop/Potencia/repos/bldc-controller-edp/code/FOC_pwm/Core/Src/stm32f4xx_hal_msp.c_save
2024-12-05 11:26:05,081 [INFO] CodeEngine:279 - Generated code: /home/cotti/Desktop/Potencia/repos/bldc-controller-edp/code/FOC_pwm/Core/Src/stm32f4xx_hal_msp.c
2024-12-05 11:26:05,082 [INFO] CodeEngine:255 - oldGeneratedFile, /home/cotti/Desktop/Potencia/repos/bldc-controller-edp/code/FOC_pwm/MXTmpFiles/system.tmp_save
2024-12-05 11:26:05,156 [INFO] CodeEngine:279 - Generated code: /home/cotti/Desktop/Potencia/repos/bldc-controller-edp/code/FOC_pwm/MXTmpFiles/system.tmp
2024-12-05 11:26:05,159 [INFO] CodeEngine:311 - oldGeneratedFile, /home/cotti/Desktop/Potencia/repos/bldc-controller-edp/code/FOC_pwm/Core/Inc/stm32f4xx_hal_conf.h_save
2024-12-05 11:26:05,249 [INFO] CodeEngine:335 - Generated code: /home/cotti/Desktop/Potencia/repos/bldc-controller-edp/code/FOC_pwm/Core/Inc/stm32f4xx_hal_conf.h
2024-12-05 11:26:05,269 [WARN] IPConfigManager:3618 - IP not found : TIM
2024-12-05 11:26:05,269 [WARN] CodeGenerator:4152 - IP not found : null
2024-12-05 11:26:05,272 [INFO] CodeEngine:255 - oldGeneratedFile, /home/cotti/Desktop/Potencia/repos/bldc-controller-edp/code/FOC_pwm/Core/Inc/main.h_save
2024-12-05 11:26:05,375 [INFO] CodeEngine:279 - Generated code: /home/cotti/Desktop/Potencia/repos/bldc-controller-edp/code/FOC_pwm/Core/Inc/main.h
2024-12-05 11:26:05,376 [INFO] CodeEngine:255 - oldGeneratedFile, /home/cotti/Desktop/Potencia/repos/bldc-controller-edp/code/FOC_pwm/Core/Src/main.c_save
2024-12-05 11:26:05,502 [INFO] CodeEngine:279 - Generated code: /home/cotti/Desktop/Potencia/repos/bldc-controller-edp/code/FOC_pwm/Core/Src/main.c
2024-12-05 11:26:05,874 [INFO] ProjectBuilder:3289 - Time for Copy HAL[1] : 39mS.
2024-12-05 11:26:05,876 [INFO] ProjectBuilder:4876 - Project Generator version: 4.5.0-RC5
2024-12-05 11:26:06,044 [INFO] ConfigFileManager:1579 - The Die is : DIE423
2024-12-05 11:26:08,106 [INFO] ProjectBuilder:5154 - Time for Generating toolchain IDE Files: 2230mS.
2024-12-05 11:26:08,107 [INFO] ProjectBuilder:3146 - Time for Copy CMSIS : 0mS.
2024-12-05 11:26:08,109 [INFO] ProjectBuilder:3146 - Time for Copy CMSIS : 0mS.
2024-12-05 11:27:18,410 [INFO] NvicIntPanel:101 - NVIC parent = com.st.microxplorer.plugins.ip.nvic.MultiNvicIntPanel[,0,0,0x0,invalid,layout=javax.swing.BoxLayout,alignmentX=0.0,alignmentY=0.0,border=,flags=9,maximumSize=,minimumSize=,preferredSize=]
2024-12-05 11:27:19,420 [INFO] NvicIntPanel:101 - NVIC parent = com.st.microxplorer.plugins.ip.nvic.MultiNvicIntPanel[,0,0,0x0,invalid,layout=javax.swing.BoxLayout,alignmentX=0.0,alignmentY=0.0,border=,flags=9,maximumSize=,minimumSize=,preferredSize=]
2024-12-05 11:27:20,341 [INFO] NvicIntPanel:101 - NVIC parent = com.st.microxplorer.plugins.ip.nvic.MultiNvicIntPanel[,0,0,0x0,invalid,layout=javax.swing.BoxLayout,alignmentX=0.0,alignmentY=0.0,border=,flags=9,maximumSize=,minimumSize=,preferredSize=]
2024-12-05 11:29:59,903 [INFO] NvicIntPanel:101 - NVIC parent = com.st.microxplorer.plugins.ip.nvic.MultiNvicIntPanel[,0,0,0x0,invalid,layout=javax.swing.BoxLayout,alignmentX=0.0,alignmentY=0.0,border=,flags=9,maximumSize=,minimumSize=,preferredSize=]
2024-12-05 11:30:01,094 [INFO] NvicIntPanel:101 - NVIC parent = com.st.microxplorer.plugins.ip.nvic.MultiNvicIntPanel[,0,0,0x0,invalid,layout=javax.swing.BoxLayout,alignmentX=0.0,alignmentY=0.0,border=,flags=9,maximumSize=,minimumSize=,preferredSize=]
2024-12-05 11:30:02,963 [INFO] NvicIntPanel:101 - NVIC parent = com.st.microxplorer.plugins.ip.nvic.MultiNvicIntPanel[,0,0,0x0,invalid,layout=javax.swing.BoxLayout,alignmentX=0.0,alignmentY=0.0,border=,flags=9,maximumSize=,minimumSize=,preferredSize=]
2024-12-05 11:30:04,330 [INFO] UtilMem:75 - End SaveConfig() Used Memory: 605558400 Bytes (1037041664)
2024-12-05 11:30:04,434 [INFO] UtilMem:75 - End SaveConfig() Used Memory: 620238464 Bytes (1037041664)
2024-12-05 11:30:04,907 [INFO] UtilMem:75 - End SaveConfig() Used Memory: 677187232 Bytes (1037041664)
2024-12-05 11:30:05,112 [INFO] BlockDiagram:2766 - set Specific Code input for plugin: SPI
2024-12-05 11:30:05,113 [INFO] BlockDiagram:2766 - set Specific Code input for plugin: NVIC
2024-12-05 11:30:05,113 [INFO] BlockDiagram:2766 - set Specific Code input for plugin: TIM1_8
2024-12-05 11:30:05,113 [INFO] BlockDiagram:2766 - set Specific Code input for plugin: TIM1_8
2024-12-05 11:30:05,113 [INFO] BlockDiagram:2766 - set Specific Code input for plugin: SYS
2024-12-05 11:30:05,113 [INFO] BlockDiagram:2766 - set Specific Code input for plugin: GPIO
2024-12-05 11:30:05,113 [INFO] BlockDiagram:2766 - set Specific Code input for plugin: RCC
2024-12-05 11:30:05,114 [INFO] CodeGenerator:896 - code generatio: config db path: /home/cotti/.stm32cubemx/databases/DB.6.0.120/db/
2024-12-05 11:30:05,282 [INFO] CodeEngine:255 - oldGeneratedFile, /home/cotti/Desktop/Potencia/repos/bldc-controller-edp/code/FOC_pwm/MXTmpFiles/license.tmp_save
2024-12-05 11:30:05,391 [INFO] CodeEngine:279 - Generated code: /home/cotti/Desktop/Potencia/repos/bldc-controller-edp/code/FOC_pwm/MXTmpFiles/license.tmp
2024-12-05 11:30:05,421 [INFO] CodeEngine:255 - oldGeneratedFile, /home/cotti/Desktop/Potencia/repos/bldc-controller-edp/code/FOC_pwm/MXTmpFiles/gpio.tmp_save
2024-12-05 11:30:05,540 [INFO] CodeEngine:279 - Generated code: /home/cotti/Desktop/Potencia/repos/bldc-controller-edp/code/FOC_pwm/MXTmpFiles/gpio.tmp
2024-12-05 11:30:05,836 [INFO] CodeEngine:255 - oldGeneratedFile, /home/cotti/Desktop/Potencia/repos/bldc-controller-edp/code/FOC_pwm/Core/Src/stm32f4xx_it.c_save
2024-12-05 11:30:05,993 [INFO] CodeEngine:279 - Generated code: /home/cotti/Desktop/Potencia/repos/bldc-controller-edp/code/FOC_pwm/Core/Src/stm32f4xx_it.c
2024-12-05 11:30:05,994 [INFO] CodeEngine:255 - oldGeneratedFile, /home/cotti/Desktop/Potencia/repos/bldc-controller-edp/code/FOC_pwm/Core/Inc/stm32f4xx_it.h_save
2024-12-05 11:30:06,074 [INFO] CodeEngine:279 - Generated code: /home/cotti/Desktop/Potencia/repos/bldc-controller-edp/code/FOC_pwm/Core/Inc/stm32f4xx_it.h
2024-12-05 11:30:06,079 [INFO] CodeEngine:255 - oldGeneratedFile, /home/cotti/Desktop/Potencia/repos/bldc-controller-edp/code/FOC_pwm/Core/Src/stm32f4xx_hal_msp.c_save
2024-12-05 11:30:06,201 [INFO] CodeEngine:279 - Generated code: /home/cotti/Desktop/Potencia/repos/bldc-controller-edp/code/FOC_pwm/Core/Src/stm32f4xx_hal_msp.c
2024-12-05 11:30:06,202 [INFO] CodeEngine:255 - oldGeneratedFile, /home/cotti/Desktop/Potencia/repos/bldc-controller-edp/code/FOC_pwm/MXTmpFiles/system.tmp_save
2024-12-05 11:30:06,263 [INFO] CodeEngine:279 - Generated code: /home/cotti/Desktop/Potencia/repos/bldc-controller-edp/code/FOC_pwm/MXTmpFiles/system.tmp
2024-12-05 11:30:06,265 [INFO] CodeEngine:311 - oldGeneratedFile, /home/cotti/Desktop/Potencia/repos/bldc-controller-edp/code/FOC_pwm/Core/Inc/stm32f4xx_hal_conf.h_save
2024-12-05 11:30:06,343 [INFO] CodeEngine:335 - Generated code: /home/cotti/Desktop/Potencia/repos/bldc-controller-edp/code/FOC_pwm/Core/Inc/stm32f4xx_hal_conf.h
2024-12-05 11:30:06,355 [WARN] IPConfigManager:3618 - IP not found : TIM
2024-12-05 11:30:06,355 [WARN] CodeGenerator:4152 - IP not found : null
2024-12-05 11:30:06,358 [INFO] CodeEngine:255 - oldGeneratedFile, /home/cotti/Desktop/Potencia/repos/bldc-controller-edp/code/FOC_pwm/Core/Inc/main.h_save
2024-12-05 11:30:06,427 [INFO] CodeEngine:279 - Generated code: /home/cotti/Desktop/Potencia/repos/bldc-controller-edp/code/FOC_pwm/Core/Inc/main.h
2024-12-05 11:30:06,428 [INFO] CodeEngine:255 - oldGeneratedFile, /home/cotti/Desktop/Potencia/repos/bldc-controller-edp/code/FOC_pwm/Core/Src/main.c_save
2024-12-05 11:30:06,542 [INFO] CodeEngine:279 - Generated code: /home/cotti/Desktop/Potencia/repos/bldc-controller-edp/code/FOC_pwm/Core/Src/main.c
2024-12-05 11:30:06,778 [INFO] ProjectBuilder:3289 - Time for Copy HAL[1] : 25mS.
2024-12-05 11:30:06,780 [INFO] ProjectBuilder:4876 - Project Generator version: 4.5.0-RC5
2024-12-05 11:30:06,877 [INFO] ConfigFileManager:1579 - The Die is : DIE423
2024-12-05 11:30:07,534 [INFO] ProjectBuilder:5154 - Time for Generating toolchain IDE Files: 754mS.
2024-12-05 11:30:07,535 [INFO] ProjectBuilder:3146 - Time for Copy CMSIS : 1mS.
2024-12-05 11:30:07,535 [INFO] ProjectBuilder:3146 - Time for Copy CMSIS : 0mS.
2024-12-05 18:22:50,279 [INFO] Activator:176 - 


2024-12-05 18:22:50,282 [INFO] Activator:177 - !SESSION log4j initialized
2024-12-05 18:22:56,266 [INFO] LogOutputStream:77 - [STDOUT_REDIRECT] 
2024-12-05 18:22:57,757 [INFO] ApplicationProperties:184 - Using Application install path: /home/cotti/st/stm32cubeide_1.17.0/plugins/com.st.stm32cube.common.mx_6.13.0.202411220809
2024-12-05 18:22:57,785 [INFO] DbMcusXml:78 - Set database path to: /home/cotti/st/stm32cubeide_1.17.0/plugins/com.st.stm32cube.common.mx_6.13.0.202411220809//db//mcu/
2024-12-05 18:22:57,786 [INFO] ApiDb:274 - Set plugin database path to: /home/cotti/st/stm32cubeide_1.17.0/plugins/com.st.stm32cube.common.mx_6.13.0.202411220809//db//plugins/boardmanager/
2024-12-05 18:22:57,786 [WARN] ApiDb:259 - Overriding images path with different value:  => /home/cotti/st/stm32cubeide_1.17.0/plugins/com.st.stm32cube.common.mx_6.13.0.202411220809//db//plugins/mcufinder/images/
2024-12-05 18:22:57,798 [INFO] ApiDb:250 - Set database path to: /home/cotti/.stmcufinder/plugins/mcufinder//mcu/
2024-12-05 18:22:57,800 [INFO] DbMcusAds:125 - Set database path to: /home/cotti/.stmcufinder/plugins/mcufinder//mcu/
2024-12-05 18:22:57,803 [INFO] CrossReferenceDbSqlite:203 - Set database path to: /home/cotti/.stmcufinder/plugins/mcufinder//mcu/cs/
2024-12-05 18:22:57,970 [INFO] RulesReader:64 - Compatibility file has been processed (297 Rules)
2024-12-05 18:22:58,064 [INFO] DbMcusXml:78 - Set database path to: /home/cotti/st/stm32cubeide_1.17.0/plugins/com.st.stm32cube.common.mx_6.13.0.202411220809//db//mcu/
2024-12-05 18:22:58,065 [INFO] ApiDb:274 - Set plugin database path to: /home/cotti/st/stm32cubeide_1.17.0/plugins/com.st.stm32cube.common.mx_6.13.0.202411220809//db//plugins/boardmanager/
2024-12-05 18:22:58,065 [INFO] ApiDb:261 - Set plugin images path to: /home/cotti/st/stm32cubeide_1.17.0/plugins/com.st.stm32cube.common.mx_6.13.0.202411220809//db//plugins/mcufinder/images/
2024-12-05 18:22:58,065 [WARN] DbFile:41 - Overriding database path with different value: /home/cotti/.stmcufinder/plugins/mcufinder/ => /home/cotti/.stmcufinder/plugins/mcufinder
2024-12-05 18:22:58,065 [INFO] ApiDb:250 - Set database path to: /home/cotti/.stmcufinder/plugins/mcufinder//mcu/
2024-12-05 18:22:58,066 [WARN] DbFile:41 - Overriding database path with different value: /home/cotti/.stmcufinder/plugins/mcufinder/ => /home/cotti/.stmcufinder/plugins/mcufinder
2024-12-05 18:22:58,066 [INFO] DbMcusAds:125 - Set database path to: /home/cotti/.stmcufinder/plugins/mcufinder//mcu/
2024-12-05 18:22:58,066 [WARN] DbFile:41 - Overriding database path with different value: /home/cotti/.stmcufinder/plugins/mcufinder/ => /home/cotti/.stmcufinder/plugins/mcufinder
2024-12-05 18:22:58,066 [WARN] DbFile:41 - Overriding database path with different value: /home/cotti/.stmcufinder/plugins/mcufinder/ => /home/cotti/.stmcufinder/plugins/mcufinder
2024-12-05 18:22:58,066 [INFO] CrossReferenceDbSqlite:203 - Set database path to: /home/cotti/.stmcufinder/plugins/mcufinder//mcu/cs/
2024-12-05 18:22:58,160 [INFO] MainPanel:272 - HeapMemory: 268435456
2024-12-05 18:22:58,324 [INFO] DbMcusXml:78 - Set database path to: /home/cotti/st/stm32cubeide_1.17.0/plugins/com.st.stm32cube.common.mx_6.13.0.202411220809//db//mcu/
2024-12-05 18:22:58,324 [INFO] ApiDb:274 - Set plugin database path to: /home/cotti/st/stm32cubeide_1.17.0/plugins/com.st.stm32cube.common.mx_6.13.0.202411220809//db//plugins/boardmanager/
2024-12-05 18:22:58,324 [INFO] ApiDb:261 - Set plugin images path to: /home/cotti/st/stm32cubeide_1.17.0/plugins/com.st.stm32cube.common.mx_6.13.0.202411220809//db//plugins/mcufinder/images/
2024-12-05 18:22:58,325 [WARN] DbFile:41 - Overriding database path with different value: /home/cotti/.stmcufinder/plugins/mcufinder/ => /home/cotti/.stmcufinder/plugins/mcufinder
2024-12-05 18:22:58,325 [INFO] ApiDb:250 - Set database path to: /home/cotti/.stmcufinder/plugins/mcufinder//mcu/
2024-12-05 18:22:58,325 [WARN] DbFile:41 - Overriding database path with different value: /home/cotti/.stmcufinder/plugins/mcufinder/ => /home/cotti/.stmcufinder/plugins/mcufinder
2024-12-05 18:22:58,325 [INFO] DbMcusAds:125 - Set database path to: /home/cotti/.stmcufinder/plugins/mcufinder//mcu/
2024-12-05 18:22:58,325 [WARN] DbFile:41 - Overriding database path with different value: /home/cotti/.stmcufinder/plugins/mcufinder/ => /home/cotti/.stmcufinder/plugins/mcufinder
2024-12-05 18:22:58,325 [WARN] DbFile:41 - Overriding database path with different value: /home/cotti/.stmcufinder/plugins/mcufinder/ => /home/cotti/.stmcufinder/plugins/mcufinder
2024-12-05 18:22:58,326 [INFO] CrossReferenceDbSqlite:203 - Set database path to: /home/cotti/.stmcufinder/plugins/mcufinder//mcu/cs/
2024-12-05 18:22:58,344 [INFO] ApplicationProperties:184 - Using Application install path: /home/cotti/st/stm32cubeide_1.17.0/plugins/com.st.stm32cube.common.mx_6.13.0.202411220809
2024-12-05 18:22:58,346 [INFO] PluginManage:196 - Search for loadable plugins [exclusion list=, ]
2024-12-05 18:22:58,347 [INFO] PluginManage:310 - Check plugin analytics
2024-12-05 18:22:58,546 [INFO] AnalyticsPlugin:253 - Accepted Software Licenses: 
2024-12-05 18:22:58,547 [INFO] AnalyticsPlugin:255 - Accepted CMSIS Pack Licenses: 
2024-12-05 18:22:58,547 [INFO] AnalyticsPlugin:257 - Accepted Firmware Licenses: FW.F4.1.27.0,FW.F4.1.28.0
2024-12-05 18:22:58,551 [INFO] PluginManage:359 - Loaded plugin analytics (category:tool,tabindex:-1)
2024-12-05 18:22:58,552 [INFO] PluginManage:310 - Check plugin cadmodel
2024-12-05 18:22:58,558 [INFO] CADModel:105 - Init CAD model plugin
2024-12-05 18:22:58,558 [INFO] PluginManage:359 - Loaded plugin cadmodel (category:power,tabindex:5)
2024-12-05 18:22:58,559 [INFO] PluginManage:310 - Check plugin clock
2024-12-05 18:22:58,576 [INFO] PluginManage:359 - Loaded plugin clock (category:base,tabindex:2)
2024-12-05 18:22:58,576 [INFO] PluginManage:310 - Check plugin ddr
2024-12-05 18:22:58,579 [INFO] PluginManage:359 - Loaded plugin ddr (category:tool,tabindex:6)
2024-12-05 18:22:58,579 [INFO] PluginManage:310 - Check plugin filemanager
2024-12-05 18:22:58,754 [INFO] PluginManage:359 - Loaded plugin filemanager (category:base,tabindex:10)
2024-12-05 18:22:58,754 [INFO] PluginManage:310 - Check plugin ipmanager
2024-12-05 18:22:58,761 [INFO] PluginManage:359 - Loaded plugin ipmanager (category:base,tabindex:5)
2024-12-05 18:22:58,761 [INFO] PluginManage:310 - Check plugin lpbam
2024-12-05 18:22:58,772 [INFO] PluginManage:359 - Loaded plugin lpbam (category:base,tabindex:0)
2024-12-05 18:22:58,772 [INFO] PluginManage:310 - Check plugin memorymap
2024-12-05 18:22:58,785 [INFO] PluginManage:359 - Loaded plugin memorymap (category:base,tabindex:4)
2024-12-05 18:22:58,785 [INFO] PluginManage:310 - Check plugin pinoutandconfiguration
2024-12-05 18:22:58,795 [INFO] PluginManage:359 - Loaded plugin pinoutandconfiguration (category:base,tabindex:1)
2024-12-05 18:22:58,795 [INFO] PluginManage:310 - Check plugin pinoutconfig
2024-12-05 18:22:58,917 [WARN] SupportedApi:132 - Cannot load RTOS API schema: s4s-elt-must-match.1: The content of 'definitions' must match (annotation?, (simpleType | complexType)?, (unique | key | keyref)*)). A problem was found starting at: attribute.
2024-12-05 18:22:59,124 [INFO] PluginManage:359 - Loaded plugin pinoutconfig (category:base,tabindex:0)
2024-12-05 18:22:59,125 [INFO] PluginManage:310 - Check plugin power
2024-12-05 18:22:59,143 [INFO] PluginManage:359 - Loaded plugin power (category:power,tabindex:4)
2024-12-05 18:22:59,144 [INFO] PluginManage:310 - Check plugin projectmanager
2024-12-05 18:22:59,156 [ERROR] ConfigurationRetriever:142 - IOException on connection: Connect timed out
2024-12-05 18:22:59,172 [INFO] PluginManage:359 - Loaded plugin projectmanager (category:projectmanager,tabindex:4)
2024-12-05 18:22:59,172 [INFO] PluginManage:310 - Check plugin rif
2024-12-05 18:22:59,184 [INFO] PluginManage:359 - Loaded plugin rif (category:base,tabindex:3)
2024-12-05 18:22:59,184 [INFO] PluginManage:310 - Check plugin thirdparty
2024-12-05 18:22:59,392 [INFO] PluginManage:359 - Loaded plugin thirdparty (category:base,tabindex:-1)
2024-12-05 18:22:59,393 [INFO] PluginManage:310 - Check plugin tools
2024-12-05 18:22:59,391 [WARN] IntegrityCheckThread:84 - waiting for thirdparty lock release [integrity check]
2024-12-05 18:22:59,393 [INFO] IntegrityCheckThread:86 - entering critical section [integrity check]
2024-12-05 18:22:59,394 [INFO] ThirdPartyUpdaterWithRetryManager:70 - Updater plugin not ready yet. [1/15]
2024-12-05 18:22:59,398 [INFO] PluginManage:359 - Loaded plugin tools (category:base,tabindex:7)
2024-12-05 18:22:59,398 [INFO] PluginManage:310 - Check plugin tutovideos
2024-12-05 18:22:59,682 [INFO] PluginManage:359 - Loaded plugin tutovideos (category:base,tabindex:-1)
2024-12-05 18:22:59,682 [INFO] PluginManage:310 - Check plugin updater
2024-12-05 18:22:59,720 [INFO] PluginManage:359 - Loaded plugin updater (category:base,tabindex:12)
2024-12-05 18:22:59,720 [INFO] PluginManage:310 - Check plugin userauth
2024-12-05 18:22:59,727 [INFO] UserAuth:118 - Init User Auth plugin
2024-12-05 18:22:59,728 [INFO] PluginManage:359 - Loaded plugin userauth (category:base,tabindex:14)
2024-12-05 18:22:59,729 [INFO] PluginManage:283 - PluginManage : Loaded plugins [18]
2024-12-05 18:23:00,007 [INFO] PinOutPanel:1589 - setPackage(No Configuration,No Configuration)
2024-12-05 18:23:00,091 [INFO] CADModel:165 - CPN selected for project level
2024-12-05 18:23:00,091 [INFO] CADModel:114 - Register for checkConnection events
2024-12-05 18:23:00,110 [INFO] IPUIPlugin:80 - create IPUIPlugin
2024-12-05 18:23:00,110 [INFO] PluginManager:220 - loadIPPluginJar : add fmc
2024-12-05 18:23:00,112 [INFO] IPUIPlugin:80 - create IPUIPlugin
2024-12-05 18:23:00,112 [INFO] PluginManager:220 - loadIPPluginJar : add quadspi
2024-12-05 18:23:00,114 [INFO] IPUIPlugin:80 - create IPUIPlugin
2024-12-05 18:23:00,115 [INFO] PluginManager:220 - loadIPPluginJar : add aes
2024-12-05 18:23:00,118 [INFO] IPUIPlugin:80 - create IPUIPlugin
2024-12-05 18:23:00,118 [INFO] PluginManager:220 - loadIPPluginJar : add lorawan
2024-12-05 18:23:00,119 [INFO] IPUIPlugin:80 - create IPUIPlugin
2024-12-05 18:23:00,120 [INFO] PluginManager:220 - loadIPPluginJar : add ltdc
2024-12-05 18:23:00,121 [INFO] IPUIPlugin:80 - create IPUIPlugin
2024-12-05 18:23:00,122 [INFO] PluginManager:220 - loadIPPluginJar : add fatfs
2024-12-05 18:23:00,127 [INFO] IPUIPlugin:80 - create IPUIPlugin
2024-12-05 18:23:00,127 [INFO] PluginManager:220 - loadIPPluginJar : add resmgrutility
2024-12-05 18:23:00,136 [INFO] IPUIPlugin:80 - create IPUIPlugin
2024-12-05 18:23:00,137 [INFO] PluginManager:220 - loadIPPluginJar : add linkedlist
2024-12-05 18:23:00,146 [INFO] IPUIPlugin:80 - create IPUIPlugin
2024-12-05 18:23:00,147 [INFO] PluginManager:220 - loadIPPluginJar : add mdma
2024-12-05 18:23:00,149 [INFO] IPUIPlugin:80 - create IPUIPlugin
2024-12-05 18:23:00,149 [INFO] PluginManager:220 - loadIPPluginJar : add tsc
2024-12-05 18:23:00,151 [INFO] IPUIPlugin:80 - create IPUIPlugin
2024-12-05 18:23:00,152 [INFO] PluginManager:220 - loadIPPluginJar : add genericplugin
2024-12-05 18:23:00,156 [INFO] IPUIPlugin:80 - create IPUIPlugin
2024-12-05 18:23:00,156 [INFO] PluginManager:220 - loadIPPluginJar : add pdm2pcm
2024-12-05 18:23:00,161 [INFO] IPUIPlugin:80 - create IPUIPlugin
2024-12-05 18:23:00,162 [INFO] PluginManager:220 - loadIPPluginJar : add nvic
2024-12-05 18:23:00,165 [INFO] IPUIPlugin:80 - create IPUIPlugin
2024-12-05 18:23:00,165 [INFO] PluginManager:220 - loadIPPluginJar : add usart
2024-12-05 18:23:00,168 [INFO] IPUIPlugin:80 - create IPUIPlugin
2024-12-05 18:23:00,168 [INFO] PluginManager:220 - loadIPPluginJar : add radio
2024-12-05 18:23:00,175 [INFO] IPUIPlugin:80 - create IPUIPlugin
2024-12-05 18:23:00,175 [INFO] PluginManager:220 - loadIPPluginJar : add gpio
2024-12-05 18:23:00,179 [INFO] IPUIPlugin:80 - create IPUIPlugin
2024-12-05 18:23:00,179 [INFO] PluginManager:220 - loadIPPluginJar : add ddr_ctrl_phy
2024-12-05 18:23:00,189 [INFO] IPUIPlugin:80 - create IPUIPlugin
2024-12-05 18:23:00,193 [INFO] PluginManager:220 - loadIPPluginJar : add plateformsettings
2024-12-05 18:23:00,196 [INFO] IPUIPlugin:80 - create IPUIPlugin
2024-12-05 18:23:00,196 [INFO] PluginManager:220 - loadIPPluginJar : add cryp
2024-12-05 18:23:00,200 [INFO] IPUIPlugin:80 - create IPUIPlugin
2024-12-05 18:23:00,200 [INFO] PluginManager:220 - loadIPPluginJar : add i2c
2024-12-05 18:23:00,208 [INFO] IPUIPlugin:80 - create IPUIPlugin
2024-12-05 18:23:00,208 [INFO] PluginManager:220 - loadIPPluginJar : add stm32_wpan
2024-12-05 18:23:00,212 [INFO] IPUIPlugin:80 - create IPUIPlugin
2024-12-05 18:23:00,212 [INFO] PluginManager:220 - loadIPPluginJar : add openamp
2024-12-05 18:23:00,216 [INFO] IPUIPlugin:80 - create IPUIPlugin
2024-12-05 18:23:00,216 [INFO] PluginManager:220 - loadIPPluginJar : add extmemmanager
2024-12-05 18:23:00,219 [INFO] IPUIPlugin:80 - create IPUIPlugin
2024-12-05 18:23:00,220 [INFO] PluginManager:220 - loadIPPluginJar : add hash
2024-12-05 18:23:00,223 [INFO] IPUIPlugin:80 - create IPUIPlugin
2024-12-05 18:23:00,224 [INFO] PluginManager:220 - loadIPPluginJar : add i3c
2024-12-05 18:23:00,227 [INFO] IPUIPlugin:80 - create IPUIPlugin
2024-12-05 18:23:00,227 [INFO] PluginManager:220 - loadIPPluginJar : add i2s
2024-12-05 18:23:00,231 [INFO] IPUIPlugin:80 - create IPUIPlugin
2024-12-05 18:23:00,232 [INFO] PluginManager:220 - loadIPPluginJar : add gtzc
2024-12-05 18:23:00,234 [INFO] IPUIPlugin:80 - create IPUIPlugin
2024-12-05 18:23:00,235 [INFO] PluginManager:220 - loadIPPluginJar : add tim
2024-12-05 18:23:00,237 [INFO] IPUIPlugin:80 - create IPUIPlugin
2024-12-05 18:23:00,237 [INFO] PluginManager:220 - loadIPPluginJar : add ucpd
2024-12-05 18:23:00,242 [INFO] IPUIPlugin:80 - create IPUIPlugin
2024-12-05 18:23:00,242 [INFO] PluginManager:220 - loadIPPluginJar : add sai
2024-12-05 18:23:00,245 [INFO] IPUIPlugin:80 - create IPUIPlugin
2024-12-05 18:23:00,245 [INFO] PluginManager:220 - loadIPPluginJar : add dma3
2024-12-05 18:23:00,249 [INFO] IPUIPlugin:80 - create IPUIPlugin
2024-12-05 18:23:00,250 [INFO] PluginManager:220 - loadIPPluginJar : add usbx
2024-12-05 18:23:00,253 [INFO] IPUIPlugin:80 - create IPUIPlugin
2024-12-05 18:23:00,253 [INFO] PluginManager:220 - loadIPPluginJar : add dfsdm
2024-12-05 18:23:00,256 [INFO] IPUIPlugin:80 - create IPUIPlugin
2024-12-05 18:23:00,256 [INFO] PluginManager:220 - loadIPPluginJar : add spi
2024-12-05 18:23:00,261 [INFO] IPUIPlugin:80 - create IPUIPlugin
2024-12-05 18:23:00,261 [INFO] PluginManager:220 - loadIPPluginJar : add ipddr
2024-12-05 18:23:00,270 [INFO] IPUIPlugin:80 - create IPUIPlugin
2024-12-05 18:23:00,270 [INFO] PluginManager:220 - loadIPPluginJar : add adc
2024-12-05 18:23:00,273 [INFO] IPUIPlugin:80 - create IPUIPlugin
2024-12-05 18:23:00,273 [INFO] PluginManager:220 - loadIPPluginJar : add comp
2024-12-05 18:23:00,276 [INFO] IPUIPlugin:80 - create IPUIPlugin
2024-12-05 18:23:00,277 [INFO] PluginManager:220 - loadIPPluginJar : add opamp
2024-12-05 18:23:00,281 [INFO] IPUIPlugin:80 - create IPUIPlugin
2024-12-05 18:23:00,281 [INFO] PluginManager:220 - loadIPPluginJar : add can
2024-12-05 18:23:00,289 [INFO] IPUIPlugin:80 - create IPUIPlugin
2024-12-05 18:23:00,289 [INFO] PluginManager:220 - loadIPPluginJar : add gic
2024-12-05 18:23:00,292 [INFO] IPUIPlugin:80 - create IPUIPlugin
2024-12-05 18:23:00,292 [INFO] PluginManager:220 - loadIPPluginJar : add gfxmmu
2024-12-05 18:23:00,298 [INFO] IPUIPlugin:80 - create IPUIPlugin
2024-12-05 18:23:00,298 [INFO] PluginManager:220 - loadIPPluginJar : add touchsensing
2024-12-05 18:23:00,301 [INFO] IPUIPlugin:80 - create IPUIPlugin
2024-12-05 18:23:00,301 [INFO] PluginManager:220 - loadIPPluginJar : add tracer_emb
2024-12-05 18:23:00,309 [INFO] IPUIPlugin:80 - create IPUIPlugin
2024-12-05 18:23:00,310 [INFO] PluginManager:220 - loadIPPluginJar : add freertos
2024-12-05 18:23:00,317 [INFO] IPUIPlugin:80 - create IPUIPlugin
2024-12-05 18:23:00,318 [INFO] PluginManager:220 - loadIPPluginJar : add dma
2024-12-05 18:23:00,320 [INFO] IPUIPlugin:80 - create IPUIPlugin
2024-12-05 18:23:00,320 [INFO] PluginManager:220 - loadIPPluginJar : add ts
2024-12-05 18:23:00,437 [FATAL] Updater:351 - Updater called before beeing initialized
2024-12-05 18:23:00,476 [INFO] RulesReader:64 - Compatibility file has been processed (297 Rules)
2024-12-05 18:23:00,493 [INFO] RulesReader:64 - Compatibility file has been processed (297 Rules)
2024-12-05 18:23:00,503 [INFO] CADModel:165 - CPN selected for project level
2024-12-05 18:23:00,503 [INFO] CADModel:114 - Register for checkConnection events
2024-12-05 18:23:00,503 [FATAL] Updater:351 - Updater called before beeing initialized
2024-12-05 18:23:00,503 [ERROR] CADModel:125 - Updater not yet initialized, retry later 
2024-12-05 18:23:00,689 [FATAL] Updater:351 - Updater called before beeing initialized
2024-12-05 18:23:00,691 [INFO] CADModel:165 - CPN selected for project level
2024-12-05 18:23:00,692 [INFO] CADModel:114 - Register for checkConnection events
2024-12-05 18:23:00,692 [FATAL] Updater:351 - Updater called before beeing initialized
2024-12-05 18:23:00,692 [ERROR] CADModel:125 - Updater not yet initialized, retry later 
2024-12-05 18:23:00,696 [FATAL] Updater:351 - Updater called before beeing initialized
2024-12-05 18:23:00,805 [FATAL] Updater:351 - Updater called before beeing initialized
2024-12-05 18:23:00,811 [INFO] DbMcusAds:53 - JSON generation date=Thu Sep 30 03:55:09 ART 2021 (1632984909247)
2024-12-05 18:23:00,812 [FATAL] Updater:351 - Updater called before beeing initialized
2024-12-05 18:23:00,858 [WARN] DetailPanel:346 - Failed to get advertising image, set to default
2024-12-05 18:23:01,139 [FATAL] Updater:351 - Updater called before beeing initialized
2024-12-05 18:23:01,143 [FATAL] Updater:351 - Updater called before beeing initialized
2024-12-05 18:23:01,143 [FATAL] Updater:351 - Updater called before beeing initialized
2024-12-05 18:23:01,143 [WARN] DetailPanel:346 - Failed to get advertising image, set to default
2024-12-05 18:23:01,147 [FATAL] Updater:351 - Updater called before beeing initialized
2024-12-05 18:23:01,162 [ERROR] ConfigurationRetriever:142 - IOException on connection: Connect timed out
2024-12-05 18:23:01,211 [ERROR] Updater:1198 - MainUpdater not yet initialized. External WinMGr cannot be set.
2024-12-05 18:23:01,214 [INFO] Updater:1134 - Updater Version found : 6.13.0
2024-12-05 18:23:01,262 [INFO] ApplicationProperties:184 - Using Application install path: /home/cotti/st/stm32cubeide_1.17.0/plugins/com.st.stm32cube.common.mx_6.13.0.202411220809
2024-12-05 18:23:02,394 [INFO] ThirdPartyUpdaterWithRetryManager:70 - Updater plugin not ready yet. [2/15]
2024-12-05 18:23:03,166 [ERROR] ConfigurationRetriever:142 - IOException on connection: Connect timed out
2024-12-05 18:23:03,557 [ERROR] ConfigurationRetriever:142 - IOException on connection: Connect timed out
2024-12-05 18:23:05,396 [FATAL] Updater:351 - Updater called before beeing initialized
2024-12-05 18:23:05,398 [ERROR] IntegrityCheckThread:130 - Cannot retrieve database content from updater: error 21
2024-12-05 18:23:05,399 [INFO] ThirdParty:978 - Integrity check success = false
2024-12-05 18:23:05,399 [INFO] IntegrityCheckThread:100 - exiting critical section [integrity check]
2024-12-05 18:23:05,399 [INFO] IntegrityCheckThread:103 - End integrity checks thread
2024-12-05 18:23:05,599 [INFO] RetryExec:97 - I/O exception (java.net.SocketException) caught when processing request to {s}->https://sw-center.st.com:443: Network is unreachable
2024-12-05 18:23:05,600 [INFO] RetryExec:113 - Retrying request to {s}->https://sw-center.st.com:443
2024-12-05 18:23:08,386 [ERROR] ConfigurationRetriever:142 - IOException on connection: Connect timed out
2024-12-05 18:23:08,563 [ERROR] ConfigurationRetriever:142 - IOException on connection: Connect timed out
2024-12-05 18:23:09,607 [INFO] RetryExec:97 - I/O exception (java.net.SocketException) caught when processing request to {s}->https://sw-center.st.com:443: Network is unreachable
2024-12-05 18:23:09,608 [INFO] RetryExec:113 - Retrying request to {s}->https://sw-center.st.com:443
2024-12-05 18:23:10,388 [ERROR] ConfigurationRetriever:142 - IOException on connection: Connect timed out
2024-12-05 18:23:12,391 [ERROR] ConfigurationRetriever:142 - IOException on connection: Connect timed out
2024-12-05 18:23:13,570 [ERROR] ConfigurationRetriever:142 - IOException on connection: Connect timed out
2024-12-05 18:23:13,614 [INFO] RetryExec:97 - I/O exception (java.net.SocketException) caught when processing request to {s}->https://sw-center.st.com:443: Network is unreachable
2024-12-05 18:23:13,615 [INFO] RetryExec:113 - Retrying request to {s}->https://sw-center.st.com:443
2024-12-05 18:23:14,434 [ERROR] ConfigurationRetriever:142 - IOException on connection: Connect timed out
2024-12-05 18:23:16,437 [ERROR] ConfigurationRetriever:142 - IOException on connection: Connect timed out
2024-12-05 18:23:17,623 [INFO] MainUpdater:2872 - connection check result : 22
2024-12-05 18:23:17,624 [INFO] MainUpdater:289 - Updater Check For Update Now.
2024-12-05 18:23:17,624 [INFO] MicroXplorer:498 - Change Database Version : DB.6.0.130
2024-12-05 18:23:17,632 [INFO] McuFinderGlobals:63 - Set McuFinder mode to 2 (CubeIDE integrated)
2024-12-05 18:23:17,638 [INFO] UserAuth:486 - Internet connection configuration mode: 2
2024-12-05 18:23:17,651 [INFO] UserAuth:486 - Internet connection configuration mode: 2
2024-12-05 18:23:17,884 [INFO] CheckServerUpdateThread:120 - End of CheckServer Thread
2024-12-05 18:23:18,440 [ERROR] ConfigurationRetriever:142 - IOException on connection: Connect timed out
2024-12-05 18:24:09,255 [ERROR] ConfigurationRetriever:142 - IOException on connection: Connect timed out
2024-12-05 18:24:11,258 [ERROR] ConfigurationRetriever:142 - IOException on connection: Connect timed out
2024-12-05 18:24:13,947 [ERROR] ConfigurationRetriever:142 - IOException on connection: Connect timed out
2024-12-05 18:24:15,984 [ERROR] ConfigurationRetriever:142 - IOException on connection: Connect timed out
2024-12-05 18:24:17,987 [ERROR] ConfigurationRetriever:142 - IOException on connection: Connect timed out
2024-12-05 18:24:19,989 [ERROR] ConfigurationRetriever:142 - IOException on connection: Connect timed out
2024-12-05 18:25:35,808 [ERROR] ConfigurationRetriever:142 - IOException on connection: Connect timed out
2024-12-05 18:25:37,811 [ERROR] ConfigurationRetriever:142 - IOException on connection: Connect timed out
2024-12-05 18:25:39,813 [ERROR] ConfigurationRetriever:142 - IOException on connection: Connect timed out
2024-12-05 18:29:40,708 [ERROR] ConfigurationRetriever:142 - IOException on connection: Connect timed out
2024-12-05 18:29:42,715 [ERROR] ConfigurationRetriever:142 - IOException on connection: Connect timed out
2024-12-05 18:29:44,718 [ERROR] ConfigurationRetriever:142 - IOException on connection: Connect timed out
2024-12-05 18:29:46,746 [ERROR] ConfigurationRetriever:142 - IOException on connection: Connect timed out
2024-12-05 18:29:48,749 [ERROR] ConfigurationRetriever:142 - IOException on connection: Connect timed out
2024-12-05 18:29:50,752 [ERROR] ConfigurationRetriever:142 - IOException on connection: Connect timed out
2024-12-05 18:33:22,747 [ERROR] ConfigurationRetriever:142 - IOException on connection: Connect timed out
2024-12-05 18:33:24,751 [ERROR] ConfigurationRetriever:142 - IOException on connection: Connect timed out
2024-12-05 18:33:26,753 [ERROR] ConfigurationRetriever:142 - IOException on connection: Connect timed out
2024-12-05 18:34:55,122 [ERROR] ConfigurationRetriever:142 - IOException on connection: Connect timed out
2024-12-05 18:34:57,125 [ERROR] ConfigurationRetriever:142 - IOException on connection: Connect timed out
2024-12-05 18:34:59,127 [ERROR] ConfigurationRetriever:142 - IOException on connection: Connect timed out
2024-12-05 18:35:31,584 [INFO] McuFinderGlobals:63 - Set McuFinder mode to 2 (CubeIDE integrated)
2024-12-05 18:35:34,884 [INFO] RetryExec:97 - I/O exception (java.net.SocketException) caught when processing request to {s}->https://sw-center.st.com:443: Network is unreachable
2024-12-05 18:35:34,884 [INFO] RetryExec:113 - Retrying request to {s}->https://sw-center.st.com:443
2024-12-05 18:35:36,888 [INFO] RetryExec:97 - I/O exception (java.net.SocketException) caught when processing request to {s}->https://sw-center.st.com:443: Network is unreachable
2024-12-05 18:35:36,888 [INFO] RetryExec:113 - Retrying request to {s}->https://sw-center.st.com:443
2024-12-05 18:35:38,892 [INFO] RetryExec:97 - I/O exception (java.net.SocketException) caught when processing request to {s}->https://sw-center.st.com:443: Network is unreachable
2024-12-05 18:35:38,892 [INFO] RetryExec:113 - Retrying request to {s}->https://sw-center.st.com:443
2024-12-05 18:35:40,897 [INFO] MainUpdater:2872 - connection check result : 22
2024-12-05 18:35:42,903 [INFO] RetryExec:97 - I/O exception (java.net.SocketException) caught when processing request to {s}->https://sw-center.st.com:443: Network is unreachable
2024-12-05 18:35:42,904 [INFO] RetryExec:113 - Retrying request to {s}->https://sw-center.st.com:443
2024-12-05 18:35:44,907 [INFO] RetryExec:97 - I/O exception (java.net.SocketException) caught when processing request to {s}->https://sw-center.st.com:443: Network is unreachable
2024-12-05 18:35:44,907 [INFO] RetryExec:113 - Retrying request to {s}->https://sw-center.st.com:443
2024-12-05 18:35:46,909 [INFO] RetryExec:97 - I/O exception (java.net.SocketException) caught when processing request to {s}->https://sw-center.st.com:443: Network is unreachable
2024-12-05 18:35:46,910 [INFO] RetryExec:113 - Retrying request to {s}->https://sw-center.st.com:443
2024-12-05 18:35:48,913 [INFO] MainUpdater:2872 - connection check result : 22
2024-12-05 18:36:04,398 [INFO] RetryExec:97 - I/O exception (java.net.SocketException) caught when processing request to {s}->https://sw-center.st.com:443: Network is unreachable
2024-12-05 18:36:04,399 [INFO] RetryExec:113 - Retrying request to {s}->https://sw-center.st.com:443
2024-12-05 18:36:06,809 [INFO] RetryExec:97 - I/O exception (java.net.SocketException) caught when processing request to {s}->https://sw-center.st.com:443: Network is unreachable
2024-12-05 18:36:06,810 [INFO] RetryExec:113 - Retrying request to {s}->https://sw-center.st.com:443
2024-12-05 18:36:08,813 [INFO] RetryExec:97 - I/O exception (java.net.SocketException) caught when processing request to {s}->https://sw-center.st.com:443: Network is unreachable
2024-12-05 18:36:08,814 [INFO] RetryExec:113 - Retrying request to {s}->https://sw-center.st.com:443
2024-12-05 18:36:10,818 [INFO] MainUpdater:2872 - connection check result : 22
2024-12-05 18:36:16,759 [INFO] MicroXplorer:468 - Change Database Path : 
2024-12-05 18:36:16,759 [INFO] MicroXplorer:498 - Change Database Version : DB.6.0.130
2024-12-05 18:36:16,771 [WARN] ThirdParty:871 - waiting for thirdparty lock release [close project]
2024-12-05 18:36:16,771 [INFO] ThirdParty:873 - entering critical section [close project]
2024-12-05 18:36:16,773 [INFO] ThirdParty:883 - exiting critical section [close project]
2024-12-05 18:36:16,784 [INFO] PinOutPanel:1589 - setPackage(No Configuration,No Configuration)
2024-12-05 18:36:16,796 [INFO] UtilMem:75 - Begin LoadConfig() Used Memory: 245286288 Bytes (293601280)
2024-12-05 18:36:16,821 [INFO] MicroXplorer:468 - Change Database Path : /home/cotti/.stm32cubemx/databases/DB.6.0.120/db/
2024-12-05 18:36:16,821 [INFO] MicroXplorer:498 - Change Database Version : DB.6.0.120
2024-12-05 18:36:18,333 [INFO] OpenFileManager:332 - Change cursor
2024-12-05 18:36:18,353 [WARN] IntegrityCheckThread:84 - waiting for thirdparty lock release [integrity check]
2024-12-05 18:36:18,353 [INFO] IntegrityCheckThread:86 - entering critical section [integrity check]
2024-12-05 18:36:18,629 [WARN] PackLoader:240 - Cannot read IP mode file for STMicroelectronics.FP-SNS-MOTENVWB1.1.4.0
2024-12-05 18:36:18,655 [WARN] PackLoader:240 - Cannot read IP mode file for STMicroelectronics.FP-ATR-ASTRA1.2.0.1
2024-12-05 18:36:18,680 [WARN] PackLoader:240 - Cannot read IP mode file for STMicroelectronics.X-CUBE-SMBUS.2.1.0
2024-12-05 18:36:18,698 [WARN] PackLoader:240 - Cannot read IP mode file for STMicroelectronics.X-CUBE-WB05N.1.1.0
2024-12-05 18:36:18,755 [WARN] PackLoader:240 - Cannot read IP mode file for STMicroelectronics.X-CUBE-AZRTOS-F7.1.1.0
2024-12-05 18:36:18,865 [WARN] PackLoader:240 - Cannot read IP mode file for STMicroelectronics.X-CUBE-MEMS1.11.0.0
2024-12-05 18:36:19,128 [WARN] PackLoader:240 - Cannot read IP mode file for STMicroelectronics.X-CUBE-BLE1.6.2.4
2024-12-05 18:36:19,137 [WARN] PackLoader:240 - Cannot read IP mode file for STMicroelectronics.FP-SNS-FLIGHT1.5.0.2
2024-12-05 18:36:19,148 [WARN] PackLoader:240 - Cannot read IP mode file for STMicroelectronics.X-CUBE-DISPLAY.3.0.0
2024-12-05 18:36:19,160 [WARN] PackLoader:240 - Cannot read IP mode file for STMicroelectronics.X-CUBE-BLE1.7.0.0
2024-12-05 18:36:19,197 [WARN] PackLoader:240 - Cannot read IP mode file for STMicroelectronics.X-CUBE-NFC10.1.0.0
2024-12-05 18:36:19,226 [WARN] PackLoader:240 - Cannot read IP mode file for STMicroelectronics.X-CUBE-BLEMGR.3.1.0
2024-12-05 18:36:19,242 [WARN] PackLoader:240 - Cannot read IP mode file for STMicroelectronics.FP-SNS-SMARTAG2.1.2.0
2024-12-05 18:36:19,272 [INFO] LogOutputStream:77 - [STDOUT_REDIRECT] 1 : Invalid condition id : UX_CORESTACK_Condition cause : null
2024-12-05 18:36:19,275 [INFO] LogOutputStream:77 - [STDOUT_REDIRECT] 1 : Invalid condition id : UX_CORESTACK_Condition cause : null
2024-12-05 18:36:19,280 [INFO] LogOutputStream:77 - [STDOUT_REDIRECT] 1 : Invalid condition id : UX_CORESTACK_Condition cause : null
2024-12-05 18:36:19,280 [INFO] LogOutputStream:77 - [STDOUT_REDIRECT] 1 : Invalid condition id : UX_CORESTACK_Condition cause : null
2024-12-05 18:36:19,281 [INFO] LogOutputStream:77 - [STDOUT_REDIRECT] 1 : Invalid condition id : UX_CORESTACK_Condition cause : null
2024-12-05 18:36:19,298 [WARN] PackLoader:240 - Cannot read IP mode file for STMicroelectronics.X-CUBE-AZRTOS-WL.2.0.0
2024-12-05 18:36:19,312 [WARN] PackLoader:240 - Cannot read IP mode file for STMicroelectronics.FP-SNS-MOTENV1.5.0.0
2024-12-05 18:36:19,325 [WARN] PackLoader:240 - Cannot read IP mode file for wolfSSL.I-CUBE-wolfMQTT.1.19.0
2024-12-05 18:36:19,335 [WARN] PackLoader:240 - Cannot read IP mode file for WES.I-CUBE-Cesium.1.3.0
2024-12-05 18:36:19,345 [WARN] PackLoader:240 - Cannot read IP mode file for STMicroelectronics.X-CUBE-BLE2.3.3.0
2024-12-05 18:36:19,361 [WARN] PackLoader:240 - Cannot read IP mode file for STMicroelectronics.X-CUBE-DISPLAY.2.2.0
2024-12-05 18:36:19,407 [WARN] PackLoader:240 - Cannot read IP mode file for STMicroelectronics.X-CUBE-TOF1.3.2.0
2024-12-05 18:36:19,435 [WARN] PackLoader:240 - Cannot read IP mode file for STMicroelectronics.X-CUBE-NFC9.1.0.0
2024-12-05 18:36:19,450 [WARN] PackLoader:240 - Cannot read IP mode file for STMicroelectronics.X-CUBE-TCPP.4.1.0
2024-12-05 18:36:19,461 [WARN] PackLoader:240 - Cannot read IP mode file for STMicroelectronics.X-CUBE-TOUCHGFX.4.21.1
2024-12-05 18:36:19,468 [WARN] PackLoader:240 - Cannot read IP mode file for STMicroelectronics.X-CUBE-TOUCHGFX.4.21.0
2024-12-05 18:36:19,644 [WARN] PackLoader:240 - Cannot read IP mode file for STMicroelectronics.X-CUBE-MEMS1.9.4.0
2024-12-05 18:36:19,963 [WARN] PackLoader:240 - Cannot read IP mode file for STMicroelectronics.X-CUBE-AI.7.3.0
2024-12-05 18:36:19,971 [WARN] PackLoader:240 - Cannot read IP mode file for STMicroelectronics.X-CUBE-ALGOBUILD.1.3.0
2024-12-05 18:36:19,994 [WARN] PackLoader:240 - Cannot read IP mode file for STMicroelectronics.X-CUBE-AZRTOS-G0.1.1.0
2024-12-05 18:36:20,004 [WARN] PackLoader:240 - Cannot read IP mode file for STMicroelectronics.X-CUBE-SAFEA1.1.2.2
2024-12-05 18:36:20,011 [WARN] PackLoader:240 - Cannot read IP mode file for STMicroelectronics.X-CUBE-NFC4.3.0.0
2024-12-05 18:36:20,022 [WARN] PackLoader:240 - Cannot read IP mode file for EmbeddedOffice.I-CUBE-FS-RTOS.1.0.1
2024-12-05 18:36:20,031 [WARN] PackLoader:240 - Cannot read IP mode file for STMicroelectronics.X-CUBE-BLEMGR.1.3.0
2024-12-05 18:36:20,037 [WARN] PackLoader:240 - Cannot read IP mode file for RealThread.X-CUBE-RT-Thread_Nano.4.1.1
2024-12-05 18:36:20,042 [WARN] PackLoader:240 - Cannot read IP mode file for STMicroelectronics.FP-ATR-SIGFOX1.3.2.0
2024-12-05 18:36:20,045 [WARN] ConditionMgr:438 - getConditionDescription Invalid condition id : Cortex-A Device cause : null
2024-12-05 18:36:20,057 [WARN] ConditionMgr:1044 - genDependencies : Invalid condition id : Cortex-A Device cause : null
2024-12-05 18:36:20,058 [WARN] ConditionMgr:1044 - genDependencies : Invalid condition id : Cortex-A Device cause : null
2024-12-05 18:36:20,058 [WARN] ConditionMgr:1044 - genDependencies : Invalid condition id : Cortex-A Device cause : null
2024-12-05 18:36:20,064 [WARN] PackLoader:240 - Cannot read IP mode file for STMicroelectronics.X-CUBE-EEPRMA1.5.1.0
2024-12-05 18:36:20,072 [WARN] PackLoader:240 - Cannot read IP mode file for ITTIA_DB.I-CUBE-ITTIADB.8.9.0
2024-12-05 18:36:20,122 [WARN] PackLoader:240 - Cannot read IP mode file for STMicroelectronics.X-CUBE-MEMS1.9.5.0
2024-12-05 18:36:20,344 [WARN] PackLoader:240 - Cannot read IP mode file for SEGGER.I-CUBE-embOS.1.3.1
2024-12-05 18:36:20,403 [WARN] PackLoader:240 - Cannot read IP mode file for STMicroelectronics.X-CUBE-ALGOBUILD.1.4.0
2024-12-05 18:36:20,438 [WARN] PackLoader:240 - Cannot read IP mode file for SEGGER.I-CUBE-embOS.1.3.0
2024-12-05 18:36:20,482 [WARN] PackLoader:240 - Cannot read IP mode file for STMicroelectronics.X-CUBE-AI.9.1.0
2024-12-05 18:36:20,488 [WARN] PackLoader:240 - Cannot read IP mode file for STMicroelectronics.X-CUBE-GNSS1.6.0.0
2024-12-05 18:36:20,508 [WARN] PackLoader:240 - Cannot read IP mode file for STMicroelectronics.X-CUBE-AZRTOS-F4.1.1.0
2024-12-05 18:36:20,515 [WARN] PackLoader:240 - Cannot read IP mode file for STMicroelectronics.X-CUBE-ISPU.2.1.0
2024-12-05 18:36:20,519 [WARN] PackLoader:240 - Cannot read IP mode file for STMicroelectronics.X-CUBE-FREERTOS.1.2.0
2024-12-05 18:36:20,539 [WARN] PackLoader:240 - Cannot read IP mode file for STMicroelectronics.X-CUBE-AZRTOS-L5.2.0.0
2024-12-05 18:36:20,550 [WARN] PackLoader:240 - Cannot read IP mode file for STMicroelectronics.X-CUBE-NFC6.3.1.0
2024-12-05 18:36:20,558 [WARN] PackLoader:240 - Cannot read IP mode file for emotas.I-CUBE-CANOPEN.1.1.3
2024-12-05 18:36:20,563 [WARN] PackLoader:240 - Cannot read IP mode file for STMicroelectronics.X-CUBE-DPower.1.2.0
2024-12-05 18:36:20,568 [WARN] PackLoader:240 - Cannot read IP mode file for STMicroelectronics.X-CUBE-NFC4.2.0.5
2024-12-05 18:36:20,572 [WARN] PackLoader:240 - Cannot read IP mode file for STMicroelectronics.X-CUBE-AI.9.0.0
2024-12-05 18:36:20,576 [WARN] PackLoader:240 - Cannot read IP mode file for wolfSSL.I-CUBE-wolfSSL.5.5.4
2024-12-05 18:36:20,581 [WARN] PackLoader:240 - Cannot read IP mode file for STMicroelectronics.X-CUBE-NFC7.1.0.1
2024-12-05 18:36:20,586 [WARN] PackLoader:240 - Cannot read IP mode file for STMicroelectronics.X-CUBE-NFC7.1.0.0
2024-12-05 18:36:20,590 [WARN] PackLoader:240 - Cannot read IP mode file for wolfSSL.I-CUBE-wolfTPM.3.2.0
2024-12-05 18:36:20,595 [WARN] PackLoader:240 - Cannot read IP mode file for STMicroelectronics.X-CUBE-EEPRMA1.4.1.0
2024-12-05 18:36:20,616 [WARN] ConditionMgr:438 - getConditionDescription Invalid condition id : LAN8742 Phy interface Condition cause : null
2024-12-05 18:36:20,617 [WARN] PackLoader:240 - Cannot read IP mode file for STMicroelectronics.X-CUBE-AZRTOS-L4.2.0.0
2024-12-05 18:36:20,618 [WARN] ConditionMgr:1044 - genDependencies : Invalid condition id : LAN8742 Phy interface Condition cause : null
2024-12-05 18:36:20,619 [WARN] ConditionMgr:1044 - genDependencies : Invalid condition id : LAN8742 Phy interface Condition cause : null
2024-12-05 18:36:20,619 [WARN] ConditionMgr:1044 - genDependencies : Invalid condition id : LAN8742 Phy interface Condition cause : null
2024-12-05 18:36:20,627 [WARN] PackLoader:240 - Cannot read IP mode file for STMicroelectronics.X-CUBE-SFXS2LP1.4.0.0
2024-12-05 18:36:20,664 [WARN] PackLoader:240 - Cannot read IP mode file for STMicroelectronics.X-CUBE-AZRTOS-H7.3.0.0
2024-12-05 18:36:20,673 [WARN] PackLoader:240 - Cannot read IP mode file for STMicroelectronics.X-CUBE-ISPU.1.1.0
2024-12-05 18:36:20,701 [WARN] PackLoader:240 - Cannot read IP mode file for STMicroelectronics.X-CUBE-AZRTOS-H7.3.3.0
2024-12-05 18:36:20,712 [WARN] PackLoader:240 - Cannot read IP mode file for RoweBots.I-CUBE-UNISONRTOS.5.5.0-4
2024-12-05 18:36:20,718 [WARN] PackLoader:240 - Cannot read IP mode file for STMicroelectronics.X-CUBE-AI.8.0.0
2024-12-05 18:36:20,732 [WARN] PackLoader:240 - Cannot read IP mode file for STMicroelectronics.X-CUBE-IPS.3.0.0
2024-12-05 18:36:20,752 [WARN] ConditionMgr:438 - getConditionDescription Invalid condition id : UX DEVICE CLASS RTOS Condition cause : null
2024-12-05 18:36:20,752 [WARN] ConditionMgr:438 - getConditionDescription Invalid condition id : UX DEVICE CLASS RTOS Condition cause : null
2024-12-05 18:36:20,755 [WARN] PackLoader:240 - Cannot read IP mode file for STMicroelectronics.X-CUBE-AZRTOS-WB.2.0.0
2024-12-05 18:36:20,758 [WARN] ConditionMgr:1044 - genDependencies : Invalid condition id : UX DEVICE CLASS RTOS Condition cause : null
2024-12-05 18:36:20,758 [WARN] ConditionMgr:1044 - genDependencies : Invalid condition id : UX DEVICE CLASS RTOS Condition cause : null
2024-12-05 18:36:20,759 [WARN] ConditionMgr:1044 - genDependencies : Invalid condition id : UX DEVICE CLASS RTOS Condition cause : null
2024-12-05 18:36:20,759 [WARN] ConditionMgr:1044 - genDependencies : Invalid condition id : UX DEVICE CLASS RTOS Condition cause : null
2024-12-05 18:36:20,760 [WARN] ConditionMgr:1044 - genDependencies : Invalid condition id : UX DEVICE CLASS RTOS Condition cause : null
2024-12-05 18:36:20,767 [WARN] PackLoader:240 - Cannot read IP mode file for STMicroelectronics.X-CUBE-GNSS1.7.0.0
2024-12-05 18:36:20,775 [WARN] PackLoader:240 - Cannot read IP mode file for STMicroelectronics.FP-SNS-STBOX1.2.0.0
2024-12-05 18:36:20,798 [WARN] PackLoader:240 - Cannot read IP mode file for STMicroelectronics.X-CUBE-AZRTOS-L5.1.1.0
2024-12-05 18:36:20,821 [WARN] PackLoader:240 - Cannot read IP mode file for STMicroelectronics.X-CUBE-SUBG2.5.0.0
2024-12-05 18:36:20,832 [WARN] PackLoader:240 - Cannot read IP mode file for Cesanta.I-CUBE-Mongoose.7.13.0
2024-12-05 18:36:20,860 [WARN] PackLoader:240 - Cannot read IP mode file for STMicroelectronics.X-CUBE-AZRTOS-G4.2.0.0
2024-12-05 18:36:20,867 [WARN] PackLoader:240 - Cannot read IP mode file for STMicroelectronics.FP-ATR-ASTRA1.1.1.1
2024-12-05 18:36:20,889 [WARN] PackLoader:240 - Cannot read IP mode file for STMicroelectronics.X-CUBE-AZRTOS-G4.1.0.0
2024-12-05 18:36:20,914 [WARN] PackLoader:240 - Cannot read IP mode file for STMicroelectronics.X-CUBE-AZRTOS-L4.1.0.0
2024-12-05 18:36:20,924 [WARN] PackLoader:240 - Cannot read IP mode file for STMicroelectronics.X-CUBE-ISPU.2.0.0
2024-12-05 18:36:20,930 [WARN] PackLoader:240 - Cannot read IP mode file for STMicroelectronics.X-CUBE-ALS.1.0.2
2024-12-05 18:36:21,020 [WARN] PackLoader:240 - Cannot read IP mode file for STMicroelectronics.X-CUBE-MEMS1.10.0.0
2024-12-05 18:36:21,210 [WARN] PackLoader:240 - Cannot read IP mode file for STMicroelectronics.X-CUBE-TOUCHGFX.4.24.0
2024-12-05 18:36:21,218 [WARN] PackLoader:240 - Cannot read IP mode file for STMicroelectronics.X-CUBE-AZRTOS-WL.1.0.0
2024-12-05 18:36:21,222 [WARN] PackLoader:240 - Cannot read IP mode file for STMicroelectronics.X-CUBE-TOUCHGFX.4.24.1
2024-12-05 18:36:21,226 [WARN] PackLoader:240 - Cannot read IP mode file for portGmbH.I-Cube-SoM-uGOAL.1.1.0
2024-12-05 18:36:21,229 [WARN] PackLoader:240 - Cannot read IP mode file for STMicroelectronics.X-CUBE-ALS.1.0.1
2024-12-05 18:36:21,238 [WARN] PackLoader:240 - Cannot read IP mode file for STMicroelectronics.X-CUBE-AZRTOS-WB.1.1.0
2024-12-05 18:36:21,252 [WARN] PackLoader:240 - Cannot read IP mode file for STMicroelectronics.X-CUBE-AZRTOS-H7RS.1.0.0
2024-12-05 18:36:21,257 [WARN] PackLoader:240 - Cannot read IP mode file for STMicroelectronics.FP-ATR-ASTRA1.2.0.0
2024-12-05 18:36:21,267 [WARN] PackLoader:240 - Cannot read IP mode file for STMicroelectronics.X-CUBE-TOF1.3.4.2
2024-12-05 18:36:21,287 [WARN] PackLoader:240 - Cannot read IP mode file for STMicroelectronics.X-CUBE-AZRTOS-H7.3.2.0
2024-12-05 18:36:21,297 [WARN] PackLoader:240 - Cannot read IP mode file for Infineon.AIROC-Wi-Fi-Bluetooth-STM32.1.6.0
2024-12-05 18:36:21,301 [WARN] PackLoader:240 - Cannot read IP mode file for wolfSSL.I-CUBE-wolfSSH.1.4.17
2024-12-05 18:36:21,302 [INFO] ThirdParty:978 - Integrity check success = true
2024-12-05 18:36:21,302 [INFO] IntegrityCheckThread:100 - exiting critical section [integrity check]
2024-12-05 18:36:21,302 [INFO] IntegrityCheckThread:103 - End integrity checks thread
2024-12-05 18:36:21,352 [INFO] Mcu:2035 - Initializing MCU STM32F401R(B-C)Tx STM32F401RCTx STM32F401RCT6TR
2024-12-05 18:36:23,083 [INFO] Context:748 - Trying to add GPIOservice into a context  which must be forbidden
2024-12-05 18:36:23,986 [INFO] RtosManager:555 - Registered RTOS mode: class=CMSIS, group=RTOS, mode=CMSIS_V1, owner=FREERTOS
2024-12-05 18:36:23,986 [INFO] RtosManager:555 - Registered RTOS mode: class=CMSIS, group=RTOS2, mode=CMSIS_V2, owner=FREERTOS
2024-12-05 18:36:23,986 [INFO] RtosManager:555 - Registered RTOS mode: class=RTOS, group=Core, mode=CMSIS_V1, owner=FREERTOS
2024-12-05 18:36:23,986 [INFO] RtosManager:555 - Registered RTOS mode: class=RTOS, group=Core, mode=CMSIS_V2, owner=FREERTOS
2024-12-05 18:36:23,987 [WARN] ModelIntegratedComponent:184 - Missing modes for component STMicroelectronics:FreeRTOS:0.0.1:STMicroelectronics:RTOS:FreeRTOS:Core:::10.2.0:
2024-12-05 18:36:23,993 [WARN] ModelIntegratedComponent:63 - No mode defined for component null
2024-12-05 18:36:23,993 [WARN] ModelIntegratedComponent:63 - No mode defined for component null
2024-12-05 18:36:23,993 [WARN] ModelIntegratedComponent:63 - No mode defined for component null
2024-12-05 18:36:23,993 [WARN] ModelIntegratedComponent:63 - No mode defined for component null
2024-12-05 18:36:23,993 [WARN] ModelIntegratedComponent:63 - No mode defined for component null
2024-12-05 18:36:23,994 [WARN] ModelIntegratedComponent:63 - No mode defined for component null
2024-12-05 18:36:23,994 [WARN] ModelIntegratedComponent:63 - No mode defined for component null
2024-12-05 18:36:23,994 [WARN] ModelIntegratedComponent:63 - No mode defined for component null
2024-12-05 18:36:23,994 [WARN] ModelIntegratedComponent:63 - No mode defined for component null
2024-12-05 18:36:23,994 [WARN] ModelIntegratedComponent:63 - No mode defined for component null
2024-12-05 18:36:23,994 [WARN] ModelIntegratedComponent:63 - No mode defined for component null
2024-12-05 18:36:23,994 [WARN] ModelIntegratedComponent:63 - No mode defined for component null
2024-12-05 18:36:23,994 [WARN] ModelIntegratedComponent:63 - No mode defined for component null
2024-12-05 18:36:23,994 [WARN] ModelIntegratedComponent:63 - No mode defined for component null
2024-12-05 18:36:23,994 [WARN] ModelIntegratedComponent:63 - No mode defined for component null
2024-12-05 18:36:23,994 [WARN] ModelIntegratedComponent:63 - No mode defined for component null
2024-12-05 18:36:23,994 [WARN] ModelIntegratedComponent:63 - No mode defined for component null
2024-12-05 18:36:23,995 [WARN] ModelIntegratedComponent:63 - No mode defined for component null
2024-12-05 18:36:23,995 [WARN] ModelIntegratedComponent:63 - No mode defined for component null
2024-12-05 18:36:23,995 [WARN] ModelIntegratedComponent:63 - No mode defined for component null
2024-12-05 18:36:23,995 [WARN] ModelIntegratedComponent:63 - No mode defined for component null
2024-12-05 18:36:23,995 [WARN] ModelIntegratedComponent:63 - No mode defined for component null
2024-12-05 18:36:23,995 [WARN] ModelIntegratedComponent:63 - No mode defined for component null
2024-12-05 18:36:23,995 [WARN] ModelIntegratedComponent:63 - No mode defined for component null
2024-12-05 18:36:23,995 [WARN] ModelIntegratedComponent:63 - No mode defined for component null
2024-12-05 18:36:23,995 [WARN] ModelIntegratedComponent:63 - No mode defined for component null
2024-12-05 18:36:23,995 [WARN] ModelIntegratedComponent:63 - No mode defined for component null
2024-12-05 18:36:23,995 [WARN] ModelIntegratedComponent:63 - No mode defined for component null
2024-12-05 18:36:23,995 [WARN] ModelIntegratedComponent:63 - No mode defined for component null
2024-12-05 18:36:23,996 [WARN] ModelIntegratedComponent:63 - No mode defined for component null
2024-12-05 18:36:23,996 [WARN] ModelIntegratedComponent:63 - No mode defined for component null
2024-12-05 18:36:23,996 [WARN] ModelIntegratedComponent:63 - No mode defined for component null
2024-12-05 18:36:23,996 [WARN] ModelIntegratedComponent:63 - No mode defined for component null
2024-12-05 18:36:23,996 [WARN] ModelIntegratedComponent:63 - No mode defined for component null
2024-12-05 18:36:23,996 [WARN] ModelIntegratedComponent:63 - No mode defined for component null
2024-12-05 18:36:23,996 [WARN] ModelPack:524 - Component already loaded: STMicroelectronics:HAL Drivers:0.0.0:STMicroelectronics:Device:STMicro_Driver:XSPI:HAL::0.0.1:HAL_XSPI
2024-12-05 18:36:24,002 [WARN] ModelIntegratedComponent:182 - Modes not found for component STMicroelectronics:USB_DEVICE:1.0.0:STMicroelectronics:USB::USB Device:Audio HS::1.0:USB_DEVICE_1_0_RESTRICTED_HS
2024-12-05 18:36:24,003 [WARN] ModelIntegratedComponent:188 - Modes not found for component STMicroelectronics:USB_DEVICE:1.0.0:STMicroelectronics:USB::USB Device:Audio HS::1.0:USB_DEVICE_1_0_RESTRICTED_HS
2024-12-05 18:36:24,003 [WARN] ModelIntegratedComponent:182 - Modes not found for component STMicroelectronics:USB_DEVICE:1.0.0:STMicroelectronics:USB::USB Device:CDC HS::1.0:USB_DEVICE_1_0_RESTRICTED_HS
2024-12-05 18:36:24,003 [WARN] ModelIntegratedComponent:188 - Modes not found for component STMicroelectronics:USB_DEVICE:1.0.0:STMicroelectronics:USB::USB Device:CDC HS::1.0:USB_DEVICE_1_0_RESTRICTED_HS
2024-12-05 18:36:24,003 [WARN] ModelIntegratedComponent:182 - Modes not found for component STMicroelectronics:USB_DEVICE:1.0.0:STMicroelectronics:USB::USB Device:DFU HS::1.0:USB_DEVICE_1_0_RESTRICTED_HS
2024-12-05 18:36:24,003 [WARN] ModelIntegratedComponent:188 - Modes not found for component STMicroelectronics:USB_DEVICE:1.0.0:STMicroelectronics:USB::USB Device:DFU HS::1.0:USB_DEVICE_1_0_RESTRICTED_HS
2024-12-05 18:36:24,003 [WARN] ModelIntegratedComponent:182 - Modes not found for component STMicroelectronics:USB_DEVICE:1.0.0:STMicroelectronics:USB::USB Device:HID HS::1.0:USB_DEVICE_1_0_RESTRICTED_HS
2024-12-05 18:36:24,003 [WARN] ModelIntegratedComponent:188 - Modes not found for component STMicroelectronics:USB_DEVICE:1.0.0:STMicroelectronics:USB::USB Device:HID HS::1.0:USB_DEVICE_1_0_RESTRICTED_HS
2024-12-05 18:36:24,003 [WARN] ModelIntegratedComponent:182 - Modes not found for component STMicroelectronics:USB_DEVICE:1.0.0:STMicroelectronics:USB::USB Device:Custom HID HS::1.0:USB_DEVICE_1_0_RESTRICTED_HS
2024-12-05 18:36:24,003 [WARN] ModelIntegratedComponent:188 - Modes not found for component STMicroelectronics:USB_DEVICE:1.0.0:STMicroelectronics:USB::USB Device:Custom HID HS::1.0:USB_DEVICE_1_0_RESTRICTED_HS
2024-12-05 18:36:24,003 [WARN] ModelIntegratedComponent:182 - Modes not found for component STMicroelectronics:USB_DEVICE:1.0.0:STMicroelectronics:USB::USB Device:MSC HS::1.0:USB_DEVICE_1_0_RESTRICTED_HS
2024-12-05 18:36:24,003 [WARN] ModelIntegratedComponent:188 - Modes not found for component STMicroelectronics:USB_DEVICE:1.0.0:STMicroelectronics:USB::USB Device:MSC HS::1.0:USB_DEVICE_1_0_RESTRICTED_HS
2024-12-05 18:36:24,113 [WARN] ModelIntegratedComponent:182 - Modes not found for component STMicroelectronics:USB_HOST:1.0.0:STMicroelectronics:USB::USB Host:Audio HS::1.0:USB_HOST_1_0_RESTRICTED_HS
2024-12-05 18:36:24,113 [WARN] ModelIntegratedComponent:188 - Modes not found for component STMicroelectronics:USB_HOST:1.0.0:STMicroelectronics:USB::USB Host:Audio HS::1.0:USB_HOST_1_0_RESTRICTED_HS
2024-12-05 18:36:24,113 [WARN] ModelIntegratedComponent:182 - Modes not found for component STMicroelectronics:USB_HOST:1.0.0:STMicroelectronics:USB::USB Host:CDC HS::1.0:USB_HOST_1_0_RESTRICTED_HS
2024-12-05 18:36:24,113 [WARN] ModelIntegratedComponent:188 - Modes not found for component STMicroelectronics:USB_HOST:1.0.0:STMicroelectronics:USB::USB Host:CDC HS::1.0:USB_HOST_1_0_RESTRICTED_HS
2024-12-05 18:36:24,113 [WARN] ModelIntegratedComponent:182 - Modes not found for component STMicroelectronics:USB_HOST:1.0.0:STMicroelectronics:USB::USB Host:MSC HS::1.0:USB_HOST_1_0_RESTRICTED_HS
2024-12-05 18:36:24,113 [WARN] ModelIntegratedComponent:188 - Modes not found for component STMicroelectronics:USB_HOST:1.0.0:STMicroelectronics:USB::USB Host:MSC HS::1.0:USB_HOST_1_0_RESTRICTED_HS
2024-12-05 18:36:24,113 [WARN] ModelIntegratedComponent:182 - Modes not found for component STMicroelectronics:USB_HOST:1.0.0:STMicroelectronics:USB::USB Host:HID HS::1.0:USB_HOST_1_0_RESTRICTED_HS
2024-12-05 18:36:24,113 [WARN] ModelIntegratedComponent:188 - Modes not found for component STMicroelectronics:USB_HOST:1.0.0:STMicroelectronics:USB::USB Host:HID HS::1.0:USB_HOST_1_0_RESTRICTED_HS
2024-12-05 18:36:24,113 [WARN] ModelIntegratedComponent:182 - Modes not found for component STMicroelectronics:USB_HOST:1.0.0:STMicroelectronics:USB::USB Host:MTP HS::1.0:USB_HOST_1_0_RESTRICTED_HS
2024-12-05 18:36:24,114 [WARN] ModelIntegratedComponent:188 - Modes not found for component STMicroelectronics:USB_HOST:1.0.0:STMicroelectronics:USB::USB Host:MTP HS::1.0:USB_HOST_1_0_RESTRICTED_HS
2024-12-05 18:36:24,367 [INFO] ThirdPartyModel:298 - Start build external matchings
2024-12-05 18:36:26,400 [INFO] ThirdPartyModel:316 - End build external matchings
2024-12-05 18:36:26,462 [INFO] ImportTextPane:218 - (OptionalMessage_ERROR) IP (RCC) : Parameter (RTCHSEDivFreq_Value) has invalid value (4000000)
2024-12-05 18:36:26,788 [INFO] ApiDb:581 - Connected to CubeFinder SQLite database (/home/cotti/.stmcufinder/plugins/mcufinder/mcu/cube-finder-db.db)
2024-12-05 18:36:26,867 [INFO] ApiDb:668 - CubeFinder database Data Model version=2.1
2024-12-05 18:36:26,867 [INFO] ApiDb:669 - CubeFinder database Configuration version=3.0.39
2024-12-05 18:36:26,868 [INFO] ApiDb:670 - CubeFinder database generation date=2024-11-21 (1732182206)
2024-12-05 18:36:26,868 [INFO] ApiDb:671 - CubeFinder database FW Pack versions=[FP-ATR-ASTRA1_V2.0.0, FP-SNS-FLIGHT1_V5.0.2, FP-SNS-MOTENV1_V5.0.0, FP-SNS-MOTENVWB1_V1.4.0, FP-SNS-SMARTAG2_V1.2.0, FP-SNS-STBOX1_V2.0.0, STM32Cube_FW_C0_V1.3.0, STM32Cube_FW_F4_V1.28.1, STM32Cube_FW_F7_V1.17.2, STM32Cube_FW_G0_V1.6.2, STM32Cube_FW_G4_V1.6.1, STM32Cube_FW_H5_V1.4.0, STM32Cube_FW_H7RS_V1.1.0, STM32Cube_FW_H7_V1.12.0, STM32Cube_FW_L0_V1.12.2, STM32Cube_FW_L4_V1.18.1, STM32Cube_FW_L5_V1.5.1, STM32Cube_FW_N6_V1.0.0, STM32Cube_FW_U0_V1.2.0, STM32Cube_FW_U3_V1.0.0, STM32Cube_FW_U5_V1.7.0, STM32Cube_FW_WB0_V1.1.0, STM32Cube_FW_WBA_V1.5.0, STM32Cube_FW_WB_V1.21.0, STM32Cube_FW_WL3_V1.0.0, STM32Cube_FW_WL_V1.3.0, X-CUBE-ALGOBUILD_V1.4.0, X-CUBE-ALS_V1.0.2, X-CUBE-AZRTOS-F4_V1.1.0, X-CUBE-AZRTOS-F7_V1.1.0, X-CUBE-AZRTOS-G0_V1.1.0, X-CUBE-AZRTOS-G4_V2.0.0, X-CUBE-AZRTOS-H7RS_V1.0.0, X-CUBE-AZRTOS-H7_V3.3.0, X-CUBE-AZRTOS-L4_V2.0.0, X-CUBE-AZRTOS-L5_V2.0.0, X-CUBE-AZRTOS-WB_V2.0.0, X-CUBE-AZRTOS-WL_V2.0.0, X-CUBE-BLE1_V7.0.0, X-CUBE-BLE2_V3.3.0, X-CUBE-BLEMGR_V3.1.0, X-CUBE-EEPRMA1_V5.1.0, X-CUBE-FREERTOS_V1.2.0, X-CUBE-GNSS1_V6.0.0, X-CUBE-MEMS1_V11.0.0, X-CUBE-NFC4_V3.0.0, X-CUBE-NFC7_V1.0.1, X-CUBE-SFXS2LP1_V4.0.0, X-CUBE-SUBG2_V5.0.0, X-CUBE-TOF1_V3.4.2]
2024-12-05 18:36:27,034 [INFO] DbBoardsSqlite:226 - include board P-NUCLEO-WB55-NUCLEO as a kit item of type 'Nucleo-64'
2024-12-05 18:36:27,034 [INFO] DbBoardsSqlite:226 - include board P-NUCLEO-WB55-USBDONGLE as a kit item of type 'Nucleo USB Dongle'
2024-12-05 18:36:27,036 [INFO] DbBoardsSqlite:226 - include board STEVAL-IDP005V1 as a kit item of type 'Evaluation Board'
2024-12-05 18:36:27,036 [INFO] DbBoardsSqlite:226 - include board STEVAL-IDP005V2 as a kit item of type 'Evaluation Board'
2024-12-05 18:36:27,273 [INFO] ApiDb:240 - Found 858 in-development CPN: [B-G473E-ZEST1S, B-WB1M-WPAN1, B-WBA5M-WPAN, B-WL5M-SUBG1, NUCLEO-C031C6, NUCLEO-C051C8, NUCLEO-C071RB, NUCLEO-C092RC, NUCLEO-H503RB, NUCLEO-H533RE, NUCLEO-H563ZI, NUCLEO-H7S3L8, NUCLEO-N657X0-Q, NUCLEO-U031R8, NUCLEO-U083RC, NUCLEO-U385RG-Q, NUCLEO-U545RE-Q, NUCLEO-U5A5ZJ-Q, NUCLEO-WB05KZ, NUCLEO-WB07CC, NUCLEO-WB09KE, NUCLEO-WBA52CG, NUCLEO-WBA55CG, NUCLEO-WL33CC1, NUCLEO-WL33CC2, STEVAL-PROTEUS1, STEVAL-SMARTAG2, STEVAL-STWINBX1, STM320518-EVAL, STM32C0116-DK, STM32C011D6Y3TR, STM32C011D6Y6TR, STM32C011F4P3, STM32C011F4P6, STM32C011F4U3, STM32C011F4U6TR, STM32C011F6P3, STM32C011F6P6, STM32C011F6U3, STM32C011F6U6TR, STM32C011J4M3, STM32C011J4M6, STM32C011J6M3, STM32C011J6M6, STM32C0316-DK, STM32C031C4T3, STM32C031C4T6, STM32C031C4U3, STM32C031C4U6, STM32C031C6T3, STM32C031C6T6, STM32C031C6U3, STM32C031C6U6, STM32C031F4P3, STM32C031F4P6, STM32C031F6P3, STM32C031F6P6, STM32C031G4U3, STM32C031G4U6, STM32C031G6U3, STM32C031G6U6, STM32C031K4T3, STM32C031K4T6, STM32C031K4U3, STM32C031K4U6, STM32C031K6T3, STM32C031K6T6, STM32C031K6U3, STM32C031K6U6, STM32C051C6T6, STM32C051C6U6, STM32C051C8T6, STM32C051C8U6, STM32C051D8Y6TR, STM32C051F6P6, STM32C051F8P6, STM32C051G6U6, STM32C051G8U6, STM32C051K6T6, STM32C051K6U6, STM32C051K8T6, STM32C071C8T6, STM32C071C8T6N, STM32C071C8U6, STM32C071C8U6N, STM32C071CBT6, STM32C071CBT6N, STM32C071CBU6, STM32C071CBU6N, STM32C071F8P6, STM32C071F8P6N, STM32C071FBP6, STM32C071FBP6N, STM32C071FBY6TR, STM32C071G8U6, STM32C071G8U6N, STM32C071GBU6, STM32C071GBU6N, STM32C071K8T6, STM32C071K8T6N, STM32C071K8U6, STM32C071K8U6N, STM32C071KBT6, STM32C071KBT6N, STM32C071KBU6, STM32C071KBU6N, STM32C071R8T6, STM32C071R8T6N, STM32C071RBI6N, STM32C071RBT6, STM32C071RBT6N, STM32C091CBT6, STM32C091CBU6, STM32C091CCT6, STM32C091CCU6, STM32C091ECY6TR, STM32C091FBP6, STM32C091FCP6, STM32C091GBU6, STM32C091GCU6, STM32C091KBT6, STM32C091KBU6, STM32C091KCT6, STM32C091KCU6, STM32C091RBT6, STM32C091RCI6, STM32C091RCT6, STM32C092CBT6, STM32C092CBU6, STM32C092CCT6, STM32C092CCU6, STM32C092ECY6TR, STM32C092FBP6, STM32C092FCP6, STM32C092GBU6, STM32C092GCU6, STM32C092KBT6, STM32C092KBU6, STM32C092KCT6, STM32C092KCU6, STM32C092RBT6, STM32C092RCI6, STM32C092RCT6, STM32G071K8TXN, STM32G071K8UXN, STM32G081GBU6N, STM32G081KBT6N, STM32G081KBUXN, STM32G0B1CCT6N, STM32G0B1KCT6, STM32G0B1NEY6TR, STM32G0B1RCT6N, STM32G0C1CCT6, STM32G0C1CCT6N, STM32G0C1CCU6N, STM32G0C1CET6N, STM32G0C1CEU6N, STM32G0C1KCT6, STM32G0C1NEY6TR, STM32G0C1RCI6N, STM32G0C1RCT6N, STM32G0C1REI6N, STM32G0C1RET6N, STM32G0C1VCI6, STM32G0C1VEI6, STM32G411C6T3, STM32G411C6T6, STM32G411C6U3, STM32G411C6U6, STM32G411C8T3, STM32G411C8T6, STM32G411C8U3, STM32G411C8U6, STM32G411CBT3, STM32G411CBT6, STM32G411CBU3, STM32G411CBU6, STM32G411CCT3, STM32G411CCT6, STM32G411CCU3, STM32G411CCU6, STM32G411K6T3, STM32G411K6T6, STM32G411K6U3, STM32G411K6U6, STM32G411K8T3, STM32G411K8T6, STM32G411K8U3, STM32G411K8U6, STM32G411KBT3, STM32G411KBT6, STM32G411KBU3, STM32G411KBU6, STM32G411M6T3, STM32G411M6T6, STM32G411M8T3, STM32G411M8T6, STM32G411MBT3, STM32G411MBT6, STM32G411MCT3, STM32G411MCT6, STM32G411R6T3, STM32G411R6T6, STM32G411R8T3, STM32G411R8T6, STM32G411RBT3, STM32G411RBT6, STM32G411RCT3, STM32G411RCT6, STM32G414CBT3, STM32G414CBT6, STM32G414CBU3, STM32G414CBU6, STM32G414CCT3, STM32G414CCT6, STM32G414CCU3, STM32G414CCU6, STM32G414MBT3, STM32G414MBT6, STM32G414MCT3, STM32G414MCT6, STM32G414RBT3, STM32G414RBT6, STM32G414RCT3, STM32G414RCT6, STM32G414VBT3, STM32G414VBT6, STM32G414VCT3, STM32G414VCT6, STM32G431CBT3Z, STM32G431RBT3Z, STM32G471CCT6, STM32G471CCU6, STM32G471CET3, STM32G471CET6, STM32G471CEU3, STM32G471CEU6, STM32G471MCT6, STM32G471MET3, STM32G471MET6, STM32G471MEY6TR, STM32G471QCT6, STM32G471QET3, STM32G471RCT6, STM32G471RET3, STM32G471RET6, STM32G471VCH6, STM32G471VCI6, STM32G471VCT6, STM32G471VEH3, STM32G471VEH6, STM32G471VEI3, STM32G471VEI6, STM32G471VET3, STM32G471VET6, STM32G473QET3Z, STM32G473RET3Z, STM32G474CCT6, STM32G491RET3Z, STM32H503CBT6, STM32H503CBU6, STM32H503EBY6TR, STM32H503KBU6, STM32H503RBT6, STM32H523CCT6, STM32H523CCU6, STM32H523CET6, STM32H523CEU6, STM32H523HEY6TR, STM32H523RCT6, STM32H523RET6, STM32H523VCI6, STM32H523VCT6, STM32H523VEI6, STM32H523VET6, STM32H523ZCJ6, STM32H523ZCT6, STM32H523ZEJ6, STM32H523ZET6, STM32H533CET6, STM32H533CEU6, STM32H533HEY6TR, STM32H533RET6, STM32H533VEI6, STM32H533VET6, STM32H533ZEJ6, STM32H533ZET6, STM32H562AGI6, STM32H562AII6, STM32H562IGK6, STM32H562IGT6, STM32H562IIK6, STM32H562IIT6, STM32H562RGT6, STM32H562RGV6, STM32H562RIT6, STM32H562RIV6, STM32H562VGT6, STM32H562VIT6, STM32H562ZGT6, STM32H562ZIT6, STM32H563AGI6, STM32H563AII3Q, STM32H563AII6, STM32H563IGK6, STM32H563IGT6, STM32H563IIK3Q, STM32H563IIK6, STM32H563IIT3Q, STM32H563IIT6, STM32H563MIY3QTR, STM32H563RGT6, STM32H563RGV6, STM32H563RIT6, STM32H563RIV6, STM32H563VGT6, STM32H563VIT3Q, STM32H563VIT6, STM32H563ZGT6, STM32H563ZIT3Q, STM32H563ZIT6, STM32H573AII3Q, STM32H573AII6, STM32H573I-DK, STM32H573IIK3Q, STM32H573IIK6, STM32H573IIT3Q, STM32H573IIT6, STM32H573MIY3QTR, STM32H573RIT6, STM32H573RIV6, STM32H573VIT3Q, STM32H573VIT6, STM32H573ZIT3Q, STM32H573ZIT6, STM32H7R3A8I6, STM32H7R3I8K6, STM32H7R3I8T6, STM32H7R3L8H6, STM32H7R3L8H6H, STM32H7R3R8V6, STM32H7R3V8H6, STM32H7R3V8T6, STM32H7R3V8Y6TR, STM32H7R3Z8J6, STM32H7R3Z8T6, STM32H7R7A8I6, STM32H7R7I8K6, STM32H7R7I8T6, STM32H7R7L8H6, STM32H7R7L8H6H, STM32H7R7Z8J6, STM32H7S3A8I6, STM32H7S3I8K6, STM32H7S3I8T6, STM32H7S3L8H6, STM32H7S3L8H6H, STM32H7S3R8V6, STM32H7S3V8H6, STM32H7S3V8T6, STM32H7S3V8Y6TR, STM32H7S3Z8J6, STM32H7S3Z8T6, STM32H7S78-DK, STM32H7S7A8I6, STM32H7S7I8K6, STM32H7S7I8T6, STM32H7S7L8H6, STM32H7S7L8H6H, STM32H7S7Z8J6, STM32L4R5QGI6STR, STM32MP131AAE3, STM32MP131AAF3, STM32MP131AAG3, STM32MP131CAE3, STM32MP131CAF3, STM32MP131CAG3, STM32MP131DAE7, STM32MP131DAF7, STM32MP131DAG7, STM32MP131FAE7, STM32MP131FAF7, STM32MP131FAG7, STM32MP133AAE3, STM32MP133AAF3, STM32MP133AAG3, STM32MP133CAE3, STM32MP133CAF3, STM32MP133CAG3, STM32MP133DAE7, STM32MP133DAF7, STM32MP133DAG7, STM32MP133FAE7, STM32MP133FAF7, STM32MP133FAG7, STM32MP135AAE3, STM32MP135AAF3, STM32MP135AAG3, STM32MP135CAE3, STM32MP135CAF3, STM32MP135CAG3, STM32MP135DAE7, STM32MP135DAF7, STM32MP135DAG7, STM32MP135F-DK, STM32MP135FAE7, STM32MP135FAF7, STM32MP135FAF7T, STM32MP135FAF7U, STM32MP135FAG7, STM32MP231AAJ3, STM32MP231AAK3, STM32MP231AAL3, STM32MP231CAJ3, STM32MP231CAK3, STM32MP231CAL3, STM32MP231DAJ3, STM32MP231DAK3, STM32MP231DAL3, STM32MP231FAJ3, STM32MP231FAK3, STM32MP231FAL3, STM32MP233AAJ3, STM32MP233AAK3, STM32MP233AAL3, STM32MP233CAJ3, STM32MP233CAK3, STM32MP233CAL3, STM32MP233DAJ3, STM32MP233DAK3, STM32MP233DAL3, STM32MP233FAJ3, STM32MP233FAK3, STM32MP233FAL3, STM32MP235AAJ3, STM32MP235AAK3, STM32MP235AAL3, STM32MP235CAJ3, STM32MP235CAK3, STM32MP235CAL3, STM32MP235DAJ3, STM32MP235DAK3, STM32MP235DAL3, STM32MP235FAJ3, STM32MP235FAK3, STM32MP235FAL3, STM32MP251AAI3, STM32MP251AAJ3, STM32MP251AAK3, STM32MP251AAL3, STM32MP251CAI3, STM32MP251CAJ3, STM32MP251CAK3, STM32MP251CAL3, STM32MP251DAI3, STM32MP251DAJ3, STM32MP251DAK3, STM32MP251DAL3, STM32MP251FAI3, STM32MP251FAJ3, STM32MP251FAK3, STM32MP251FAL3, STM32MP253AAI3, STM32MP253AAJ3, STM32MP253AAK3, STM32MP253AAL3, STM32MP253CAI3, STM32MP253CAJ3, STM32MP253CAK3, STM32MP253CAL3, STM32MP253DAI3, STM32MP253DAJ3, STM32MP253DAK3, STM32MP253DAL3, STM32MP253FAI3, STM32MP253FAJ3, STM32MP253FAK3, STM32MP253FAL3, STM32MP255AAI3, STM32MP255AAJ3, STM32MP255AAK3, STM32MP255AAL3, STM32MP255CAI3, STM32MP255CAJ3, STM32MP255CAK3, STM32MP255CAL3, STM32MP255DAI3, STM32MP255DAJ3, STM32MP255DAK3, STM32MP255DAL3, STM32MP255FAI3, STM32MP255FAJ3, STM32MP255FAK3, STM32MP255FAL3, STM32MP257AAI3, STM32MP257AAJ3, STM32MP257AAK3, STM32MP257AAL3, STM32MP257CAI3, STM32MP257CAJ3, STM32MP257CAK3, STM32MP257CAL3, STM32MP257DAI3, STM32MP257DAJ3, STM32MP257DAK3, STM32MP257DAL3, STM32MP257F-DK, STM32MP257F-EV1, STM32MP257FAI3, STM32MP257FAJ3, STM32MP257FAK3, STM32MP257FAL3, STM32N645A0H3Q, STM32N645B0H3Q, STM32N645I0H3Q, STM32N645L0H3Q, STM32N645X0H3Q, STM32N645Z0H3Q, STM32N647A0H3Q, STM32N647B0H3Q, STM32N647I0H3Q, STM32N647L0H3Q, STM32N647X0H3Q, STM32N647Z0H3Q, STM32N655A0H3Q, STM32N655B0H3Q, STM32N655I0H3Q, STM32N655L0H3Q, STM32N655X0H3Q, STM32N655Z0H3Q, STM32N6570-DK, STM32N657A0H3Q, STM32N657B0H3Q, STM32N657I0H3Q, STM32N657L0H3Q, STM32N657X0H3Q, STM32N657Z0H3Q, STM32U031C6T6, STM32U031C6U6, STM32U031C8T6, STM32U031C8U6, STM32U031F4P6, STM32U031F6P6, STM32U031F8P6, STM32U031G6Y6TR, STM32U031G8Y6TR, STM32U031K4U6, STM32U031K6U6, STM32U031K8U6, STM32U031R6I6, STM32U031R6T6, STM32U031R8I6, STM32U031R8T6, STM32U073C8T6, STM32U073C8U6, STM32U073CBT6, STM32U073CBU6, STM32U073CCT6, STM32U073CCU6, STM32U073H8Y6TR, STM32U073HBY6TR, STM32U073HCY6TR, STM32U073K8U6, STM32U073KBU6, STM32U073KCU6, STM32U073M8I6, STM32U073M8T6, STM32U073MBI6, STM32U073MBT6, STM32U073MCI6, STM32U073MCT6, STM32U073R8I6, STM32U073R8T6, STM32U073RBI6, STM32U073RBT6, STM32U073RCI6, STM32U073RCT6, STM32U083C-DK, STM32U083CCT6, STM32U083CCU6, STM32U083HCY6TR, STM32U083KCU6, STM32U083MCI6, STM32U083MCT6, STM32U083RCI6, STM32U083RCT6, STM32U375CET6, STM32U375CET6Q, STM32U375CEU6, STM32U375CEU6Q, STM32U375CEY6QTR, STM32U375CGT6, STM32U375CGT6Q, STM32U375CGU6, STM32U375CGU6Q, STM32U375CGY6QTR, STM32U375KEU6, STM32U375KGU6, STM32U375REI6, STM32U375REI6Q, STM32U375RET6, STM32U375RET6Q, STM32U375REY6GTR, STM32U375REY6QTR, STM32U375RGI6, STM32U375RGI6Q, STM32U375RGT6, STM32U375RGT6Q, STM32U375RGY6GTR, STM32U375RGY6QTR, STM32U375VEI6, STM32U375VEI6Q, STM32U375VET6, STM32U375VET6Q, STM32U375VGI6, STM32U375VGI6Q, STM32U375VGT6, STM32U375VGT6Q, STM32U385CGT6, STM32U385CGT6Q, STM32U385CGU6, STM32U385CGU6Q, STM32U385CGY6QTR, STM32U385KGU6, STM32U385RGI6, STM32U385RGI6Q, STM32U385RGT6, STM32U385RGT6Q, STM32U385RGY6GTR, STM32U385RGY6QTR, STM32U385VGI6, STM32U385VGI6Q, STM32U385VGT6, STM32U385VGT6Q, STM32U535CBT6, STM32U535CBT6Q, STM32U535CBU6, STM32U535CBU6Q, STM32U535CCT6, STM32U535CCT6Q, STM32U535CCU6, STM32U535CCU6Q, STM32U535CET6, STM32U535CET6Q, STM32U535CEU6, STM32U535CEU6Q, STM32U535JEY6QTR, STM32U535NCY6QTR, STM32U535NEY6QTR, STM32U535RBI6, STM32U535RBI6Q, STM32U535RBT6, STM32U535RBT6Q, STM32U535RCI6, STM32U535RCI6Q, STM32U535RCT6, STM32U535RCT6Q, STM32U535REI6, STM32U535REI6Q, STM32U535RET6, STM32U535RET6Q, STM32U535VCI6, STM32U535VCI6Q, STM32U535VCT6, STM32U535VCT6Q, STM32U535VEI6, STM32U535VEI6Q, STM32U535VET6, STM32U535VET6Q, STM32U545CET6, STM32U545CET6Q, STM32U545CEU6, STM32U545CEU6Q, STM32U545JEY6QTR, STM32U545NEY6QTR, STM32U545REI6, STM32U545REI6Q, STM32U545RET6, STM32U545RET6Q, STM32U545VEI6, STM32U545VEI6Q, STM32U545VET6, STM32U545VET6Q, STM32U595AIH6, STM32U595AIH6Q, STM32U595AJH6, STM32U595AJH6Q, STM32U595QII6, STM32U595QII6Q, STM32U595QJI6, STM32U595QJI6Q, STM32U595RIT6, STM32U595RIT6Q, STM32U595RJT6, STM32U595RJT6Q, STM32U595VIT6, STM32U595VIT6Q, STM32U595VJT6, STM32U595VJT6Q, STM32U595ZIT6, STM32U595ZIT6Q, STM32U595ZIY6QTR, STM32U595ZJT6, STM32U595ZJT6Q, STM32U595ZJY6QTR, STM32U599BJY6QTR, STM32U599NIH6Q, STM32U599NJH6Q, STM32U599VIT6Q, STM32U599VJT6, STM32U599VJT6Q, STM32U599ZIT6Q, STM32U599ZIY6QTR, STM32U599ZJT6Q, STM32U599ZJY6QTR, STM32U5A5AJH6, STM32U5A5AJH6Q, STM32U5A5QII3Q , STM32U5A5QJI6, STM32U5A5QJI6Q, STM32U5A5RJT6, STM32U5A5RJT6Q, STM32U5A5VJT6, STM32U5A5VJT6Q, STM32U5A5ZJT6, STM32U5A5ZJT6Q, STM32U5A5ZJY6QTR, STM32U5A9BJY6QTR, STM32U5A9J-DK, STM32U5A9NJH6Q, STM32U5A9VJT6Q, STM32U5A9ZJT6Q, STM32U5A9ZJY6QTR, STM32U5F7VIT6, STM32U5F7VIT6Q, STM32U5F7VJT6, STM32U5F7VJT6Q, STM32U5F9BJY6QTR, STM32U5F9NJH6Q, STM32U5F9VIT6Q, STM32U5F9VJT6Q, STM32U5F9ZIJ6QTR, STM32U5F9ZIT6Q, STM32U5F9ZJJ6QTR, STM32U5F9ZJT6Q, STM32U5G7VJT6, STM32U5G7VJT6Q, STM32U5G9BJY6QTR, STM32U5G9J-DK1, STM32U5G9J-DK2, STM32U5G9NJH6Q, STM32U5G9VJT6Q, STM32U5G9ZJJ6QTR, STM32U5G9ZJT6Q, STM32WB05KZV6TR, STM32WB05KZV7TR, STM32WB05TZF6TR, STM32WB05TZF7TR, STM32WB06CCF6TR, STM32WB06CCF7TR, STM32WB06CCV6TR, STM32WB06CCV7TR, STM32WB06KCV6TR, STM32WB06KCV7TR, STM32WB07CCF6TR, STM32WB07CCF7TR, STM32WB07CCV6TR, STM32WB07CCV7TR, STM32WB07KCV6TR, STM32WB07KCV7TR, STM32WB09KEV6TR, STM32WB09KEV7TR, STM32WB09TEF6TR, STM32WB09TEF7TR, STM32WB1MMCH6, STM32WBA50KGU6, STM32WBA50KGU6TR, STM32WBA52CEU6, STM32WBA52CEU6TR, STM32WBA52CEU7, STM32WBA52CEU7TR, STM32WBA52CGU6, STM32WBA52CGU6TR, STM32WBA52CGU6U, STM32WBA52CGU7, STM32WBA52CGU7TR, STM32WBA52KEU6, STM32WBA52KEU6TR, STM32WBA52KGU6, STM32WBA52KGU6TR, STM32WBA54CEU6, STM32WBA54CEU6TR, STM32WBA54CEU7, STM32WBA54CEU7TR, STM32WBA54CGU6, STM32WBA54CGU6TR, STM32WBA54CGU7, STM32WBA54CGU7TR, STM32WBA54KEU6, STM32WBA54KEU6TR, STM32WBA54KEU7, STM32WBA54KEU7TR, STM32WBA54KGU6, STM32WBA54KGU6TR, STM32WBA54KGU7, STM32WBA54KGU7TR, STM32WBA55CEU6, STM32WBA55CEU6TR, STM32WBA55CEU7, STM32WBA55CEU7TR, STM32WBA55CGU6, STM32WBA55CGU6TR, STM32WBA55CGU6U, STM32WBA55CGU7, STM32WBA55CGU7TR, STM32WBA55G-DK1, STM32WBA55HEF6, STM32WBA55HEF7, STM32WBA55HGF6, STM32WBA55HGF7, STM32WBA55UEI6, STM32WBA55UEI6TR, STM32WBA55UEI7, STM32WBA55UEI7TR, STM32WBA55UGI6, STM32WBA55UGI6TR, STM32WBA55UGI7, STM32WBA55UGI7TR, STM32WBA5MJGH6TR, STM32WBA5MJGH6U, STM32WL33C8V6, STM32WL33C8V6TR, STM32WL33C8V7, STM32WL33C8V7TR, STM32WL33CBV6, STM32WL33CBV6TR, STM32WL33CBV7, STM32WL33CBV7TR, STM32WL33CCV6, STM32WL33CCV6TR, STM32WL33CCV7, STM32WL33CCV7A, STM32WL33CCV7ATR, STM32WL33CCV7TR, STM32WL33K8V6, STM32WL33K8V6TR, STM32WL33K8V7, STM32WL33K8V7TR, STM32WL33KBV6, STM32WL33KBV6TR, STM32WL33KBV7, STM32WL33KBV7TR, STM32WL33KCV6, STM32WL33KCV6TR, STM32WL33KCV7, STM32WL33KCV7TR, STM32WL5MOCH6, STM32WL5MOCH6TR]
2024-12-05 18:36:27,385 [INFO] BoardInfo:889 - No configuration file found for board P-NUCLEO-WB55
2024-12-05 18:36:27,385 [INFO] DbBoards:161 - Kit is not supported: P-NUCLEO-WB55
2024-12-05 18:36:27,389 [INFO] BoardInfo:889 - No configuration file found for board STEVAL-BFA001V1B
2024-12-05 18:36:27,390 [INFO] DbBoards:161 - Kit is not supported: STEVAL-BFA001V1B
2024-12-05 18:36:27,391 [INFO] BoardInfo:889 - No configuration file found for board STEVAL-BFA001V2B
2024-12-05 18:36:27,391 [INFO] DbBoards:161 - Kit is not supported: STEVAL-BFA001V2B
2024-12-05 18:36:27,538 [INFO] DbBoards:168 - Found 209 boards, 206 are supported
2024-12-05 18:36:27,539 [INFO] DbBoards:169 - Found 209 boards, 42 of them is supported for  Bsp
2024-12-05 18:36:27,543 [INFO] ApiDb:668 - CubeFinder database Data Model version=2.1
2024-12-05 18:36:27,543 [INFO] ApiDb:669 - CubeFinder database Configuration version=3.0.39
2024-12-05 18:36:27,543 [INFO] ApiDb:670 - CubeFinder database generation date=2024-11-21 (1732182206)
2024-12-05 18:36:27,543 [INFO] ApiDb:671 - CubeFinder database FW Pack versions=[FP-ATR-ASTRA1_V2.0.0, FP-SNS-FLIGHT1_V5.0.2, FP-SNS-MOTENV1_V5.0.0, FP-SNS-MOTENVWB1_V1.4.0, FP-SNS-SMARTAG2_V1.2.0, FP-SNS-STBOX1_V2.0.0, STM32Cube_FW_C0_V1.3.0, STM32Cube_FW_F4_V1.28.1, STM32Cube_FW_F7_V1.17.2, STM32Cube_FW_G0_V1.6.2, STM32Cube_FW_G4_V1.6.1, STM32Cube_FW_H5_V1.4.0, STM32Cube_FW_H7RS_V1.1.0, STM32Cube_FW_H7_V1.12.0, STM32Cube_FW_L0_V1.12.2, STM32Cube_FW_L4_V1.18.1, STM32Cube_FW_L5_V1.5.1, STM32Cube_FW_N6_V1.0.0, STM32Cube_FW_U0_V1.2.0, STM32Cube_FW_U3_V1.0.0, STM32Cube_FW_U5_V1.7.0, STM32Cube_FW_WB0_V1.1.0, STM32Cube_FW_WBA_V1.5.0, STM32Cube_FW_WB_V1.21.0, STM32Cube_FW_WL3_V1.0.0, STM32Cube_FW_WL_V1.3.0, X-CUBE-ALGOBUILD_V1.4.0, X-CUBE-ALS_V1.0.2, X-CUBE-AZRTOS-F4_V1.1.0, X-CUBE-AZRTOS-F7_V1.1.0, X-CUBE-AZRTOS-G0_V1.1.0, X-CUBE-AZRTOS-G4_V2.0.0, X-CUBE-AZRTOS-H7RS_V1.0.0, X-CUBE-AZRTOS-H7_V3.3.0, X-CUBE-AZRTOS-L4_V2.0.0, X-CUBE-AZRTOS-L5_V2.0.0, X-CUBE-AZRTOS-WB_V2.0.0, X-CUBE-AZRTOS-WL_V2.0.0, X-CUBE-BLE1_V7.0.0, X-CUBE-BLE2_V3.3.0, X-CUBE-BLEMGR_V3.1.0, X-CUBE-EEPRMA1_V5.1.0, X-CUBE-FREERTOS_V1.2.0, X-CUBE-GNSS1_V6.0.0, X-CUBE-MEMS1_V11.0.0, X-CUBE-NFC4_V3.0.0, X-CUBE-NFC7_V1.0.1, X-CUBE-SFXS2LP1_V4.0.0, X-CUBE-SUBG2_V5.0.0, X-CUBE-TOF1_V3.4.2]
2024-12-05 18:36:30,097 [INFO] ApiDb:240 - Found 858 in-development CPN: [B-G473E-ZEST1S, B-WB1M-WPAN1, B-WBA5M-WPAN, B-WL5M-SUBG1, NUCLEO-C031C6, NUCLEO-C051C8, NUCLEO-C071RB, NUCLEO-C092RC, NUCLEO-H503RB, NUCLEO-H533RE, NUCLEO-H563ZI, NUCLEO-H7S3L8, NUCLEO-N657X0-Q, NUCLEO-U031R8, NUCLEO-U083RC, NUCLEO-U385RG-Q, NUCLEO-U545RE-Q, NUCLEO-U5A5ZJ-Q, NUCLEO-WB05KZ, NUCLEO-WB07CC, NUCLEO-WB09KE, NUCLEO-WBA52CG, NUCLEO-WBA55CG, NUCLEO-WL33CC1, NUCLEO-WL33CC2, STEVAL-PROTEUS1, STEVAL-SMARTAG2, STEVAL-STWINBX1, STM320518-EVAL, STM32C0116-DK, STM32C011D6Y3TR, STM32C011D6Y6TR, STM32C011F4P3, STM32C011F4P6, STM32C011F4U3, STM32C011F4U6TR, STM32C011F6P3, STM32C011F6P6, STM32C011F6U3, STM32C011F6U6TR, STM32C011J4M3, STM32C011J4M6, STM32C011J6M3, STM32C011J6M6, STM32C0316-DK, STM32C031C4T3, STM32C031C4T6, STM32C031C4U3, STM32C031C4U6, STM32C031C6T3, STM32C031C6T6, STM32C031C6U3, STM32C031C6U6, STM32C031F4P3, STM32C031F4P6, STM32C031F6P3, STM32C031F6P6, STM32C031G4U3, STM32C031G4U6, STM32C031G6U3, STM32C031G6U6, STM32C031K4T3, STM32C031K4T6, STM32C031K4U3, STM32C031K4U6, STM32C031K6T3, STM32C031K6T6, STM32C031K6U3, STM32C031K6U6, STM32C051C6T6, STM32C051C6U6, STM32C051C8T6, STM32C051C8U6, STM32C051D8Y6TR, STM32C051F6P6, STM32C051F8P6, STM32C051G6U6, STM32C051G8U6, STM32C051K6T6, STM32C051K6U6, STM32C051K8T6, STM32C071C8T6, STM32C071C8T6N, STM32C071C8U6, STM32C071C8U6N, STM32C071CBT6, STM32C071CBT6N, STM32C071CBU6, STM32C071CBU6N, STM32C071F8P6, STM32C071F8P6N, STM32C071FBP6, STM32C071FBP6N, STM32C071FBY6TR, STM32C071G8U6, STM32C071G8U6N, STM32C071GBU6, STM32C071GBU6N, STM32C071K8T6, STM32C071K8T6N, STM32C071K8U6, STM32C071K8U6N, STM32C071KBT6, STM32C071KBT6N, STM32C071KBU6, STM32C071KBU6N, STM32C071R8T6, STM32C071R8T6N, STM32C071RBI6N, STM32C071RBT6, STM32C071RBT6N, STM32C091CBT6, STM32C091CBU6, STM32C091CCT6, STM32C091CCU6, STM32C091ECY6TR, STM32C091FBP6, STM32C091FCP6, STM32C091GBU6, STM32C091GCU6, STM32C091KBT6, STM32C091KBU6, STM32C091KCT6, STM32C091KCU6, STM32C091RBT6, STM32C091RCI6, STM32C091RCT6, STM32C092CBT6, STM32C092CBU6, STM32C092CCT6, STM32C092CCU6, STM32C092ECY6TR, STM32C092FBP6, STM32C092FCP6, STM32C092GBU6, STM32C092GCU6, STM32C092KBT6, STM32C092KBU6, STM32C092KCT6, STM32C092KCU6, STM32C092RBT6, STM32C092RCI6, STM32C092RCT6, STM32G071K8TXN, STM32G071K8UXN, STM32G081GBU6N, STM32G081KBT6N, STM32G081KBUXN, STM32G0B1CCT6N, STM32G0B1KCT6, STM32G0B1NEY6TR, STM32G0B1RCT6N, STM32G0C1CCT6, STM32G0C1CCT6N, STM32G0C1CCU6N, STM32G0C1CET6N, STM32G0C1CEU6N, STM32G0C1KCT6, STM32G0C1NEY6TR, STM32G0C1RCI6N, STM32G0C1RCT6N, STM32G0C1REI6N, STM32G0C1RET6N, STM32G0C1VCI6, STM32G0C1VEI6, STM32G411C6T3, STM32G411C6T6, STM32G411C6U3, STM32G411C6U6, STM32G411C8T3, STM32G411C8T6, STM32G411C8U3, STM32G411C8U6, STM32G411CBT3, STM32G411CBT6, STM32G411CBU3, STM32G411CBU6, STM32G411CCT3, STM32G411CCT6, STM32G411CCU3, STM32G411CCU6, STM32G411K6T3, STM32G411K6T6, STM32G411K6U3, STM32G411K6U6, STM32G411K8T3, STM32G411K8T6, STM32G411K8U3, STM32G411K8U6, STM32G411KBT3, STM32G411KBT6, STM32G411KBU3, STM32G411KBU6, STM32G411M6T3, STM32G411M6T6, STM32G411M8T3, STM32G411M8T6, STM32G411MBT3, STM32G411MBT6, STM32G411MCT3, STM32G411MCT6, STM32G411R6T3, STM32G411R6T6, STM32G411R8T3, STM32G411R8T6, STM32G411RBT3, STM32G411RBT6, STM32G411RCT3, STM32G411RCT6, STM32G414CBT3, STM32G414CBT6, STM32G414CBU3, STM32G414CBU6, STM32G414CCT3, STM32G414CCT6, STM32G414CCU3, STM32G414CCU6, STM32G414MBT3, STM32G414MBT6, STM32G414MCT3, STM32G414MCT6, STM32G414RBT3, STM32G414RBT6, STM32G414RCT3, STM32G414RCT6, STM32G414VBT3, STM32G414VBT6, STM32G414VCT3, STM32G414VCT6, STM32G431CBT3Z, STM32G431RBT3Z, STM32G471CCT6, STM32G471CCU6, STM32G471CET3, STM32G471CET6, STM32G471CEU3, STM32G471CEU6, STM32G471MCT6, STM32G471MET3, STM32G471MET6, STM32G471MEY6TR, STM32G471QCT6, STM32G471QET3, STM32G471RCT6, STM32G471RET3, STM32G471RET6, STM32G471VCH6, STM32G471VCI6, STM32G471VCT6, STM32G471VEH3, STM32G471VEH6, STM32G471VEI3, STM32G471VEI6, STM32G471VET3, STM32G471VET6, STM32G473QET3Z, STM32G473RET3Z, STM32G474CCT6, STM32G491RET3Z, STM32H503CBT6, STM32H503CBU6, STM32H503EBY6TR, STM32H503KBU6, STM32H503RBT6, STM32H523CCT6, STM32H523CCU6, STM32H523CET6, STM32H523CEU6, STM32H523HEY6TR, STM32H523RCT6, STM32H523RET6, STM32H523VCI6, STM32H523VCT6, STM32H523VEI6, STM32H523VET6, STM32H523ZCJ6, STM32H523ZCT6, STM32H523ZEJ6, STM32H523ZET6, STM32H533CET6, STM32H533CEU6, STM32H533HEY6TR, STM32H533RET6, STM32H533VEI6, STM32H533VET6, STM32H533ZEJ6, STM32H533ZET6, STM32H562AGI6, STM32H562AII6, STM32H562IGK6, STM32H562IGT6, STM32H562IIK6, STM32H562IIT6, STM32H562RGT6, STM32H562RGV6, STM32H562RIT6, STM32H562RIV6, STM32H562VGT6, STM32H562VIT6, STM32H562ZGT6, STM32H562ZIT6, STM32H563AGI6, STM32H563AII3Q, STM32H563AII6, STM32H563IGK6, STM32H563IGT6, STM32H563IIK3Q, STM32H563IIK6, STM32H563IIT3Q, STM32H563IIT6, STM32H563MIY3QTR, STM32H563RGT6, STM32H563RGV6, STM32H563RIT6, STM32H563RIV6, STM32H563VGT6, STM32H563VIT3Q, STM32H563VIT6, STM32H563ZGT6, STM32H563ZIT3Q, STM32H563ZIT6, STM32H573AII3Q, STM32H573AII6, STM32H573I-DK, STM32H573IIK3Q, STM32H573IIK6, STM32H573IIT3Q, STM32H573IIT6, STM32H573MIY3QTR, STM32H573RIT6, STM32H573RIV6, STM32H573VIT3Q, STM32H573VIT6, STM32H573ZIT3Q, STM32H573ZIT6, STM32H7R3A8I6, STM32H7R3I8K6, STM32H7R3I8T6, STM32H7R3L8H6, STM32H7R3L8H6H, STM32H7R3R8V6, STM32H7R3V8H6, STM32H7R3V8T6, STM32H7R3V8Y6TR, STM32H7R3Z8J6, STM32H7R3Z8T6, STM32H7R7A8I6, STM32H7R7I8K6, STM32H7R7I8T6, STM32H7R7L8H6, STM32H7R7L8H6H, STM32H7R7Z8J6, STM32H7S3A8I6, STM32H7S3I8K6, STM32H7S3I8T6, STM32H7S3L8H6, STM32H7S3L8H6H, STM32H7S3R8V6, STM32H7S3V8H6, STM32H7S3V8T6, STM32H7S3V8Y6TR, STM32H7S3Z8J6, STM32H7S3Z8T6, STM32H7S78-DK, STM32H7S7A8I6, STM32H7S7I8K6, STM32H7S7I8T6, STM32H7S7L8H6, STM32H7S7L8H6H, STM32H7S7Z8J6, STM32L4R5QGI6STR, STM32MP131AAE3, STM32MP131AAF3, STM32MP131AAG3, STM32MP131CAE3, STM32MP131CAF3, STM32MP131CAG3, STM32MP131DAE7, STM32MP131DAF7, STM32MP131DAG7, STM32MP131FAE7, STM32MP131FAF7, STM32MP131FAG7, STM32MP133AAE3, STM32MP133AAF3, STM32MP133AAG3, STM32MP133CAE3, STM32MP133CAF3, STM32MP133CAG3, STM32MP133DAE7, STM32MP133DAF7, STM32MP133DAG7, STM32MP133FAE7, STM32MP133FAF7, STM32MP133FAG7, STM32MP135AAE3, STM32MP135AAF3, STM32MP135AAG3, STM32MP135CAE3, STM32MP135CAF3, STM32MP135CAG3, STM32MP135DAE7, STM32MP135DAF7, STM32MP135DAG7, STM32MP135F-DK, STM32MP135FAE7, STM32MP135FAF7, STM32MP135FAF7T, STM32MP135FAF7U, STM32MP135FAG7, STM32MP231AAJ3, STM32MP231AAK3, STM32MP231AAL3, STM32MP231CAJ3, STM32MP231CAK3, STM32MP231CAL3, STM32MP231DAJ3, STM32MP231DAK3, STM32MP231DAL3, STM32MP231FAJ3, STM32MP231FAK3, STM32MP231FAL3, STM32MP233AAJ3, STM32MP233AAK3, STM32MP233AAL3, STM32MP233CAJ3, STM32MP233CAK3, STM32MP233CAL3, STM32MP233DAJ3, STM32MP233DAK3, STM32MP233DAL3, STM32MP233FAJ3, STM32MP233FAK3, STM32MP233FAL3, STM32MP235AAJ3, STM32MP235AAK3, STM32MP235AAL3, STM32MP235CAJ3, STM32MP235CAK3, STM32MP235CAL3, STM32MP235DAJ3, STM32MP235DAK3, STM32MP235DAL3, STM32MP235FAJ3, STM32MP235FAK3, STM32MP235FAL3, STM32MP251AAI3, STM32MP251AAJ3, STM32MP251AAK3, STM32MP251AAL3, STM32MP251CAI3, STM32MP251CAJ3, STM32MP251CAK3, STM32MP251CAL3, STM32MP251DAI3, STM32MP251DAJ3, STM32MP251DAK3, STM32MP251DAL3, STM32MP251FAI3, STM32MP251FAJ3, STM32MP251FAK3, STM32MP251FAL3, STM32MP253AAI3, STM32MP253AAJ3, STM32MP253AAK3, STM32MP253AAL3, STM32MP253CAI3, STM32MP253CAJ3, STM32MP253CAK3, STM32MP253CAL3, STM32MP253DAI3, STM32MP253DAJ3, STM32MP253DAK3, STM32MP253DAL3, STM32MP253FAI3, STM32MP253FAJ3, STM32MP253FAK3, STM32MP253FAL3, STM32MP255AAI3, STM32MP255AAJ3, STM32MP255AAK3, STM32MP255AAL3, STM32MP255CAI3, STM32MP255CAJ3, STM32MP255CAK3, STM32MP255CAL3, STM32MP255DAI3, STM32MP255DAJ3, STM32MP255DAK3, STM32MP255DAL3, STM32MP255FAI3, STM32MP255FAJ3, STM32MP255FAK3, STM32MP255FAL3, STM32MP257AAI3, STM32MP257AAJ3, STM32MP257AAK3, STM32MP257AAL3, STM32MP257CAI3, STM32MP257CAJ3, STM32MP257CAK3, STM32MP257CAL3, STM32MP257DAI3, STM32MP257DAJ3, STM32MP257DAK3, STM32MP257DAL3, STM32MP257F-DK, STM32MP257F-EV1, STM32MP257FAI3, STM32MP257FAJ3, STM32MP257FAK3, STM32MP257FAL3, STM32N645A0H3Q, STM32N645B0H3Q, STM32N645I0H3Q, STM32N645L0H3Q, STM32N645X0H3Q, STM32N645Z0H3Q, STM32N647A0H3Q, STM32N647B0H3Q, STM32N647I0H3Q, STM32N647L0H3Q, STM32N647X0H3Q, STM32N647Z0H3Q, STM32N655A0H3Q, STM32N655B0H3Q, STM32N655I0H3Q, STM32N655L0H3Q, STM32N655X0H3Q, STM32N655Z0H3Q, STM32N6570-DK, STM32N657A0H3Q, STM32N657B0H3Q, STM32N657I0H3Q, STM32N657L0H3Q, STM32N657X0H3Q, STM32N657Z0H3Q, STM32U031C6T6, STM32U031C6U6, STM32U031C8T6, STM32U031C8U6, STM32U031F4P6, STM32U031F6P6, STM32U031F8P6, STM32U031G6Y6TR, STM32U031G8Y6TR, STM32U031K4U6, STM32U031K6U6, STM32U031K8U6, STM32U031R6I6, STM32U031R6T6, STM32U031R8I6, STM32U031R8T6, STM32U073C8T6, STM32U073C8U6, STM32U073CBT6, STM32U073CBU6, STM32U073CCT6, STM32U073CCU6, STM32U073H8Y6TR, STM32U073HBY6TR, STM32U073HCY6TR, STM32U073K8U6, STM32U073KBU6, STM32U073KCU6, STM32U073M8I6, STM32U073M8T6, STM32U073MBI6, STM32U073MBT6, STM32U073MCI6, STM32U073MCT6, STM32U073R8I6, STM32U073R8T6, STM32U073RBI6, STM32U073RBT6, STM32U073RCI6, STM32U073RCT6, STM32U083C-DK, STM32U083CCT6, STM32U083CCU6, STM32U083HCY6TR, STM32U083KCU6, STM32U083MCI6, STM32U083MCT6, STM32U083RCI6, STM32U083RCT6, STM32U375CET6, STM32U375CET6Q, STM32U375CEU6, STM32U375CEU6Q, STM32U375CEY6QTR, STM32U375CGT6, STM32U375CGT6Q, STM32U375CGU6, STM32U375CGU6Q, STM32U375CGY6QTR, STM32U375KEU6, STM32U375KGU6, STM32U375REI6, STM32U375REI6Q, STM32U375RET6, STM32U375RET6Q, STM32U375REY6GTR, STM32U375REY6QTR, STM32U375RGI6, STM32U375RGI6Q, STM32U375RGT6, STM32U375RGT6Q, STM32U375RGY6GTR, STM32U375RGY6QTR, STM32U375VEI6, STM32U375VEI6Q, STM32U375VET6, STM32U375VET6Q, STM32U375VGI6, STM32U375VGI6Q, STM32U375VGT6, STM32U375VGT6Q, STM32U385CGT6, STM32U385CGT6Q, STM32U385CGU6, STM32U385CGU6Q, STM32U385CGY6QTR, STM32U385KGU6, STM32U385RGI6, STM32U385RGI6Q, STM32U385RGT6, STM32U385RGT6Q, STM32U385RGY6GTR, STM32U385RGY6QTR, STM32U385VGI6, STM32U385VGI6Q, STM32U385VGT6, STM32U385VGT6Q, STM32U535CBT6, STM32U535CBT6Q, STM32U535CBU6, STM32U535CBU6Q, STM32U535CCT6, STM32U535CCT6Q, STM32U535CCU6, STM32U535CCU6Q, STM32U535CET6, STM32U535CET6Q, STM32U535CEU6, STM32U535CEU6Q, STM32U535JEY6QTR, STM32U535NCY6QTR, STM32U535NEY6QTR, STM32U535RBI6, STM32U535RBI6Q, STM32U535RBT6, STM32U535RBT6Q, STM32U535RCI6, STM32U535RCI6Q, STM32U535RCT6, STM32U535RCT6Q, STM32U535REI6, STM32U535REI6Q, STM32U535RET6, STM32U535RET6Q, STM32U535VCI6, STM32U535VCI6Q, STM32U535VCT6, STM32U535VCT6Q, STM32U535VEI6, STM32U535VEI6Q, STM32U535VET6, STM32U535VET6Q, STM32U545CET6, STM32U545CET6Q, STM32U545CEU6, STM32U545CEU6Q, STM32U545JEY6QTR, STM32U545NEY6QTR, STM32U545REI6, STM32U545REI6Q, STM32U545RET6, STM32U545RET6Q, STM32U545VEI6, STM32U545VEI6Q, STM32U545VET6, STM32U545VET6Q, STM32U595AIH6, STM32U595AIH6Q, STM32U595AJH6, STM32U595AJH6Q, STM32U595QII6, STM32U595QII6Q, STM32U595QJI6, STM32U595QJI6Q, STM32U595RIT6, STM32U595RIT6Q, STM32U595RJT6, STM32U595RJT6Q, STM32U595VIT6, STM32U595VIT6Q, STM32U595VJT6, STM32U595VJT6Q, STM32U595ZIT6, STM32U595ZIT6Q, STM32U595ZIY6QTR, STM32U595ZJT6, STM32U595ZJT6Q, STM32U595ZJY6QTR, STM32U599BJY6QTR, STM32U599NIH6Q, STM32U599NJH6Q, STM32U599VIT6Q, STM32U599VJT6, STM32U599VJT6Q, STM32U599ZIT6Q, STM32U599ZIY6QTR, STM32U599ZJT6Q, STM32U599ZJY6QTR, STM32U5A5AJH6, STM32U5A5AJH6Q, STM32U5A5QII3Q , STM32U5A5QJI6, STM32U5A5QJI6Q, STM32U5A5RJT6, STM32U5A5RJT6Q, STM32U5A5VJT6, STM32U5A5VJT6Q, STM32U5A5ZJT6, STM32U5A5ZJT6Q, STM32U5A5ZJY6QTR, STM32U5A9BJY6QTR, STM32U5A9J-DK, STM32U5A9NJH6Q, STM32U5A9VJT6Q, STM32U5A9ZJT6Q, STM32U5A9ZJY6QTR, STM32U5F7VIT6, STM32U5F7VIT6Q, STM32U5F7VJT6, STM32U5F7VJT6Q, STM32U5F9BJY6QTR, STM32U5F9NJH6Q, STM32U5F9VIT6Q, STM32U5F9VJT6Q, STM32U5F9ZIJ6QTR, STM32U5F9ZIT6Q, STM32U5F9ZJJ6QTR, STM32U5F9ZJT6Q, STM32U5G7VJT6, STM32U5G7VJT6Q, STM32U5G9BJY6QTR, STM32U5G9J-DK1, STM32U5G9J-DK2, STM32U5G9NJH6Q, STM32U5G9VJT6Q, STM32U5G9ZJJ6QTR, STM32U5G9ZJT6Q, STM32WB05KZV6TR, STM32WB05KZV7TR, STM32WB05TZF6TR, STM32WB05TZF7TR, STM32WB06CCF6TR, STM32WB06CCF7TR, STM32WB06CCV6TR, STM32WB06CCV7TR, STM32WB06KCV6TR, STM32WB06KCV7TR, STM32WB07CCF6TR, STM32WB07CCF7TR, STM32WB07CCV6TR, STM32WB07CCV7TR, STM32WB07KCV6TR, STM32WB07KCV7TR, STM32WB09KEV6TR, STM32WB09KEV7TR, STM32WB09TEF6TR, STM32WB09TEF7TR, STM32WB1MMCH6, STM32WBA50KGU6, STM32WBA50KGU6TR, STM32WBA52CEU6, STM32WBA52CEU6TR, STM32WBA52CEU7, STM32WBA52CEU7TR, STM32WBA52CGU6, STM32WBA52CGU6TR, STM32WBA52CGU6U, STM32WBA52CGU7, STM32WBA52CGU7TR, STM32WBA52KEU6, STM32WBA52KEU6TR, STM32WBA52KGU6, STM32WBA52KGU6TR, STM32WBA54CEU6, STM32WBA54CEU6TR, STM32WBA54CEU7, STM32WBA54CEU7TR, STM32WBA54CGU6, STM32WBA54CGU6TR, STM32WBA54CGU7, STM32WBA54CGU7TR, STM32WBA54KEU6, STM32WBA54KEU6TR, STM32WBA54KEU7, STM32WBA54KEU7TR, STM32WBA54KGU6, STM32WBA54KGU6TR, STM32WBA54KGU7, STM32WBA54KGU7TR, STM32WBA55CEU6, STM32WBA55CEU6TR, STM32WBA55CEU7, STM32WBA55CEU7TR, STM32WBA55CGU6, STM32WBA55CGU6TR, STM32WBA55CGU6U, STM32WBA55CGU7, STM32WBA55CGU7TR, STM32WBA55G-DK1, STM32WBA55HEF6, STM32WBA55HEF7, STM32WBA55HGF6, STM32WBA55HGF7, STM32WBA55UEI6, STM32WBA55UEI6TR, STM32WBA55UEI7, STM32WBA55UEI7TR, STM32WBA55UGI6, STM32WBA55UGI6TR, STM32WBA55UGI7, STM32WBA55UGI7TR, STM32WBA5MJGH6TR, STM32WBA5MJGH6U, STM32WL33C8V6, STM32WL33C8V6TR, STM32WL33C8V7, STM32WL33C8V7TR, STM32WL33CBV6, STM32WL33CBV6TR, STM32WL33CBV7, STM32WL33CBV7TR, STM32WL33CCV6, STM32WL33CCV6TR, STM32WL33CCV7, STM32WL33CCV7A, STM32WL33CCV7ATR, STM32WL33CCV7TR, STM32WL33K8V6, STM32WL33K8V6TR, STM32WL33K8V7, STM32WL33K8V7TR, STM32WL33KBV6, STM32WL33KBV6TR, STM32WL33KBV7, STM32WL33KBV7TR, STM32WL33KCV6, STM32WL33KCV6TR, STM32WL33KCV7, STM32WL33KCV7TR, STM32WL5MOCH6, STM32WL5MOCH6TR]
2024-12-05 18:36:30,101 [INFO] DbMcus:218 - Found 4542 MCUs, 4542 are supported
2024-12-05 18:36:30,102 [INFO] ApiDb:423 - Load user favorites file /home/cotti/.stm32cubeide/favorites.mcus.txt: 0 item(s)
2024-12-05 18:36:30,102 [INFO] ApiDb:427 - User favorites MCUs=[]
2024-12-05 18:36:30,103 [INFO] DbMcus:224 - Set 0 / 0 favorites MCUs
2024-12-05 18:36:30,816 [INFO] ApiDb:423 - Load user favorites file /home/cotti/.stm32cubeide/favorites.boards.txt: 0 item(s)
2024-12-05 18:36:30,816 [INFO] ApiDb:427 - User favorites Boards=[]
2024-12-05 18:36:30,816 [INFO] DbBoards:198 - Set 0 / 0 favorites Boards
2024-12-05 18:36:30,882 [INFO] UtilMem:75 - End LoadConfig() Used Memory: 346063528 Bytes (476053504)
2024-12-05 18:36:31,124 [WARN] ThirdParty:833 - waiting for thirdparty lock release [change project]
2024-12-05 18:36:31,125 [INFO] ThirdParty:835 - entering critical section [change project]
2024-12-05 18:36:31,125 [INFO] ThirdParty:1030 - CMSIS Pack Vendor :STMicroelectronics USBPD 4.1
2024-12-05 18:36:31,125 [INFO] ThirdParty:1030 - CMSIS Pack Vendor :STMicroelectronics X-CUBE-GNSS1 6.0.0
2024-12-05 18:36:31,125 [INFO] ThirdParty:1030 - CMSIS Pack Vendor :STMicroelectronics USB_HOST 2.0.0
2024-12-05 18:36:31,125 [INFO] ThirdParty:1030 - CMSIS Pack Vendor :STMicroelectronics FP-SNS-MOTENVWB1 1.4.0
2024-12-05 18:36:31,125 [INFO] ThirdParty:1030 - CMSIS Pack Vendor :STMicroelectronics X-CUBE-AZRTOS-F4 1.1.0
2024-12-05 18:36:31,125 [INFO] ThirdParty:1030 - CMSIS Pack Vendor :STMicroelectronics LIBJPEG 8.0.0
2024-12-05 18:36:31,125 [INFO] ThirdParty:1030 - CMSIS Pack Vendor :STMicroelectronics FP-ATR-ASTRA1 2.0.1
2024-12-05 18:36:31,125 [INFO] ThirdParty:1030 - CMSIS Pack Vendor :STMicroelectronics X-CUBE-SMBUS 2.1.0
2024-12-05 18:36:31,125 [INFO] ThirdParty:1030 - CMSIS Pack Vendor :STMicroelectronics X-CUBE-WB05N 1.1.0
2024-12-05 18:36:31,125 [INFO] ThirdParty:1030 - CMSIS Pack Vendor :STMicroelectronics X-CUBE-ISPU 2.1.0
2024-12-05 18:36:31,125 [INFO] ThirdParty:1030 - CMSIS Pack Vendor :STMicroelectronics X-CUBE-FREERTOS 1.2.0
2024-12-05 18:36:31,125 [INFO] ThirdParty:1030 - CMSIS Pack Vendor :STMicroelectronics X-CUBE-AZRTOS-F7 1.1.0
2024-12-05 18:36:31,126 [INFO] ThirdParty:1030 - CMSIS Pack Vendor :STMicroelectronics X-CUBE-AZRTOS-L5 2.0.0
2024-12-05 18:36:31,126 [INFO] ThirdParty:1030 - CMSIS Pack Vendor :STMicroelectronics USB_DEVICE 2.0.0
2024-12-05 18:36:31,126 [INFO] ThirdParty:1030 - CMSIS Pack Vendor :STMicroelectronics X-CUBE-NFC6 3.1.0
2024-12-05 18:36:31,126 [INFO] ThirdParty:1030 - CMSIS Pack Vendor :STMicroelectronics X-CUBE-MEMS1 11.0.0
2024-12-05 18:36:31,126 [INFO] ThirdParty:1030 - CMSIS Pack Vendor :STMicroelectronics X-CUBE-BLE1 6.2.4
2024-12-05 18:36:31,126 [INFO] ThirdParty:1030 - CMSIS Pack Vendor :STMicroelectronics FreeRTOS 0.0.1
2024-12-05 18:36:31,126 [INFO] ThirdParty:1030 - CMSIS Pack Vendor :emotas I-CUBE-CANOPEN 1.1.3
2024-12-05 18:36:31,126 [INFO] ThirdParty:1030 - CMSIS Pack Vendor :STMicroelectronics X-CUBE-DPower 1.2.0
2024-12-05 18:36:31,126 [INFO] ThirdParty:1030 - CMSIS Pack Vendor :STMicroelectronics FP-SNS-FLIGHT1 5.0.2
2024-12-05 18:36:31,126 [INFO] ThirdParty:1030 - CMSIS Pack Vendor :STMicroelectronics X-CUBE-NFC4 2.0.5
2024-12-05 18:36:31,126 [INFO] ThirdParty:1030 - CMSIS Pack Vendor :STMicroelectronics X-CUBE-AI 9.0.0
2024-12-05 18:36:31,126 [INFO] ThirdParty:1030 - CMSIS Pack Vendor :STMicroelectronics PDM2PCM 3.3.0
2024-12-05 18:36:31,126 [INFO] ThirdParty:1030 - CMSIS Pack Vendor :STMicroelectronics X-CUBE-DISPLAY 3.0.0
2024-12-05 18:36:31,126 [INFO] ThirdParty:1030 - CMSIS Pack Vendor :STMicroelectronics X-CUBE-BLE1 7.0.0
2024-12-05 18:36:31,127 [INFO] ThirdParty:1030 - CMSIS Pack Vendor :STMicroelectronics X-CUBE-NFC10 1.0.0
2024-12-05 18:36:31,127 [INFO] ThirdParty:1030 - CMSIS Pack Vendor :wolfSSL I-CUBE-wolfSSL 5.5.4
2024-12-05 18:36:31,127 [INFO] ThirdParty:1030 - CMSIS Pack Vendor :STMicroelectronics HAL Drivers 0.0.0
2024-12-05 18:36:31,127 [INFO] ThirdParty:1030 - CMSIS Pack Vendor :STMicroelectronics X-CUBE-NFC7 1.0.1
2024-12-05 18:36:31,127 [INFO] ThirdParty:1030 - CMSIS Pack Vendor :STMicroelectronics MBEDTLS 2.14.1
2024-12-05 18:36:31,127 [INFO] ThirdParty:1030 - CMSIS Pack Vendor :STMicroelectronics X-CUBE-NFC7 1.0.0
2024-12-05 18:36:31,127 [INFO] ThirdParty:1030 - CMSIS Pack Vendor :wolfSSL I-CUBE-wolfTPM 3.2.0
2024-12-05 18:36:31,127 [INFO] ThirdParty:1030 - CMSIS Pack Vendor :STMicroelectronics X-CUBE-EEPRMA1 4.1.0
2024-12-05 18:36:31,127 [INFO] ThirdParty:1030 - CMSIS Pack Vendor :STMicroelectronics X-CUBE-BLEMGR 3.1.0
2024-12-05 18:36:31,127 [INFO] ThirdParty:1030 - CMSIS Pack Vendor :STMicroelectronics FP-SNS-SMARTAG2 1.2.0
2024-12-05 18:36:31,127 [INFO] ThirdParty:1030 - CMSIS Pack Vendor :STMicroelectronics X-CUBE-AZRTOS-WL 2.0.0
2024-12-05 18:36:31,127 [INFO] ThirdParty:1030 - CMSIS Pack Vendor :STMicroelectronics FP-SNS-MOTENV1 5.0.0
2024-12-05 18:36:31,127 [INFO] ThirdParty:1030 - CMSIS Pack Vendor :STMicroelectronics USB_DEVICE 1.0.0
2024-12-05 18:36:31,127 [INFO] ThirdParty:1030 - CMSIS Pack Vendor :wolfSSL I-CUBE-wolfMQTT 1.19.0
2024-12-05 18:36:31,127 [INFO] ThirdParty:1030 - CMSIS Pack Vendor :STMicroelectronics X-CUBE-AZRTOS-L4 2.0.0
2024-12-05 18:36:31,127 [INFO] ThirdParty:1030 - CMSIS Pack Vendor :STMicroelectronics ThreadX 0.0.2
2024-12-05 18:36:31,128 [INFO] ThirdParty:1030 - CMSIS Pack Vendor :WES I-CUBE-Cesium 1.3.0
2024-12-05 18:36:31,128 [INFO] ThirdParty:1030 - CMSIS Pack Vendor :STMicroelectronics lwIP 2.1.2
2024-12-05 18:36:31,128 [INFO] ThirdParty:1030 - CMSIS Pack Vendor :STMicroelectronics X-CUBE-SFXS2LP1 4.0.0
2024-12-05 18:36:31,128 [INFO] ThirdParty:1030 - CMSIS Pack Vendor :STMicroelectronics X-CUBE-BLE2 3.3.0
2024-12-05 18:36:31,128 [INFO] ThirdParty:1030 - CMSIS Pack Vendor :STMicroelectronics X-CUBE-DISPLAY 2.2.0
2024-12-05 18:36:31,128 [INFO] ThirdParty:1030 - CMSIS Pack Vendor :STMicroelectronics X-CUBE-TOF1 3.2.0
2024-12-05 18:36:31,128 [INFO] ThirdParty:1030 - CMSIS Pack Vendor :STMicroelectronics PDM2PCM 3.2.0
2024-12-05 18:36:31,128 [INFO] ThirdParty:1030 - CMSIS Pack Vendor :STMicroelectronics X-CUBE-AZRTOS-H7 3.0.0
2024-12-05 18:36:31,128 [INFO] ThirdParty:1030 - CMSIS Pack Vendor :STMicroelectronics X-CUBE-ISPU 1.1.0
2024-12-05 18:36:31,129 [INFO] ThirdParty:1030 - CMSIS Pack Vendor :STMicroelectronics X-CUBE-AZRTOS-H7 3.3.0
2024-12-05 18:36:31,129 [INFO] ThirdParty:1030 - CMSIS Pack Vendor :RoweBots I-CUBE-UNISONRTOS 5.5.0-4
2024-12-05 18:36:31,129 [INFO] ThirdParty:1030 - CMSIS Pack Vendor :STMicroelectronics X-CUBE-NFC9 1.0.0
2024-12-05 18:36:31,129 [INFO] ThirdParty:1030 - CMSIS Pack Vendor :STMicroelectronics USB_DEVICE 3.0.0
2024-12-05 18:36:31,129 [INFO] ThirdParty:1030 - CMSIS Pack Vendor :STMicroelectronics X-CUBE-TCPP 4.1.0
2024-12-05 18:36:31,129 [INFO] ThirdParty:1030 - CMSIS Pack Vendor :STMicroelectronics X-CUBE-AI 8.0.0
2024-12-05 18:36:31,129 [INFO] ThirdParty:1030 - CMSIS Pack Vendor :STMicroelectronics X-CUBE-IPS 3.0.0
2024-12-05 18:36:31,129 [INFO] ThirdParty:1030 - CMSIS Pack Vendor :STMicroelectronics X-CUBE-AZRTOS-WB 2.0.0
2024-12-05 18:36:31,129 [INFO] ThirdParty:1030 - CMSIS Pack Vendor :STMicroelectronics X-CUBE-TOUCHGFX 4.21.1
2024-12-05 18:36:31,129 [INFO] ThirdParty:1030 - CMSIS Pack Vendor :STMicroelectronics X-CUBE-GNSS1 7.0.0
2024-12-05 18:36:31,129 [INFO] ThirdParty:1030 - CMSIS Pack Vendor :STMicroelectronics X-CUBE-TOUCHGFX 4.21.0
2024-12-05 18:36:31,129 [INFO] ThirdParty:1030 - CMSIS Pack Vendor :STMicroelectronics X-CUBE-MEMS1 9.4.0
2024-12-05 18:36:31,129 [INFO] ThirdParty:1030 - CMSIS Pack Vendor :STMicroelectronics X-CUBE-AI 7.3.0
2024-12-05 18:36:31,130 [INFO] ThirdParty:1030 - CMSIS Pack Vendor :STMicroelectronics FP-SNS-STBOX1 2.0.0
2024-12-05 18:36:31,130 [INFO] ThirdParty:1030 - CMSIS Pack Vendor :STMicroelectronics X-CUBE-ALGOBUILD 1.3.0
2024-12-05 18:36:31,130 [INFO] ThirdParty:1030 - CMSIS Pack Vendor :STMicroelectronics X-CUBE-AZRTOS-L5 1.1.0
2024-12-05 18:36:31,130 [INFO] ThirdParty:1030 - CMSIS Pack Vendor :STMicroelectronics X-CUBE-AZRTOS-G0 1.1.0
2024-12-05 18:36:31,130 [INFO] ThirdParty:1030 - CMSIS Pack Vendor :STMicroelectronics X-CUBE-SAFEA1 1.2.2
2024-12-05 18:36:31,130 [INFO] ThirdParty:1030 - CMSIS Pack Vendor :STMicroelectronics X-CUBE-NFC4 3.0.0
2024-12-05 18:36:31,130 [INFO] ThirdParty:1030 - CMSIS Pack Vendor :STMicroelectronics X-CUBE-SUBG2 5.0.0
2024-12-05 18:36:31,130 [INFO] ThirdParty:1030 - CMSIS Pack Vendor :STMicroelectronics STM32_WPAN 1.0.0
2024-12-05 18:36:31,130 [INFO] ThirdParty:1030 - CMSIS Pack Vendor :EmbeddedOffice I-CUBE-FS-RTOS 1.0.1
2024-12-05 18:36:31,130 [INFO] ThirdParty:1030 - CMSIS Pack Vendor :STMicroelectronics lwIP 2.0.3
2024-12-05 18:36:31,130 [INFO] ThirdParty:1030 - CMSIS Pack Vendor :Cesanta I-CUBE-Mongoose 7.13.0
2024-12-05 18:36:31,130 [INFO] ThirdParty:1030 - CMSIS Pack Vendor :STMicroelectronics USB_HOST 1.0.0
2024-12-05 18:36:31,130 [INFO] ThirdParty:1030 - CMSIS Pack Vendor :STMicroelectronics X-CUBE-AZRTOS-G4 2.0.0
2024-12-05 18:36:31,131 [INFO] ThirdParty:1030 - CMSIS Pack Vendor :STMicroelectronics PDM2PCM 3.1.0
2024-12-05 18:36:31,131 [INFO] ThirdParty:1030 - CMSIS Pack Vendor :STMicroelectronics FP-ATR-ASTRA1 1.1.1
2024-12-05 18:36:31,131 [INFO] ThirdParty:1030 - CMSIS Pack Vendor :STMicroelectronics X-CUBE-BLEMGR 1.3.0
2024-12-05 18:36:31,131 [INFO] ThirdParty:1030 - CMSIS Pack Vendor :RealThread X-CUBE-RT-Thread_Nano 4.1.1
2024-12-05 18:36:31,131 [INFO] ThirdParty:1030 - CMSIS Pack Vendor :STMicroelectronics FP-ATR-SIGFOX1 3.2.0
2024-12-05 18:36:31,131 [INFO] ThirdParty:1030 - CMSIS Pack Vendor :STMicroelectronics X-CUBE-AZRTOS-G4 1.0.0
2024-12-05 18:36:31,131 [INFO] ThirdParty:1030 - CMSIS Pack Vendor :STMicroelectronics X-CUBE-AZRTOS-L4 1.0.0
2024-12-05 18:36:31,131 [INFO] ThirdParty:1030 - CMSIS Pack Vendor :quantropi X-CUBE-qispace-sdk-base 1.9.3
2024-12-05 18:36:31,131 [INFO] ThirdParty:1030 - CMSIS Pack Vendor :STMicroelectronics X-CUBE-ISPU 2.0.0
2024-12-05 18:36:31,131 [INFO] ThirdParty:1030 - CMSIS Pack Vendor :STMicroelectronics X-CUBE-EEPRMA1 5.1.0
2024-12-05 18:36:31,131 [INFO] ThirdParty:1030 - CMSIS Pack Vendor :STMicroelectronics MBEDTLS 2.16.2
2024-12-05 18:36:31,131 [INFO] ThirdParty:1030 - CMSIS Pack Vendor :STMicroelectronics X-CUBE-ALS 1.0.2
2024-12-05 18:36:31,132 [INFO] ThirdParty:1030 - CMSIS Pack Vendor :STMicroelectronics X-CUBE-MEMS1 10.0.0
2024-12-05 18:36:31,132 [INFO] ThirdParty:1030 - CMSIS Pack Vendor :STMicroelectronics X-CUBE-TOUCHGFX 4.24.0
2024-12-05 18:36:31,132 [INFO] ThirdParty:1030 - CMSIS Pack Vendor :ITTIA_DB I-CUBE-ITTIADB 8.9.0
2024-12-05 18:36:31,132 [INFO] ThirdParty:1030 - CMSIS Pack Vendor :STMicroelectronics X-CUBE-AZRTOS-WL 1.0.0
2024-12-05 18:36:31,132 [INFO] ThirdParty:1030 - CMSIS Pack Vendor :STMicroelectronics X-CUBE-TOUCHGFX 4.24.1
2024-12-05 18:36:31,132 [INFO] ThirdParty:1030 - CMSIS Pack Vendor :portGmbH I-Cube-SoM-uGOAL 1.1.0
2024-12-05 18:36:31,132 [INFO] ThirdParty:1030 - CMSIS Pack Vendor :STMicroelectronics X-CUBE-ALS 1.0.1
2024-12-05 18:36:31,132 [INFO] ThirdParty:1030 - CMSIS Pack Vendor :STMicroelectronics X-CUBE-MEMS1 9.5.0
2024-12-05 18:36:31,132 [INFO] ThirdParty:1030 - CMSIS Pack Vendor :STMicroelectronics ThreadX 1.0.0
2024-12-05 18:36:31,132 [INFO] ThirdParty:1030 - CMSIS Pack Vendor :STMicroelectronics X-CUBE-AZRTOS-WB 1.1.0
2024-12-05 18:36:31,132 [INFO] ThirdParty:1030 - CMSIS Pack Vendor :SEGGER I-CUBE-embOS 1.3.1
2024-12-05 18:36:31,132 [INFO] ThirdParty:1030 - CMSIS Pack Vendor :STMicroelectronics X-CUBE-ALGOBUILD 1.4.0
2024-12-05 18:36:31,132 [INFO] ThirdParty:1030 - CMSIS Pack Vendor :SEGGER I-CUBE-embOS 1.3.0
2024-12-05 18:36:31,132 [INFO] ThirdParty:1030 - CMSIS Pack Vendor :STMicroelectronics X-CUBE-AZRTOS-H7RS 1.0.0
2024-12-05 18:36:31,133 [INFO] ThirdParty:1030 - CMSIS Pack Vendor :STMicroelectronics FP-ATR-ASTRA1 2.0.0
2024-12-05 18:36:31,133 [INFO] ThirdParty:1030 - CMSIS Pack Vendor :STMicroelectronics X-CUBE-TOF1 3.4.2
2024-12-05 18:36:31,133 [INFO] ThirdParty:1030 - CMSIS Pack Vendor :STMicroelectronics X-CUBE-AI 9.1.0
2024-12-05 18:36:31,133 [INFO] ThirdParty:1030 - CMSIS Pack Vendor :STMicroelectronics X-CUBE-AZRTOS-H7 3.2.0
2024-12-05 18:36:31,133 [INFO] ThirdParty:1030 - CMSIS Pack Vendor :Infineon AIROC-Wi-Fi-Bluetooth-STM32 1.6.0
2024-12-05 18:36:31,133 [INFO] ThirdParty:1030 - CMSIS Pack Vendor :wolfSSL I-CUBE-wolfSSH 1.4.17
2024-12-05 18:36:31,133 [INFO] ThirdParty:841 - exiting critical section [change project]
2024-12-05 18:36:31,770 [INFO] PinOutPanel:1589 - setPackage(No Configuration,No Configuration)
2024-12-05 18:36:31,773 [INFO] PinOutPanel:1589 - setPackage(STM32F401RCTx,LQFP64)
2024-12-05 18:36:32,537 [INFO] UtilMem:75 - Before build in PCC Used Memory: 283641856 Bytes (476053504)
2024-12-05 18:36:33,644 [INFO] UtilMem:75 - After build in PCC Used Memory: 416284672 Bytes (476053504)
2024-12-05 18:36:33,734 [INFO] IPUIPlugin:80 - create IPUIPlugin
2024-12-05 18:36:33,734 [INFO] IPUIPlugin:80 - create IPUIPlugin
2024-12-05 18:36:33,736 [INFO] IPUIPlugin:80 - create IPUIPlugin
2024-12-05 18:36:33,736 [INFO] IPUIPlugin:80 - create IPUIPlugin
2024-12-05 18:36:33,736 [INFO] IPUIPlugin:80 - create IPUIPlugin
2024-12-05 18:36:33,737 [INFO] IPUIPlugin:80 - create IPUIPlugin
2024-12-05 18:36:33,737 [INFO] IPUIPlugin:80 - create IPUIPlugin
2024-12-05 18:36:33,737 [INFO] IPUIPlugin:80 - create IPUIPlugin
2024-12-05 18:36:33,737 [INFO] IPUIPlugin:80 - create IPUIPlugin
2024-12-05 18:36:33,737 [INFO] IPUIPlugin:80 - create IPUIPlugin
2024-12-05 18:36:33,737 [INFO] IPUIPlugin:80 - create IPUIPlugin
2024-12-05 18:36:33,739 [INFO] IPUIPlugin:80 - create IPUIPlugin
2024-12-05 18:36:33,739 [INFO] IPUIPlugin:80 - create IPUIPlugin
2024-12-05 18:36:33,739 [INFO] IPUIPlugin:80 - create IPUIPlugin
2024-12-05 18:36:33,739 [INFO] IPUIPlugin:80 - create IPUIPlugin
2024-12-05 18:36:33,740 [INFO] IPUIPlugin:80 - create IPUIPlugin
2024-12-05 18:36:33,740 [INFO] IPUIPlugin:80 - create IPUIPlugin
2024-12-05 18:36:33,740 [INFO] IPUIPlugin:80 - create IPUIPlugin
2024-12-05 18:36:33,741 [INFO] IPUIPlugin:80 - create IPUIPlugin
2024-12-05 18:36:33,741 [INFO] IPUIPlugin:80 - create IPUIPlugin
2024-12-05 18:36:33,741 [INFO] IPUIPlugin:80 - create IPUIPlugin
2024-12-05 18:36:33,741 [INFO] IPUIPlugin:80 - create IPUIPlugin
2024-12-05 18:36:33,742 [INFO] IPUIPlugin:80 - create IPUIPlugin
2024-12-05 18:36:33,742 [INFO] IPUIPlugin:80 - create IPUIPlugin
2024-12-05 18:36:33,742 [INFO] IPUIPlugin:80 - create IPUIPlugin
2024-12-05 18:36:33,742 [INFO] IPUIPlugin:80 - create IPUIPlugin
2024-12-05 18:36:33,742 [INFO] IPUIPlugin:80 - create IPUIPlugin
2024-12-05 18:36:33,742 [INFO] IPUIPlugin:80 - create IPUIPlugin
2024-12-05 18:36:33,742 [INFO] IPUIPlugin:80 - create IPUIPlugin
2024-12-05 18:36:33,743 [INFO] IPUIPlugin:80 - create IPUIPlugin
2024-12-05 18:36:33,743 [INFO] IPUIPlugin:80 - create IPUIPlugin
2024-12-05 18:36:33,743 [INFO] IPUIPlugin:80 - create IPUIPlugin
2024-12-05 18:36:33,743 [INFO] IPUIPlugin:80 - create IPUIPlugin
2024-12-05 18:36:33,743 [INFO] IPUIPlugin:80 - create IPUIPlugin
2024-12-05 18:36:33,743 [INFO] IPUIPlugin:80 - create IPUIPlugin
2024-12-05 18:36:33,744 [INFO] IPUIPlugin:80 - create IPUIPlugin
2024-12-05 18:36:33,744 [INFO] IPUIPlugin:80 - create IPUIPlugin
2024-12-05 18:36:33,744 [INFO] IPUIPlugin:80 - create IPUIPlugin
2024-12-05 18:36:33,784 [INFO] ApiDbMcu:508 - Load IP Config File for PDM2PCM
2024-12-05 18:36:34,052 [INFO] CADModel:165 - CPN selected for project levelSTM32F401RCT6TR
2024-12-05 18:36:34,052 [INFO] CADModel:114 - Register for checkConnection events
2024-12-05 18:36:34,097 [INFO] OpenFileManager:363 - Restore cursor
2024-12-05 18:37:00,057 [INFO] Gpio:277 - dependency for GPIO [RCC, SPI3, SYS]
2024-12-05 18:38:22,504 [ERROR] ConfigurationRetriever:142 - IOException on connection: Connect timed out
2024-12-05 18:38:24,507 [ERROR] ConfigurationRetriever:142 - IOException on connection: Connect timed out
2024-12-05 18:38:26,509 [ERROR] ConfigurationRetriever:142 - IOException on connection: Connect timed out
2024-12-05 18:38:28,531 [ERROR] ConfigurationRetriever:142 - IOException on connection: Connect timed out
2024-12-05 18:38:30,534 [ERROR] ConfigurationRetriever:142 - IOException on connection: Connect timed out
2024-12-05 18:38:32,536 [ERROR] ConfigurationRetriever:142 - IOException on connection: Connect timed out
2024-12-05 18:44:10,105 [INFO] RetryExec:97 - I/O exception (java.net.SocketException) caught when processing request to {s}->https://sw-center.st.com:443: Network is unreachable
2024-12-05 18:44:10,106 [INFO] RetryExec:113 - Retrying request to {s}->https://sw-center.st.com:443
2024-12-05 18:44:12,109 [INFO] RetryExec:97 - I/O exception (java.net.SocketException) caught when processing request to {s}->https://sw-center.st.com:443: Network is unreachable
2024-12-05 18:44:12,109 [INFO] RetryExec:113 - Retrying request to {s}->https://sw-center.st.com:443
2024-12-05 18:44:14,114 [INFO] RetryExec:97 - I/O exception (java.net.SocketException) caught when processing request to {s}->https://sw-center.st.com:443: Network is unreachable
2024-12-05 18:44:14,114 [INFO] RetryExec:113 - Retrying request to {s}->https://sw-center.st.com:443
2024-12-05 18:44:16,118 [INFO] MainUpdater:2872 - connection check result : 22
2024-12-05 18:44:18,123 [INFO] RetryExec:97 - I/O exception (java.net.SocketException) caught when processing request to {s}->https://sw-center.st.com:443: Network is unreachable
2024-12-05 18:44:18,124 [INFO] RetryExec:113 - Retrying request to {s}->https://sw-center.st.com:443
2024-12-05 18:44:20,126 [INFO] RetryExec:97 - I/O exception (java.net.SocketException) caught when processing request to {s}->https://sw-center.st.com:443: Network is unreachable
2024-12-05 18:44:20,127 [INFO] RetryExec:113 - Retrying request to {s}->https://sw-center.st.com:443
2024-12-05 18:44:22,129 [INFO] RetryExec:97 - I/O exception (java.net.SocketException) caught when processing request to {s}->https://sw-center.st.com:443: Network is unreachable
2024-12-05 18:44:22,130 [INFO] RetryExec:113 - Retrying request to {s}->https://sw-center.st.com:443
2024-12-05 18:44:24,132 [INFO] MainUpdater:2872 - connection check result : 22
2024-12-05 18:44:29,984 [INFO] MicroXplorer:468 - Change Database Path : 
2024-12-05 18:44:29,984 [INFO] MicroXplorer:498 - Change Database Version : DB.6.0.130
2024-12-05 18:44:30,010 [ERROR] ProjectManagerView:394 - 
java.lang.NullPointerException: Cannot invoke "javax.swing.JTextField.getText()" because the return value of "java.util.List.get(int)" is null
	at com.st.microxplorer.plugins.projectmanager.gui.ProjectChoiceTab$9.caretUpdate(ProjectChoiceTab.java:2616) ~[filemanager.jar:?]
	at javax.swing.text.JTextComponent.fireCaretUpdate(JTextComponent.java:408) ~[?:?]
	at javax.swing.text.JTextComponent$MutableCaretEvent.fire(JTextComponent.java:4484) ~[?:?]
	at javax.swing.text.JTextComponent$MutableCaretEvent.stateChanged(JTextComponent.java:4506) ~[?:?]
	at javax.swing.text.DefaultCaret.fireStateChanged(DefaultCaret.java:857) ~[?:?]
	at javax.swing.text.DefaultCaret.changeCaretPosition(DefaultCaret.java:1343) ~[?:?]
	at javax.swing.text.DefaultCaret.handleSetDot(DefaultCaret.java:1242) ~[?:?]
	at javax.swing.text.DefaultCaret.setDot(DefaultCaret.java:1223) ~[?:?]
	at javax.swing.text.DefaultCaret$Handler.insertUpdate(DefaultCaret.java:1819) ~[?:?]
	at javax.swing.text.AbstractDocument.fireInsertUpdate(AbstractDocument.java:227) ~[?:?]
	at javax.swing.text.AbstractDocument.handleInsertString(AbstractDocument.java:781) ~[?:?]
	at javax.swing.text.AbstractDocument.insertString(AbstractDocument.java:740) ~[?:?]
	at javax.swing.text.PlainDocument.insertString(PlainDocument.java:131) ~[?:?]
	at javax.swing.text.AbstractDocument.replace(AbstractDocument.java:699) ~[?:?]
	at javax.swing.text.JTextComponent.setText(JTextComponent.java:1725) ~[?:?]
	at com.st.microxplorer.plugins.projectmanager.gui.ProjectChoiceTab.createHeapStackFields(ProjectChoiceTab.java:975) ~[filemanager.jar:?]
	at com.st.microxplorer.plugins.projectmanager.gui.ProjectChoiceTab.buildLinkSettingsPanel(ProjectChoiceTab.java:3666) ~[filemanager.jar:?]
	at com.st.microxplorer.plugins.projectmanager.gui.ProjectChoiceTab.defineWindowsFields(ProjectChoiceTab.java:1934) ~[filemanager.jar:?]
	at com.st.microxplorer.plugins.projectmanager.gui.ProjectChoiceTab.updateSettings(ProjectChoiceTab.java:553) ~[filemanager.jar:?]
	at com.st.microxplorer.plugins.projectmanager.gui.ProjectSettingsPanel.UpdateDialog(ProjectSettingsPanel.java:245) ~[filemanager.jar:?]
	at com.st.microxplorer.plugins.projectmanager.ProjectManagerView.propertyChange(ProjectManagerView.java:391) ~[filemanager.jar:?]
	at java.beans.PropertyChangeSupport.fire(PropertyChangeSupport.java:343) ~[?:?]
	at java.beans.PropertyChangeSupport.firePropertyChange(PropertyChangeSupport.java:335) ~[?:?]
	at java.beans.PropertyChangeSupport.firePropertyChange(PropertyChangeSupport.java:268) ~[?:?]
	at com.st.microxplorer.util.MXPropertyChangeSupport.firePropertyChange(MXPropertyChangeSupport.java:54) ~[STM32CubeMX.jar:?]
	at com.st.microxplorer.mxsystem.MxSystem.closeConfig(MxSystem.java:899) ~[STM32CubeMX.jar:?]
	at com.st.microxplorer.maingui.MainPanel.closeConfig(MainPanel.java:789) ~[STM32CubeMX.jar:?]
	at com.st.microxplorer.plugins.filemanager.engine.OpenFileManager.loadConfigurationFile(OpenFileManager.java:265) ~[filemanager.jar:?]
	at com.st.microxplorer.plugins.filemanager.engine.MainFileManager.userLoadConfig(MainFileManager.java:340) ~[filemanager.jar:?]
	at com.st.microxplorer.plugins.filemanager.engine.MainFileManager.userLoadConfig(MainFileManager.java:318) ~[filemanager.jar:?]
	at com.st.microxplorer.plugins.filemanager.FileManagerView.getSpecificTask(FileManagerView.java:246) ~[filemanager.jar:?]
	at com.st.stm32cube.common.mx.editor.CubeMxEditor.getMxTabbedPaneInstance(CubeMxEditor.java:1198) ~[com.st.stm32cube.common.mx_6.13.0.202411220809/:?]
	at com.st.stm32cube.common.mx.editor.CubeMxEditor$12$1.createSwingComponent(CubeMxEditor.java:1068) ~[com.st.stm32cube.common.mx_6.13.0.202411220809/:?]
	at com.st.stm32cube.common.mx.oss.core.awtswtbridge.EmbeddedSwingComposite.doComponentCreation(EmbeddedSwingComposite.java:492) ~[com.st.stm32cube.common.mx.oss_6.13.0.202411220809/:?]
	at com.st.stm32cube.common.mx.oss.core.awtswtbridge.EmbeddedSwingComposite$4.run(EmbeddedSwingComposite.java:291) ~[com.st.stm32cube.common.mx.oss_6.13.0.202411220809/:?]
	at com.st.stm32cube.common.mx.oss.core.awtswtbridge.AwtEnvironment$2.run(AwtEnvironment.java:166) ~[com.st.stm32cube.common.mx.oss_6.13.0.202411220809/:?]
	at java.awt.event.InvocationEvent.dispatch(InvocationEvent.java:318) ~[?:?]
	at java.awt.EventQueue.dispatchEventImpl(EventQueue.java:773) ~[?:?]
	at java.awt.EventQueue$4.run(EventQueue.java:720) ~[?:?]
	at java.awt.EventQueue$4.run(EventQueue.java:714) ~[?:?]
	at java.security.AccessController.doPrivileged(AccessController.java:400) ~[?:?]
	at java.security.ProtectionDomain$JavaSecurityAccessImpl.doIntersectionPrivilege(ProtectionDomain.java:87) ~[?:?]
	at java.awt.EventQueue.dispatchEvent(EventQueue.java:742) ~[?:?]
	at java.awt.EventDispatchThread.pumpOneEventForFilters(EventDispatchThread.java:203) ~[?:?]
	at java.awt.EventDispatchThread.pumpEventsForFilter(EventDispatchThread.java:124) ~[?:?]
	at java.awt.EventDispatchThread.pumpEventsForHierarchy(EventDispatchThread.java:113) ~[?:?]
	at java.awt.EventDispatchThread.pumpEvents(EventDispatchThread.java:109) ~[?:?]
	at java.awt.EventDispatchThread.pumpEvents(EventDispatchThread.java:101) ~[?:?]
	at java.awt.EventDispatchThread.run(EventDispatchThread.java:90) ~[?:?]
2024-12-05 18:44:30,018 [WARN] ThirdParty:871 - waiting for thirdparty lock release [close project]
2024-12-05 18:44:30,019 [INFO] ThirdParty:873 - entering critical section [close project]
2024-12-05 18:44:30,019 [INFO] ThirdParty:883 - exiting critical section [close project]
2024-12-05 18:44:30,021 [INFO] PinOutPanel:1589 - setPackage(No Configuration,No Configuration)
2024-12-05 18:44:30,048 [WARN] IpParametersView:154 - Warning: This peripheral hasn't parameters
2024-12-05 18:44:30,076 [WARN] MainPanel:289 - <html><b><center>Warning: This peripheral has no parameters to be configured<br></b></html>
2024-12-05 18:44:30,081 [ERROR] MainPanel:599 - java.lang.IndexOutOfBoundsException: Index: 0, Tab count: 0
2024-12-05 18:44:30,094 [INFO] UtilMem:75 - Begin LoadConfig() Used Memory: 344292000 Bytes (608174080)
2024-12-05 18:44:30,100 [INFO] MicroXplorer:468 - Change Database Path : /home/cotti/.stm32cubemx/databases/DB.6.0.120/db/
2024-12-05 18:44:30,100 [INFO] MicroXplorer:498 - Change Database Version : DB.6.0.120
2024-12-05 18:44:31,661 [INFO] OpenFileManager:332 - Change cursor
2024-12-05 18:44:31,671 [INFO] Mcu:2035 - Initializing MCU STM32F401R(B-C)Tx STM32F401RCTx STM32F401RCT6TR
2024-12-05 18:44:33,060 [INFO] Context:748 - Trying to add GPIOservice into a context  which must be forbidden
2024-12-05 18:44:33,802 [INFO] RtosManager:555 - Registered RTOS mode: class=CMSIS, group=RTOS, mode=CMSIS_V1, owner=FREERTOS
2024-12-05 18:44:33,803 [INFO] RtosManager:555 - Registered RTOS mode: class=CMSIS, group=RTOS2, mode=CMSIS_V2, owner=FREERTOS
2024-12-05 18:44:33,803 [INFO] RtosManager:555 - Registered RTOS mode: class=RTOS, group=Core, mode=CMSIS_V1, owner=FREERTOS
2024-12-05 18:44:33,803 [INFO] RtosManager:555 - Registered RTOS mode: class=RTOS, group=Core, mode=CMSIS_V2, owner=FREERTOS
2024-12-05 18:44:33,803 [WARN] ModelIntegratedComponent:184 - Missing modes for component STMicroelectronics:FreeRTOS:0.0.1:STMicroelectronics:RTOS:FreeRTOS:Core:::10.2.0:
2024-12-05 18:44:33,807 [WARN] ModelIntegratedComponent:63 - No mode defined for component null
2024-12-05 18:44:33,808 [WARN] ModelIntegratedComponent:63 - No mode defined for component null
2024-12-05 18:44:33,808 [WARN] ModelIntegratedComponent:63 - No mode defined for component null
2024-12-05 18:44:33,808 [WARN] ModelIntegratedComponent:63 - No mode defined for component null
2024-12-05 18:44:33,808 [WARN] ModelIntegratedComponent:63 - No mode defined for component null
2024-12-05 18:44:33,808 [WARN] ModelIntegratedComponent:63 - No mode defined for component null
2024-12-05 18:44:33,808 [WARN] ModelIntegratedComponent:63 - No mode defined for component null
2024-12-05 18:44:33,808 [WARN] ModelIntegratedComponent:63 - No mode defined for component null
2024-12-05 18:44:33,808 [WARN] ModelIntegratedComponent:63 - No mode defined for component null
2024-12-05 18:44:33,808 [WARN] ModelIntegratedComponent:63 - No mode defined for component null
2024-12-05 18:44:33,808 [WARN] ModelIntegratedComponent:63 - No mode defined for component null
2024-12-05 18:44:33,808 [WARN] ModelIntegratedComponent:63 - No mode defined for component null
2024-12-05 18:44:33,808 [WARN] ModelIntegratedComponent:63 - No mode defined for component null
2024-12-05 18:44:33,808 [WARN] ModelIntegratedComponent:63 - No mode defined for component null
2024-12-05 18:44:33,808 [WARN] ModelIntegratedComponent:63 - No mode defined for component null
2024-12-05 18:44:33,808 [WARN] ModelIntegratedComponent:63 - No mode defined for component null
2024-12-05 18:44:33,809 [WARN] ModelIntegratedComponent:63 - No mode defined for component null
2024-12-05 18:44:33,809 [WARN] ModelIntegratedComponent:63 - No mode defined for component null
2024-12-05 18:44:33,809 [WARN] ModelIntegratedComponent:63 - No mode defined for component null
2024-12-05 18:44:33,809 [WARN] ModelIntegratedComponent:63 - No mode defined for component null
2024-12-05 18:44:33,809 [WARN] ModelIntegratedComponent:63 - No mode defined for component null
2024-12-05 18:44:33,809 [WARN] ModelIntegratedComponent:63 - No mode defined for component null
2024-12-05 18:44:33,809 [WARN] ModelIntegratedComponent:63 - No mode defined for component null
2024-12-05 18:44:33,809 [WARN] ModelIntegratedComponent:63 - No mode defined for component null
2024-12-05 18:44:33,809 [WARN] ModelIntegratedComponent:63 - No mode defined for component null
2024-12-05 18:44:33,809 [WARN] ModelIntegratedComponent:63 - No mode defined for component null
2024-12-05 18:44:33,810 [WARN] ModelIntegratedComponent:63 - No mode defined for component null
2024-12-05 18:44:33,810 [WARN] ModelIntegratedComponent:63 - No mode defined for component null
2024-12-05 18:44:33,810 [WARN] ModelIntegratedComponent:63 - No mode defined for component null
2024-12-05 18:44:33,810 [WARN] ModelIntegratedComponent:63 - No mode defined for component null
2024-12-05 18:44:33,810 [WARN] ModelIntegratedComponent:63 - No mode defined for component null
2024-12-05 18:44:33,810 [WARN] ModelIntegratedComponent:63 - No mode defined for component null
2024-12-05 18:44:33,810 [WARN] ModelIntegratedComponent:63 - No mode defined for component null
2024-12-05 18:44:33,810 [WARN] ModelIntegratedComponent:63 - No mode defined for component null
2024-12-05 18:44:33,810 [WARN] ModelIntegratedComponent:63 - No mode defined for component null
2024-12-05 18:44:33,810 [WARN] ModelPack:524 - Component already loaded: STMicroelectronics:HAL Drivers:0.0.0:STMicroelectronics:Device:STMicro_Driver:XSPI:HAL::0.0.1:HAL_XSPI
2024-12-05 18:44:33,815 [WARN] ModelIntegratedComponent:182 - Modes not found for component STMicroelectronics:USB_DEVICE:1.0.0:STMicroelectronics:USB::USB Device:Audio HS::1.0:USB_DEVICE_1_0_RESTRICTED_HS
2024-12-05 18:44:33,815 [WARN] ModelIntegratedComponent:188 - Modes not found for component STMicroelectronics:USB_DEVICE:1.0.0:STMicroelectronics:USB::USB Device:Audio HS::1.0:USB_DEVICE_1_0_RESTRICTED_HS
2024-12-05 18:44:33,815 [WARN] ModelIntegratedComponent:182 - Modes not found for component STMicroelectronics:USB_DEVICE:1.0.0:STMicroelectronics:USB::USB Device:CDC HS::1.0:USB_DEVICE_1_0_RESTRICTED_HS
2024-12-05 18:44:33,815 [WARN] ModelIntegratedComponent:188 - Modes not found for component STMicroelectronics:USB_DEVICE:1.0.0:STMicroelectronics:USB::USB Device:CDC HS::1.0:USB_DEVICE_1_0_RESTRICTED_HS
2024-12-05 18:44:33,815 [WARN] ModelIntegratedComponent:182 - Modes not found for component STMicroelectronics:USB_DEVICE:1.0.0:STMicroelectronics:USB::USB Device:DFU HS::1.0:USB_DEVICE_1_0_RESTRICTED_HS
2024-12-05 18:44:33,816 [WARN] ModelIntegratedComponent:188 - Modes not found for component STMicroelectronics:USB_DEVICE:1.0.0:STMicroelectronics:USB::USB Device:DFU HS::1.0:USB_DEVICE_1_0_RESTRICTED_HS
2024-12-05 18:44:33,816 [WARN] ModelIntegratedComponent:182 - Modes not found for component STMicroelectronics:USB_DEVICE:1.0.0:STMicroelectronics:USB::USB Device:HID HS::1.0:USB_DEVICE_1_0_RESTRICTED_HS
2024-12-05 18:44:33,816 [WARN] ModelIntegratedComponent:188 - Modes not found for component STMicroelectronics:USB_DEVICE:1.0.0:STMicroelectronics:USB::USB Device:HID HS::1.0:USB_DEVICE_1_0_RESTRICTED_HS
2024-12-05 18:44:33,816 [WARN] ModelIntegratedComponent:182 - Modes not found for component STMicroelectronics:USB_DEVICE:1.0.0:STMicroelectronics:USB::USB Device:Custom HID HS::1.0:USB_DEVICE_1_0_RESTRICTED_HS
2024-12-05 18:44:33,816 [WARN] ModelIntegratedComponent:188 - Modes not found for component STMicroelectronics:USB_DEVICE:1.0.0:STMicroelectronics:USB::USB Device:Custom HID HS::1.0:USB_DEVICE_1_0_RESTRICTED_HS
2024-12-05 18:44:33,816 [WARN] ModelIntegratedComponent:182 - Modes not found for component STMicroelectronics:USB_DEVICE:1.0.0:STMicroelectronics:USB::USB Device:MSC HS::1.0:USB_DEVICE_1_0_RESTRICTED_HS
2024-12-05 18:44:33,816 [WARN] ModelIntegratedComponent:188 - Modes not found for component STMicroelectronics:USB_DEVICE:1.0.0:STMicroelectronics:USB::USB Device:MSC HS::1.0:USB_DEVICE_1_0_RESTRICTED_HS
2024-12-05 18:44:33,904 [WARN] ModelIntegratedComponent:182 - Modes not found for component STMicroelectronics:USB_HOST:1.0.0:STMicroelectronics:USB::USB Host:Audio HS::1.0:USB_HOST_1_0_RESTRICTED_HS
2024-12-05 18:44:33,904 [WARN] ModelIntegratedComponent:188 - Modes not found for component STMicroelectronics:USB_HOST:1.0.0:STMicroelectronics:USB::USB Host:Audio HS::1.0:USB_HOST_1_0_RESTRICTED_HS
2024-12-05 18:44:33,905 [WARN] ModelIntegratedComponent:182 - Modes not found for component STMicroelectronics:USB_HOST:1.0.0:STMicroelectronics:USB::USB Host:CDC HS::1.0:USB_HOST_1_0_RESTRICTED_HS
2024-12-05 18:44:33,905 [WARN] ModelIntegratedComponent:188 - Modes not found for component STMicroelectronics:USB_HOST:1.0.0:STMicroelectronics:USB::USB Host:CDC HS::1.0:USB_HOST_1_0_RESTRICTED_HS
2024-12-05 18:44:33,905 [WARN] ModelIntegratedComponent:182 - Modes not found for component STMicroelectronics:USB_HOST:1.0.0:STMicroelectronics:USB::USB Host:MSC HS::1.0:USB_HOST_1_0_RESTRICTED_HS
2024-12-05 18:44:33,905 [WARN] ModelIntegratedComponent:188 - Modes not found for component STMicroelectronics:USB_HOST:1.0.0:STMicroelectronics:USB::USB Host:MSC HS::1.0:USB_HOST_1_0_RESTRICTED_HS
2024-12-05 18:44:33,905 [WARN] ModelIntegratedComponent:182 - Modes not found for component STMicroelectronics:USB_HOST:1.0.0:STMicroelectronics:USB::USB Host:HID HS::1.0:USB_HOST_1_0_RESTRICTED_HS
2024-12-05 18:44:33,905 [WARN] ModelIntegratedComponent:188 - Modes not found for component STMicroelectronics:USB_HOST:1.0.0:STMicroelectronics:USB::USB Host:HID HS::1.0:USB_HOST_1_0_RESTRICTED_HS
2024-12-05 18:44:33,905 [WARN] ModelIntegratedComponent:182 - Modes not found for component STMicroelectronics:USB_HOST:1.0.0:STMicroelectronics:USB::USB Host:MTP HS::1.0:USB_HOST_1_0_RESTRICTED_HS
2024-12-05 18:44:33,905 [WARN] ModelIntegratedComponent:188 - Modes not found for component STMicroelectronics:USB_HOST:1.0.0:STMicroelectronics:USB::USB Host:MTP HS::1.0:USB_HOST_1_0_RESTRICTED_HS
2024-12-05 18:44:34,085 [INFO] ThirdPartyModel:298 - Start build external matchings
2024-12-05 18:44:35,951 [INFO] ThirdPartyModel:316 - End build external matchings
2024-12-05 18:44:36,032 [INFO] ImportTextPane:218 - (OptionalMessage_ERROR) IP (RCC) : Parameter (RTCHSEDivFreq_Value) has invalid value (4000000)
2024-12-05 18:44:36,233 [INFO] UtilMem:75 - End LoadConfig() Used Memory: 413505384 Bytes (617611264)
2024-12-05 18:44:36,260 [WARN] ThirdParty:833 - waiting for thirdparty lock release [change project]
2024-12-05 18:44:36,261 [INFO] ThirdParty:835 - entering critical section [change project]
2024-12-05 18:44:36,261 [INFO] ThirdParty:1030 - CMSIS Pack Vendor :STMicroelectronics USBPD 4.1
2024-12-05 18:44:36,261 [INFO] ThirdParty:1030 - CMSIS Pack Vendor :STMicroelectronics X-CUBE-GNSS1 6.0.0
2024-12-05 18:44:36,261 [INFO] ThirdParty:1030 - CMSIS Pack Vendor :STMicroelectronics USB_HOST 2.0.0
2024-12-05 18:44:36,261 [INFO] ThirdParty:1030 - CMSIS Pack Vendor :STMicroelectronics FP-SNS-MOTENVWB1 1.4.0
2024-12-05 18:44:36,261 [INFO] ThirdParty:1030 - CMSIS Pack Vendor :STMicroelectronics X-CUBE-AZRTOS-F4 1.1.0
2024-12-05 18:44:36,261 [INFO] ThirdParty:1030 - CMSIS Pack Vendor :STMicroelectronics LIBJPEG 8.0.0
2024-12-05 18:44:36,261 [INFO] ThirdParty:1030 - CMSIS Pack Vendor :STMicroelectronics FP-ATR-ASTRA1 2.0.1
2024-12-05 18:44:36,261 [INFO] ThirdParty:1030 - CMSIS Pack Vendor :STMicroelectronics X-CUBE-SMBUS 2.1.0
2024-12-05 18:44:36,261 [INFO] ThirdParty:1030 - CMSIS Pack Vendor :STMicroelectronics X-CUBE-WB05N 1.1.0
2024-12-05 18:44:36,265 [INFO] ThirdParty:1030 - CMSIS Pack Vendor :STMicroelectronics X-CUBE-ISPU 2.1.0
2024-12-05 18:44:36,266 [INFO] ThirdParty:1030 - CMSIS Pack Vendor :STMicroelectronics X-CUBE-FREERTOS 1.2.0
2024-12-05 18:44:36,266 [INFO] ThirdParty:1030 - CMSIS Pack Vendor :STMicroelectronics X-CUBE-AZRTOS-F7 1.1.0
2024-12-05 18:44:36,266 [INFO] ThirdParty:1030 - CMSIS Pack Vendor :STMicroelectronics X-CUBE-AZRTOS-L5 2.0.0
2024-12-05 18:44:36,266 [INFO] ThirdParty:1030 - CMSIS Pack Vendor :STMicroelectronics USB_DEVICE 2.0.0
2024-12-05 18:44:36,266 [INFO] ThirdParty:1030 - CMSIS Pack Vendor :STMicroelectronics X-CUBE-NFC6 3.1.0
2024-12-05 18:44:36,266 [INFO] ThirdParty:1030 - CMSIS Pack Vendor :STMicroelectronics X-CUBE-MEMS1 11.0.0
2024-12-05 18:44:36,266 [INFO] ThirdParty:1030 - CMSIS Pack Vendor :STMicroelectronics X-CUBE-BLE1 6.2.4
2024-12-05 18:44:36,266 [INFO] ThirdParty:1030 - CMSIS Pack Vendor :STMicroelectronics FreeRTOS 0.0.1
2024-12-05 18:44:36,266 [INFO] ThirdParty:1030 - CMSIS Pack Vendor :emotas I-CUBE-CANOPEN 1.1.3
2024-12-05 18:44:36,266 [INFO] ThirdParty:1030 - CMSIS Pack Vendor :STMicroelectronics X-CUBE-DPower 1.2.0
2024-12-05 18:44:36,266 [INFO] ThirdParty:1030 - CMSIS Pack Vendor :STMicroelectronics FP-SNS-FLIGHT1 5.0.2
2024-12-05 18:44:36,266 [INFO] ThirdParty:1030 - CMSIS Pack Vendor :STMicroelectronics X-CUBE-NFC4 2.0.5
2024-12-05 18:44:36,266 [INFO] ThirdParty:1030 - CMSIS Pack Vendor :STMicroelectronics X-CUBE-AI 9.0.0
2024-12-05 18:44:36,266 [INFO] ThirdParty:1030 - CMSIS Pack Vendor :STMicroelectronics PDM2PCM 3.3.0
2024-12-05 18:44:36,266 [INFO] ThirdParty:1030 - CMSIS Pack Vendor :STMicroelectronics X-CUBE-DISPLAY 3.0.0
2024-12-05 18:44:36,266 [INFO] ThirdParty:1030 - CMSIS Pack Vendor :STMicroelectronics X-CUBE-BLE1 7.0.0
2024-12-05 18:44:36,267 [INFO] ThirdParty:1030 - CMSIS Pack Vendor :STMicroelectronics X-CUBE-NFC10 1.0.0
2024-12-05 18:44:36,267 [INFO] ThirdParty:1030 - CMSIS Pack Vendor :wolfSSL I-CUBE-wolfSSL 5.5.4
2024-12-05 18:44:36,267 [INFO] ThirdParty:1030 - CMSIS Pack Vendor :STMicroelectronics HAL Drivers 0.0.0
2024-12-05 18:44:36,267 [INFO] ThirdParty:1030 - CMSIS Pack Vendor :STMicroelectronics X-CUBE-NFC7 1.0.1
2024-12-05 18:44:36,267 [INFO] ThirdParty:1030 - CMSIS Pack Vendor :STMicroelectronics MBEDTLS 2.14.1
2024-12-05 18:44:36,267 [INFO] ThirdParty:1030 - CMSIS Pack Vendor :STMicroelectronics X-CUBE-NFC7 1.0.0
2024-12-05 18:44:36,267 [INFO] ThirdParty:1030 - CMSIS Pack Vendor :wolfSSL I-CUBE-wolfTPM 3.2.0
2024-12-05 18:44:36,267 [INFO] ThirdParty:1030 - CMSIS Pack Vendor :STMicroelectronics X-CUBE-EEPRMA1 4.1.0
2024-12-05 18:44:36,267 [INFO] ThirdParty:1030 - CMSIS Pack Vendor :STMicroelectronics X-CUBE-BLEMGR 3.1.0
2024-12-05 18:44:36,267 [INFO] ThirdParty:1030 - CMSIS Pack Vendor :STMicroelectronics FP-SNS-SMARTAG2 1.2.0
2024-12-05 18:44:36,267 [INFO] ThirdParty:1030 - CMSIS Pack Vendor :STMicroelectronics X-CUBE-AZRTOS-WL 2.0.0
2024-12-05 18:44:36,267 [INFO] ThirdParty:1030 - CMSIS Pack Vendor :STMicroelectronics FP-SNS-MOTENV1 5.0.0
2024-12-05 18:44:36,267 [INFO] ThirdParty:1030 - CMSIS Pack Vendor :STMicroelectronics USB_DEVICE 1.0.0
2024-12-05 18:44:36,267 [INFO] ThirdParty:1030 - CMSIS Pack Vendor :wolfSSL I-CUBE-wolfMQTT 1.19.0
2024-12-05 18:44:36,267 [INFO] ThirdParty:1030 - CMSIS Pack Vendor :STMicroelectronics X-CUBE-AZRTOS-L4 2.0.0
2024-12-05 18:44:36,267 [INFO] ThirdParty:1030 - CMSIS Pack Vendor :STMicroelectronics ThreadX 0.0.2
2024-12-05 18:44:36,267 [INFO] ThirdParty:1030 - CMSIS Pack Vendor :WES I-CUBE-Cesium 1.3.0
2024-12-05 18:44:36,267 [INFO] ThirdParty:1030 - CMSIS Pack Vendor :STMicroelectronics lwIP 2.1.2
2024-12-05 18:44:36,268 [INFO] ThirdParty:1030 - CMSIS Pack Vendor :STMicroelectronics X-CUBE-SFXS2LP1 4.0.0
2024-12-05 18:44:36,268 [INFO] ThirdParty:1030 - CMSIS Pack Vendor :STMicroelectronics X-CUBE-BLE2 3.3.0
2024-12-05 18:44:36,268 [INFO] ThirdParty:1030 - CMSIS Pack Vendor :STMicroelectronics X-CUBE-DISPLAY 2.2.0
2024-12-05 18:44:36,268 [INFO] ThirdParty:1030 - CMSIS Pack Vendor :STMicroelectronics X-CUBE-TOF1 3.2.0
2024-12-05 18:44:36,268 [INFO] ThirdParty:1030 - CMSIS Pack Vendor :STMicroelectronics PDM2PCM 3.2.0
2024-12-05 18:44:36,268 [INFO] ThirdParty:1030 - CMSIS Pack Vendor :STMicroelectronics X-CUBE-AZRTOS-H7 3.0.0
2024-12-05 18:44:36,268 [INFO] ThirdParty:1030 - CMSIS Pack Vendor :STMicroelectronics X-CUBE-ISPU 1.1.0
2024-12-05 18:44:36,268 [INFO] ThirdParty:1030 - CMSIS Pack Vendor :STMicroelectronics X-CUBE-AZRTOS-H7 3.3.0
2024-12-05 18:44:36,268 [INFO] ThirdParty:1030 - CMSIS Pack Vendor :RoweBots I-CUBE-UNISONRTOS 5.5.0-4
2024-12-05 18:44:36,268 [INFO] ThirdParty:1030 - CMSIS Pack Vendor :STMicroelectronics X-CUBE-NFC9 1.0.0
2024-12-05 18:44:36,268 [INFO] ThirdParty:1030 - CMSIS Pack Vendor :STMicroelectronics USB_DEVICE 3.0.0
2024-12-05 18:44:36,268 [INFO] ThirdParty:1030 - CMSIS Pack Vendor :STMicroelectronics X-CUBE-TCPP 4.1.0
2024-12-05 18:44:36,268 [INFO] ThirdParty:1030 - CMSIS Pack Vendor :STMicroelectronics X-CUBE-AI 8.0.0
2024-12-05 18:44:36,268 [INFO] ThirdParty:1030 - CMSIS Pack Vendor :STMicroelectronics X-CUBE-IPS 3.0.0
2024-12-05 18:44:36,268 [INFO] ThirdParty:1030 - CMSIS Pack Vendor :STMicroelectronics X-CUBE-AZRTOS-WB 2.0.0
2024-12-05 18:44:36,268 [INFO] ThirdParty:1030 - CMSIS Pack Vendor :STMicroelectronics X-CUBE-TOUCHGFX 4.21.1
2024-12-05 18:44:36,275 [INFO] ThirdParty:1030 - CMSIS Pack Vendor :STMicroelectronics X-CUBE-GNSS1 7.0.0
2024-12-05 18:44:36,275 [INFO] ThirdParty:1030 - CMSIS Pack Vendor :STMicroelectronics X-CUBE-TOUCHGFX 4.21.0
2024-12-05 18:44:36,275 [INFO] ThirdParty:1030 - CMSIS Pack Vendor :STMicroelectronics X-CUBE-MEMS1 9.4.0
2024-12-05 18:44:36,275 [INFO] ThirdParty:1030 - CMSIS Pack Vendor :STMicroelectronics X-CUBE-AI 7.3.0
2024-12-05 18:44:36,275 [INFO] ThirdParty:1030 - CMSIS Pack Vendor :STMicroelectronics FP-SNS-STBOX1 2.0.0
2024-12-05 18:44:36,275 [INFO] ThirdParty:1030 - CMSIS Pack Vendor :STMicroelectronics X-CUBE-ALGOBUILD 1.3.0
2024-12-05 18:44:36,275 [INFO] ThirdParty:1030 - CMSIS Pack Vendor :STMicroelectronics X-CUBE-AZRTOS-L5 1.1.0
2024-12-05 18:44:36,275 [INFO] ThirdParty:1030 - CMSIS Pack Vendor :STMicroelectronics X-CUBE-AZRTOS-G0 1.1.0
2024-12-05 18:44:36,275 [INFO] ThirdParty:1030 - CMSIS Pack Vendor :STMicroelectronics X-CUBE-SAFEA1 1.2.2
2024-12-05 18:44:36,275 [INFO] ThirdParty:1030 - CMSIS Pack Vendor :STMicroelectronics X-CUBE-NFC4 3.0.0
2024-12-05 18:44:36,276 [INFO] ThirdParty:1030 - CMSIS Pack Vendor :STMicroelectronics X-CUBE-SUBG2 5.0.0
2024-12-05 18:44:36,276 [INFO] ThirdParty:1030 - CMSIS Pack Vendor :STMicroelectronics STM32_WPAN 1.0.0
2024-12-05 18:44:36,276 [INFO] ThirdParty:1030 - CMSIS Pack Vendor :EmbeddedOffice I-CUBE-FS-RTOS 1.0.1
2024-12-05 18:44:36,276 [INFO] ThirdParty:1030 - CMSIS Pack Vendor :STMicroelectronics lwIP 2.0.3
2024-12-05 18:44:36,276 [INFO] ThirdParty:1030 - CMSIS Pack Vendor :Cesanta I-CUBE-Mongoose 7.13.0
2024-12-05 18:44:36,276 [INFO] ThirdParty:1030 - CMSIS Pack Vendor :STMicroelectronics USB_HOST 1.0.0
2024-12-05 18:44:36,276 [INFO] ThirdParty:1030 - CMSIS Pack Vendor :STMicroelectronics X-CUBE-AZRTOS-G4 2.0.0
2024-12-05 18:44:36,276 [INFO] ThirdParty:1030 - CMSIS Pack Vendor :STMicroelectronics PDM2PCM 3.1.0
2024-12-05 18:44:36,276 [INFO] ThirdParty:1030 - CMSIS Pack Vendor :STMicroelectronics FP-ATR-ASTRA1 1.1.1
2024-12-05 18:44:36,276 [INFO] ThirdParty:1030 - CMSIS Pack Vendor :STMicroelectronics X-CUBE-BLEMGR 1.3.0
2024-12-05 18:44:36,276 [INFO] ThirdParty:1030 - CMSIS Pack Vendor :RealThread X-CUBE-RT-Thread_Nano 4.1.1
2024-12-05 18:44:36,276 [INFO] ThirdParty:1030 - CMSIS Pack Vendor :STMicroelectronics FP-ATR-SIGFOX1 3.2.0
2024-12-05 18:44:36,276 [INFO] ThirdParty:1030 - CMSIS Pack Vendor :STMicroelectronics X-CUBE-AZRTOS-G4 1.0.0
2024-12-05 18:44:36,276 [INFO] ThirdParty:1030 - CMSIS Pack Vendor :STMicroelectronics X-CUBE-AZRTOS-L4 1.0.0
2024-12-05 18:44:36,276 [INFO] ThirdParty:1030 - CMSIS Pack Vendor :quantropi X-CUBE-qispace-sdk-base 1.9.3
2024-12-05 18:44:36,276 [INFO] ThirdParty:1030 - CMSIS Pack Vendor :STMicroelectronics X-CUBE-ISPU 2.0.0
2024-12-05 18:44:36,276 [INFO] ThirdParty:1030 - CMSIS Pack Vendor :STMicroelectronics X-CUBE-EEPRMA1 5.1.0
2024-12-05 18:44:36,276 [INFO] ThirdParty:1030 - CMSIS Pack Vendor :STMicroelectronics MBEDTLS 2.16.2
2024-12-05 18:44:36,277 [INFO] ThirdParty:1030 - CMSIS Pack Vendor :STMicroelectronics X-CUBE-ALS 1.0.2
2024-12-05 18:44:36,277 [INFO] ThirdParty:1030 - CMSIS Pack Vendor :STMicroelectronics X-CUBE-MEMS1 10.0.0
2024-12-05 18:44:36,277 [INFO] ThirdParty:1030 - CMSIS Pack Vendor :STMicroelectronics X-CUBE-TOUCHGFX 4.24.0
2024-12-05 18:44:36,277 [INFO] ThirdParty:1030 - CMSIS Pack Vendor :ITTIA_DB I-CUBE-ITTIADB 8.9.0
2024-12-05 18:44:36,277 [INFO] ThirdParty:1030 - CMSIS Pack Vendor :STMicroelectronics X-CUBE-AZRTOS-WL 1.0.0
2024-12-05 18:44:36,277 [INFO] ThirdParty:1030 - CMSIS Pack Vendor :STMicroelectronics X-CUBE-TOUCHGFX 4.24.1
2024-12-05 18:44:36,277 [INFO] ThirdParty:1030 - CMSIS Pack Vendor :portGmbH I-Cube-SoM-uGOAL 1.1.0
2024-12-05 18:44:36,277 [INFO] ThirdParty:1030 - CMSIS Pack Vendor :STMicroelectronics X-CUBE-ALS 1.0.1
2024-12-05 18:44:36,277 [INFO] ThirdParty:1030 - CMSIS Pack Vendor :STMicroelectronics X-CUBE-MEMS1 9.5.0
2024-12-05 18:44:36,277 [INFO] ThirdParty:1030 - CMSIS Pack Vendor :STMicroelectronics ThreadX 1.0.0
2024-12-05 18:44:36,277 [INFO] ThirdParty:1030 - CMSIS Pack Vendor :STMicroelectronics X-CUBE-AZRTOS-WB 1.1.0
2024-12-05 18:44:36,277 [INFO] ThirdParty:1030 - CMSIS Pack Vendor :SEGGER I-CUBE-embOS 1.3.1
2024-12-05 18:44:36,277 [INFO] ThirdParty:1030 - CMSIS Pack Vendor :STMicroelectronics X-CUBE-ALGOBUILD 1.4.0
2024-12-05 18:44:36,277 [INFO] ThirdParty:1030 - CMSIS Pack Vendor :SEGGER I-CUBE-embOS 1.3.0
2024-12-05 18:44:36,277 [INFO] ThirdParty:1030 - CMSIS Pack Vendor :STMicroelectronics X-CUBE-AZRTOS-H7RS 1.0.0
2024-12-05 18:44:36,277 [INFO] ThirdParty:1030 - CMSIS Pack Vendor :STMicroelectronics FP-ATR-ASTRA1 2.0.0
2024-12-05 18:44:36,277 [INFO] ThirdParty:1030 - CMSIS Pack Vendor :STMicroelectronics X-CUBE-TOF1 3.4.2
2024-12-05 18:44:36,277 [INFO] ThirdParty:1030 - CMSIS Pack Vendor :STMicroelectronics X-CUBE-AI 9.1.0
2024-12-05 18:44:36,277 [INFO] ThirdParty:1030 - CMSIS Pack Vendor :STMicroelectronics X-CUBE-AZRTOS-H7 3.2.0
2024-12-05 18:44:36,283 [INFO] ThirdParty:1030 - CMSIS Pack Vendor :Infineon AIROC-Wi-Fi-Bluetooth-STM32 1.6.0
2024-12-05 18:44:36,284 [INFO] ThirdParty:1030 - CMSIS Pack Vendor :wolfSSL I-CUBE-wolfSSH 1.4.17
2024-12-05 18:44:36,284 [INFO] ThirdParty:841 - exiting critical section [change project]
2024-12-05 18:44:36,806 [INFO] PinOutPanel:1589 - setPackage(No Configuration,No Configuration)
2024-12-05 18:44:36,807 [INFO] PinOutPanel:1589 - setPackage(STM32F401RCTx,LQFP64)
2024-12-05 18:44:37,389 [INFO] UtilMem:75 - Before build in PCC Used Memory: 520783392 Bytes (617611264)
2024-12-05 18:44:37,881 [INFO] UtilMem:75 - After build in PCC Used Memory: 242739592 Bytes (617611264)
2024-12-05 18:44:37,921 [INFO] IPUIPlugin:80 - create IPUIPlugin
2024-12-05 18:44:37,922 [INFO] IPUIPlugin:80 - create IPUIPlugin
2024-12-05 18:44:37,922 [INFO] IPUIPlugin:80 - create IPUIPlugin
2024-12-05 18:44:37,923 [INFO] IPUIPlugin:80 - create IPUIPlugin
2024-12-05 18:44:37,923 [INFO] IPUIPlugin:80 - create IPUIPlugin
2024-12-05 18:44:37,923 [INFO] IPUIPlugin:80 - create IPUIPlugin
2024-12-05 18:44:37,923 [INFO] IPUIPlugin:80 - create IPUIPlugin
2024-12-05 18:44:37,923 [INFO] IPUIPlugin:80 - create IPUIPlugin
2024-12-05 18:44:37,923 [INFO] IPUIPlugin:80 - create IPUIPlugin
2024-12-05 18:44:37,924 [INFO] IPUIPlugin:80 - create IPUIPlugin
2024-12-05 18:44:37,924 [INFO] IPUIPlugin:80 - create IPUIPlugin
2024-12-05 18:44:37,924 [INFO] IPUIPlugin:80 - create IPUIPlugin
2024-12-05 18:44:37,924 [INFO] IPUIPlugin:80 - create IPUIPlugin
2024-12-05 18:44:37,925 [INFO] IPUIPlugin:80 - create IPUIPlugin
2024-12-05 18:44:37,925 [INFO] IPUIPlugin:80 - create IPUIPlugin
2024-12-05 18:44:37,925 [INFO] IPUIPlugin:80 - create IPUIPlugin
2024-12-05 18:44:37,925 [INFO] IPUIPlugin:80 - create IPUIPlugin
2024-12-05 18:44:37,926 [INFO] IPUIPlugin:80 - create IPUIPlugin
2024-12-05 18:44:37,926 [INFO] IPUIPlugin:80 - create IPUIPlugin
2024-12-05 18:44:37,926 [INFO] IPUIPlugin:80 - create IPUIPlugin
2024-12-05 18:44:37,926 [INFO] IPUIPlugin:80 - create IPUIPlugin
2024-12-05 18:44:37,927 [INFO] IPUIPlugin:80 - create IPUIPlugin
2024-12-05 18:44:37,927 [INFO] IPUIPlugin:80 - create IPUIPlugin
2024-12-05 18:44:37,928 [INFO] IPUIPlugin:80 - create IPUIPlugin
2024-12-05 18:44:37,928 [INFO] IPUIPlugin:80 - create IPUIPlugin
2024-12-05 18:44:37,928 [INFO] IPUIPlugin:80 - create IPUIPlugin
2024-12-05 18:44:37,928 [INFO] IPUIPlugin:80 - create IPUIPlugin
2024-12-05 18:44:37,929 [INFO] IPUIPlugin:80 - create IPUIPlugin
2024-12-05 18:44:37,929 [INFO] IPUIPlugin:80 - create IPUIPlugin
2024-12-05 18:44:37,929 [INFO] IPUIPlugin:80 - create IPUIPlugin
2024-12-05 18:44:37,930 [INFO] IPUIPlugin:80 - create IPUIPlugin
2024-12-05 18:44:37,930 [INFO] IPUIPlugin:80 - create IPUIPlugin
2024-12-05 18:44:37,930 [INFO] IPUIPlugin:80 - create IPUIPlugin
2024-12-05 18:44:37,930 [INFO] IPUIPlugin:80 - create IPUIPlugin
2024-12-05 18:44:37,931 [INFO] IPUIPlugin:80 - create IPUIPlugin
2024-12-05 18:44:37,931 [INFO] IPUIPlugin:80 - create IPUIPlugin
2024-12-05 18:44:37,932 [INFO] IPUIPlugin:80 - create IPUIPlugin
2024-12-05 18:44:37,932 [INFO] IPUIPlugin:80 - create IPUIPlugin
2024-12-05 18:44:37,936 [INFO] ApiDbMcu:508 - Load IP Config File for PDM2PCM
2024-12-05 18:44:38,020 [INFO] CADModel:165 - CPN selected for project levelSTM32F401RCT6TR
2024-12-05 18:44:38,020 [INFO] CADModel:114 - Register for checkConnection events
2024-12-05 18:44:38,062 [INFO] OpenFileManager:363 - Restore cursor
2024-12-05 18:44:57,803 [INFO] Gpio:277 - dependency for GPIO [RCC, SPI3, SYS]
2024-12-05 18:46:20,450 [INFO] UtilMem:75 - End SaveConfig() Used Memory: 205590240 Bytes (864026624)
2024-12-05 18:46:20,970 [INFO] UtilMem:75 - End SaveConfig() Used Memory: 276249096 Bytes (864026624)
2024-12-05 18:46:23,367 [INFO] UtilMem:75 - End SaveConfig() Used Memory: 568772328 Bytes (864026624)
2024-12-05 18:46:24,789 [INFO] BlockDiagram:2766 - set Specific Code input for plugin: SPI
2024-12-05 18:46:24,789 [INFO] BlockDiagram:2766 - set Specific Code input for plugin: NVIC
2024-12-05 18:46:24,789 [INFO] BlockDiagram:2766 - set Specific Code input for plugin: TIM1_8
2024-12-05 18:46:24,790 [INFO] BlockDiagram:2766 - set Specific Code input for plugin: SYS
2024-12-05 18:46:24,791 [INFO] BlockDiagram:2766 - set Specific Code input for plugin: GPIO
2024-12-05 18:46:24,791 [INFO] BlockDiagram:2766 - set Specific Code input for plugin: RCC
2024-12-05 18:46:24,793 [INFO] CodeGenerator:896 - code generatio: config db path: /home/cotti/.stm32cubemx/databases/DB.6.0.120/db/
2024-12-05 18:46:25,266 [INFO] CodeEngine:255 - oldGeneratedFile, /home/cotti/Desktop/Potencia/repos/bldc-controller-edp/code/FOC_bits_3/MXTmpFiles/license.tmp_save
2024-12-05 18:46:25,699 [ERROR] ConfigurationRetriever:142 - IOException on connection: Connect timed out
2024-12-05 18:46:26,014 [INFO] CodeEngine:279 - Generated code: /home/cotti/Desktop/Potencia/repos/bldc-controller-edp/code/FOC_bits_3/MXTmpFiles/license.tmp
2024-12-05 18:46:26,185 [INFO] CodeEngine:255 - oldGeneratedFile, /home/cotti/Desktop/Potencia/repos/bldc-controller-edp/code/FOC_bits_3/MXTmpFiles/gpio.tmp_save
2024-12-05 18:46:26,460 [INFO] CodeEngine:279 - Generated code: /home/cotti/Desktop/Potencia/repos/bldc-controller-edp/code/FOC_bits_3/MXTmpFiles/gpio.tmp
2024-12-05 18:46:26,750 [INFO] CodeEngine:255 - oldGeneratedFile, /home/cotti/Desktop/Potencia/repos/bldc-controller-edp/code/FOC_bits_3/Core/Src/stm32f4xx_it.c_save
2024-12-05 18:46:26,996 [INFO] CodeEngine:279 - Generated code: /home/cotti/Desktop/Potencia/repos/bldc-controller-edp/code/FOC_bits_3/Core/Src/stm32f4xx_it.c
2024-12-05 18:46:26,999 [INFO] CodeEngine:255 - oldGeneratedFile, /home/cotti/Desktop/Potencia/repos/bldc-controller-edp/code/FOC_bits_3/Core/Inc/stm32f4xx_it.h_save
2024-12-05 18:46:27,175 [INFO] CodeEngine:279 - Generated code: /home/cotti/Desktop/Potencia/repos/bldc-controller-edp/code/FOC_bits_3/Core/Inc/stm32f4xx_it.h
2024-12-05 18:46:27,186 [INFO] CodeEngine:255 - oldGeneratedFile, /home/cotti/Desktop/Potencia/repos/bldc-controller-edp/code/FOC_bits_3/Core/Src/stm32f4xx_hal_msp.c_save
2024-12-05 18:46:27,423 [INFO] CodeEngine:279 - Generated code: /home/cotti/Desktop/Potencia/repos/bldc-controller-edp/code/FOC_bits_3/Core/Src/stm32f4xx_hal_msp.c
2024-12-05 18:46:27,426 [INFO] CodeEngine:255 - oldGeneratedFile, /home/cotti/Desktop/Potencia/repos/bldc-controller-edp/code/FOC_bits_3/MXTmpFiles/system.tmp_save
2024-12-05 18:46:27,607 [INFO] CodeEngine:279 - Generated code: /home/cotti/Desktop/Potencia/repos/bldc-controller-edp/code/FOC_bits_3/MXTmpFiles/system.tmp
2024-12-05 18:46:27,617 [INFO] CodeEngine:311 - oldGeneratedFile, /home/cotti/Desktop/Potencia/repos/bldc-controller-edp/code/FOC_bits_3/Core/Inc/stm32f4xx_hal_conf.h_save
2024-12-05 18:46:27,882 [INFO] CodeEngine:335 - Generated code: /home/cotti/Desktop/Potencia/repos/bldc-controller-edp/code/FOC_bits_3/Core/Inc/stm32f4xx_hal_conf.h
2024-12-05 18:46:27,940 [INFO] ApiDbMcu:508 - Load IP Config File for SPI3
2024-12-05 18:46:27,963 [INFO] ApiDbMcu:508 - Load IP Config File for TIM3
2024-12-05 18:46:27,969 [INFO] ApiDbMcu:508 - Load IP Config File for RCC
2024-12-05 18:46:27,973 [WARN] IPConfigManager:3618 - IP not found : TIM
2024-12-05 18:46:27,974 [WARN] CodeGenerator:4152 - IP not found : null
2024-12-05 18:46:27,982 [INFO] CodeEngine:255 - oldGeneratedFile, /home/cotti/Desktop/Potencia/repos/bldc-controller-edp/code/FOC_bits_3/Core/Inc/main.h_save
2024-12-05 18:46:28,141 [INFO] CodeEngine:279 - Generated code: /home/cotti/Desktop/Potencia/repos/bldc-controller-edp/code/FOC_bits_3/Core/Inc/main.h
2024-12-05 18:46:28,144 [INFO] CodeEngine:255 - oldGeneratedFile, /home/cotti/Desktop/Potencia/repos/bldc-controller-edp/code/FOC_bits_3/Core/Src/main.c_save
2024-12-05 18:46:28,368 [INFO] CodeEngine:279 - Generated code: /home/cotti/Desktop/Potencia/repos/bldc-controller-edp/code/FOC_bits_3/Core/Src/main.c
2024-12-05 18:46:28,414 [ERROR] ConfigurationRetriever:142 - IOException on connection: Connect timed out
2024-12-05 18:46:29,275 [INFO] ProjectBuilder:3289 - Time for Copy HAL[1] : 95mS.
2024-12-05 18:46:29,286 [INFO] ProjectBuilder:4876 - Project Generator version: 4.5.0-RC5
2024-12-05 18:46:29,634 [INFO] ConfigFileManager:1579 - The Die is : DIE423
2024-12-05 18:46:29,648 [INFO] ApiDbMcu:508 - Load IP Config File for FATFS
2024-12-05 18:46:29,654 [INFO] ApiDbMcu:508 - Load IP Config File for FREERTOS
2024-12-05 18:46:29,658 [INFO] ApiDbMcu:508 - Load IP Config File for LIBJPEG
2024-12-05 18:46:29,669 [INFO] ApiDbMcu:508 - Load IP Config File for MBEDTLS
2024-12-05 18:46:29,681 [INFO] ApiDbMcu:508 - Load IP Config File for USB_DEVICE
2024-12-05 18:46:29,689 [INFO] ApiDbMcu:508 - Load IP Config File for USB_HOST
2024-12-05 18:46:30,705 [ERROR] ConfigurationRetriever:142 - IOException on connection: Connect timed out
2024-12-05 18:46:30,819 [INFO] LogOutputStream:77 - [STDOUT_REDIRECT] 
2024-12-05 18:46:32,834 [INFO] ProjectBuilder:5154 - Time for Generating toolchain IDE Files: 3548mS.
2024-12-05 18:46:32,835 [INFO] ProjectBuilder:3146 - Time for Copy CMSIS : 1mS.
2024-12-05 18:46:32,836 [INFO] ProjectBuilder:3146 - Time for Copy CMSIS : 0mS.
2024-12-05 18:46:33,423 [ERROR] ConfigurationRetriever:142 - IOException on connection: Connect timed out
2024-12-05 18:46:35,713 [ERROR] ConfigurationRetriever:142 - IOException on connection: Connect timed out
2024-12-05 18:46:38,429 [ERROR] ConfigurationRetriever:142 - IOException on connection: Connect timed out
2024-12-05 18:56:23,152 [ERROR] ConfigurationRetriever:142 - IOException on connection: Connect timed out
2024-12-05 18:56:25,156 [ERROR] ConfigurationRetriever:142 - IOException on connection: Connect timed out
2024-12-05 18:56:27,161 [ERROR] ConfigurationRetriever:142 - IOException on connection: Connect timed out
2024-12-05 18:56:29,189 [ERROR] ConfigurationRetriever:142 - IOException on connection: Connect timed out
2024-12-05 18:56:31,192 [ERROR] ConfigurationRetriever:142 - IOException on connection: Connect timed out
2024-12-05 18:56:33,194 [ERROR] ConfigurationRetriever:142 - IOException on connection: Connect timed out
2024-12-05 19:06:13,776 [ERROR] ConfigurationRetriever:142 - IOException on connection: Connect timed out
2024-12-05 19:06:15,782 [ERROR] ConfigurationRetriever:142 - IOException on connection: Connect timed out
2024-12-05 19:06:17,785 [ERROR] ConfigurationRetriever:142 - IOException on connection: Connect timed out
2024-12-05 19:07:50,822 [ERROR] ConfigurationRetriever:142 - IOException on connection: Connect timed out
2024-12-05 19:07:52,825 [ERROR] ConfigurationRetriever:142 - IOException on connection: Connect timed out
2024-12-05 19:07:54,828 [ERROR] ConfigurationRetriever:142 - IOException on connection: Connect timed out
2024-12-05 19:15:10,142 [ERROR] ConfigurationRetriever:142 - IOException on connection: Connect timed out
2024-12-05 19:15:12,146 [ERROR] ConfigurationRetriever:142 - IOException on connection: Connect timed out
2024-12-05 19:15:14,148 [ERROR] ConfigurationRetriever:142 - IOException on connection: Connect timed out
2024-12-05 19:16:21,568 [ERROR] ConfigurationRetriever:142 - IOException on connection: Connect timed out
2024-12-05 19:16:23,571 [ERROR] ConfigurationRetriever:142 - IOException on connection: Connect timed out
2024-12-05 19:16:25,573 [ERROR] ConfigurationRetriever:142 - IOException on connection: Connect timed out
2024-12-05 19:16:51,928 [ERROR] ConfigurationRetriever:142 - IOException on connection: Connect timed out
2024-12-05 19:16:53,933 [ERROR] ConfigurationRetriever:142 - IOException on connection: Connect timed out
2024-12-05 19:16:55,936 [ERROR] ConfigurationRetriever:142 - IOException on connection: Connect timed out
2024-12-05 19:16:57,953 [ERROR] ConfigurationRetriever:142 - IOException on connection: Connect timed out
2024-12-05 19:16:59,956 [ERROR] ConfigurationRetriever:142 - IOException on connection: Connect timed out
2024-12-05 19:17:01,958 [ERROR] ConfigurationRetriever:142 - IOException on connection: Connect timed out
2024-12-05 19:17:36,270 [ERROR] ConfigurationRetriever:142 - IOException on connection: Connect timed out
2024-12-05 19:17:38,273 [ERROR] ConfigurationRetriever:142 - IOException on connection: Connect timed out
2024-12-05 19:17:40,276 [ERROR] ConfigurationRetriever:142 - IOException on connection: Connect timed out
2024-12-05 19:27:50,378 [ERROR] ConfigurationRetriever:142 - IOException on connection: Connect timed out
2024-12-05 19:27:52,381 [ERROR] ConfigurationRetriever:142 - IOException on connection: Connect timed out
2024-12-05 19:27:54,383 [ERROR] ConfigurationRetriever:142 - IOException on connection: Connect timed out
2024-12-05 19:28:58,928 [ERROR] ConfigurationRetriever:142 - IOException on connection: Connect timed out
2024-12-05 19:29:00,931 [ERROR] ConfigurationRetriever:142 - IOException on connection: Connect timed out
2024-12-05 19:29:02,933 [ERROR] ConfigurationRetriever:142 - IOException on connection: Connect timed out
2024-12-05 19:30:43,994 [ERROR] ConfigurationRetriever:142 - IOException on connection: Connect timed out
2024-12-05 19:30:45,998 [ERROR] ConfigurationRetriever:142 - IOException on connection: Connect timed out
2024-12-05 19:30:48,001 [ERROR] ConfigurationRetriever:142 - IOException on connection: Connect timed out
2024-12-05 19:33:55,999 [ERROR] ConfigurationRetriever:142 - IOException on connection: Connect timed out
2024-12-05 19:33:58,003 [ERROR] ConfigurationRetriever:142 - IOException on connection: Connect timed out
2024-12-05 19:34:00,005 [ERROR] ConfigurationRetriever:142 - IOException on connection: Connect timed out
2024-12-05 19:35:38,145 [INFO] RetryExec:97 - I/O exception (java.net.SocketException) caught when processing request to {s}->https://sw-center.st.com:443: Network is unreachable
2024-12-05 19:35:38,146 [INFO] RetryExec:113 - Retrying request to {s}->https://sw-center.st.com:443
2024-12-05 19:35:40,149 [INFO] RetryExec:97 - I/O exception (java.net.SocketException) caught when processing request to {s}->https://sw-center.st.com:443: Network is unreachable
2024-12-05 19:35:40,149 [INFO] RetryExec:113 - Retrying request to {s}->https://sw-center.st.com:443
2024-12-05 19:35:42,152 [INFO] RetryExec:97 - I/O exception (java.net.SocketException) caught when processing request to {s}->https://sw-center.st.com:443: Network is unreachable
2024-12-05 19:35:42,152 [INFO] RetryExec:113 - Retrying request to {s}->https://sw-center.st.com:443
2024-12-05 19:35:44,156 [INFO] MainUpdater:2872 - connection check result : 22
2024-12-05 19:35:46,161 [INFO] RetryExec:97 - I/O exception (java.net.SocketException) caught when processing request to {s}->https://sw-center.st.com:443: Network is unreachable
2024-12-05 19:35:46,161 [INFO] RetryExec:113 - Retrying request to {s}->https://sw-center.st.com:443
2024-12-05 19:35:48,164 [INFO] RetryExec:97 - I/O exception (java.net.SocketException) caught when processing request to {s}->https://sw-center.st.com:443: Network is unreachable
2024-12-05 19:35:48,164 [INFO] RetryExec:113 - Retrying request to {s}->https://sw-center.st.com:443
2024-12-05 19:35:50,168 [INFO] RetryExec:97 - I/O exception (java.net.SocketException) caught when processing request to {s}->https://sw-center.st.com:443: Network is unreachable
2024-12-05 19:35:50,168 [INFO] RetryExec:113 - Retrying request to {s}->https://sw-center.st.com:443
2024-12-05 19:35:52,172 [INFO] MainUpdater:2872 - connection check result : 22
2024-12-05 19:35:56,145 [INFO] MicroXplorer:468 - Change Database Path : 
2024-12-05 19:35:56,145 [INFO] MicroXplorer:498 - Change Database Version : DB.6.0.130
2024-12-05 19:35:56,174 [ERROR] ProjectManagerView:394 - 
java.lang.NullPointerException: Cannot invoke "javax.swing.JTextField.getText()" because the return value of "java.util.List.get(int)" is null
	at com.st.microxplorer.plugins.projectmanager.gui.ProjectChoiceTab$9.caretUpdate(ProjectChoiceTab.java:2616) ~[filemanager.jar:?]
	at javax.swing.text.JTextComponent.fireCaretUpdate(JTextComponent.java:408) ~[?:?]
	at javax.swing.text.JTextComponent$MutableCaretEvent.fire(JTextComponent.java:4484) ~[?:?]
	at javax.swing.text.JTextComponent$MutableCaretEvent.stateChanged(JTextComponent.java:4506) ~[?:?]
	at javax.swing.text.DefaultCaret.fireStateChanged(DefaultCaret.java:857) ~[?:?]
	at javax.swing.text.DefaultCaret.changeCaretPosition(DefaultCaret.java:1343) ~[?:?]
	at javax.swing.text.DefaultCaret.handleSetDot(DefaultCaret.java:1242) ~[?:?]
	at javax.swing.text.DefaultCaret.setDot(DefaultCaret.java:1223) ~[?:?]
	at javax.swing.text.DefaultCaret$Handler.insertUpdate(DefaultCaret.java:1819) ~[?:?]
	at javax.swing.text.AbstractDocument.fireInsertUpdate(AbstractDocument.java:227) ~[?:?]
	at javax.swing.text.AbstractDocument.handleInsertString(AbstractDocument.java:781) ~[?:?]
	at javax.swing.text.AbstractDocument.insertString(AbstractDocument.java:740) ~[?:?]
	at javax.swing.text.PlainDocument.insertString(PlainDocument.java:131) ~[?:?]
	at javax.swing.text.AbstractDocument.replace(AbstractDocument.java:699) ~[?:?]
	at javax.swing.text.JTextComponent.setText(JTextComponent.java:1725) ~[?:?]
	at com.st.microxplorer.plugins.projectmanager.gui.ProjectChoiceTab.createHeapStackFields(ProjectChoiceTab.java:975) ~[filemanager.jar:?]
	at com.st.microxplorer.plugins.projectmanager.gui.ProjectChoiceTab.buildLinkSettingsPanel(ProjectChoiceTab.java:3666) ~[filemanager.jar:?]
	at com.st.microxplorer.plugins.projectmanager.gui.ProjectChoiceTab.defineWindowsFields(ProjectChoiceTab.java:1934) ~[filemanager.jar:?]
	at com.st.microxplorer.plugins.projectmanager.gui.ProjectChoiceTab.updateSettings(ProjectChoiceTab.java:553) ~[filemanager.jar:?]
	at com.st.microxplorer.plugins.projectmanager.gui.ProjectSettingsPanel.UpdateDialog(ProjectSettingsPanel.java:245) ~[filemanager.jar:?]
	at com.st.microxplorer.plugins.projectmanager.ProjectManagerView.propertyChange(ProjectManagerView.java:391) ~[filemanager.jar:?]
	at java.beans.PropertyChangeSupport.fire(PropertyChangeSupport.java:343) ~[?:?]
	at java.beans.PropertyChangeSupport.firePropertyChange(PropertyChangeSupport.java:335) ~[?:?]
	at java.beans.PropertyChangeSupport.firePropertyChange(PropertyChangeSupport.java:268) ~[?:?]
	at com.st.microxplorer.util.MXPropertyChangeSupport.firePropertyChange(MXPropertyChangeSupport.java:54) ~[STM32CubeMX.jar:?]
	at com.st.microxplorer.mxsystem.MxSystem.closeConfig(MxSystem.java:899) ~[STM32CubeMX.jar:?]
	at com.st.microxplorer.maingui.MainPanel.closeConfig(MainPanel.java:789) ~[STM32CubeMX.jar:?]
	at com.st.microxplorer.plugins.filemanager.engine.OpenFileManager.loadConfigurationFile(OpenFileManager.java:265) ~[filemanager.jar:?]
	at com.st.microxplorer.plugins.filemanager.engine.MainFileManager.userLoadConfig(MainFileManager.java:340) ~[filemanager.jar:?]
	at com.st.microxplorer.plugins.filemanager.engine.MainFileManager.userLoadConfig(MainFileManager.java:318) ~[filemanager.jar:?]
	at com.st.microxplorer.plugins.filemanager.FileManagerView.getSpecificTask(FileManagerView.java:246) ~[filemanager.jar:?]
	at com.st.stm32cube.common.mx.editor.CubeMxEditor.getMxTabbedPaneInstance(CubeMxEditor.java:1198) ~[com.st.stm32cube.common.mx_6.13.0.202411220809/:?]
	at com.st.stm32cube.common.mx.editor.CubeMxEditor$12$1.createSwingComponent(CubeMxEditor.java:1068) ~[com.st.stm32cube.common.mx_6.13.0.202411220809/:?]
	at com.st.stm32cube.common.mx.oss.core.awtswtbridge.EmbeddedSwingComposite.doComponentCreation(EmbeddedSwingComposite.java:492) ~[com.st.stm32cube.common.mx.oss_6.13.0.202411220809/:?]
	at com.st.stm32cube.common.mx.oss.core.awtswtbridge.EmbeddedSwingComposite$4.run(EmbeddedSwingComposite.java:291) ~[com.st.stm32cube.common.mx.oss_6.13.0.202411220809/:?]
	at com.st.stm32cube.common.mx.oss.core.awtswtbridge.AwtEnvironment$2.run(AwtEnvironment.java:166) ~[com.st.stm32cube.common.mx.oss_6.13.0.202411220809/:?]
	at java.awt.event.InvocationEvent.dispatch(InvocationEvent.java:318) ~[?:?]
	at java.awt.EventQueue.dispatchEventImpl(EventQueue.java:773) ~[?:?]
	at java.awt.EventQueue$4.run(EventQueue.java:720) ~[?:?]
	at java.awt.EventQueue$4.run(EventQueue.java:714) ~[?:?]
	at java.security.AccessController.doPrivileged(AccessController.java:400) ~[?:?]
	at java.security.ProtectionDomain$JavaSecurityAccessImpl.doIntersectionPrivilege(ProtectionDomain.java:87) ~[?:?]
	at java.awt.EventQueue.dispatchEvent(EventQueue.java:742) ~[?:?]
	at java.awt.EventDispatchThread.pumpOneEventForFilters(EventDispatchThread.java:203) ~[?:?]
	at java.awt.EventDispatchThread.pumpEventsForFilter(EventDispatchThread.java:124) ~[?:?]
	at java.awt.EventDispatchThread.pumpEventsForHierarchy(EventDispatchThread.java:113) ~[?:?]
	at java.awt.EventDispatchThread.pumpEvents(EventDispatchThread.java:109) ~[?:?]
	at java.awt.EventDispatchThread.pumpEvents(EventDispatchThread.java:101) ~[?:?]
	at java.awt.EventDispatchThread.run(EventDispatchThread.java:90) ~[?:?]
2024-12-05 19:35:56,175 [WARN] ThirdParty:871 - waiting for thirdparty lock release [close project]
2024-12-05 19:35:56,176 [INFO] ThirdParty:873 - entering critical section [close project]
2024-12-05 19:35:56,176 [INFO] ThirdParty:883 - exiting critical section [close project]
2024-12-05 19:35:56,178 [INFO] PinOutPanel:1589 - setPackage(No Configuration,No Configuration)
2024-12-05 19:35:56,198 [WARN] IpParametersView:154 - Warning: This peripheral hasn't parameters
2024-12-05 19:35:56,205 [WARN] MainPanel:289 - <html><b><center>Warning: This peripheral has no parameters to be configured<br></b></html>
2024-12-05 19:35:56,205 [ERROR] MainPanel:599 - java.lang.IndexOutOfBoundsException: Index: 0, Tab count: 0
2024-12-05 19:35:56,210 [INFO] UtilMem:75 - Begin LoadConfig() Used Memory: 561640864 Bytes (884998144)
2024-12-05 19:35:56,219 [INFO] MicroXplorer:468 - Change Database Path : /home/cotti/.stm32cubemx/databases/DB.6.0.120/db/
2024-12-05 19:35:56,219 [INFO] MicroXplorer:498 - Change Database Version : DB.6.0.120
2024-12-05 19:35:59,275 [INFO] OpenFileManager:332 - Change cursor
2024-12-05 19:35:59,320 [INFO] RulesReader:64 - Compatibility file has been processed (297 Rules)
2024-12-05 19:35:59,328 [INFO] Mcu:2035 - Initializing MCU STM32F401R(B-C)Tx STM32F401RCTx STM32F401RCT6TR
2024-12-05 19:36:00,733 [INFO] Context:748 - Trying to add GPIOservice into a context  which must be forbidden
2024-12-05 19:36:01,629 [INFO] RtosManager:555 - Registered RTOS mode: class=CMSIS, group=RTOS, mode=CMSIS_V1, owner=FREERTOS
2024-12-05 19:36:01,629 [INFO] RtosManager:555 - Registered RTOS mode: class=CMSIS, group=RTOS2, mode=CMSIS_V2, owner=FREERTOS
2024-12-05 19:36:01,629 [INFO] RtosManager:555 - Registered RTOS mode: class=RTOS, group=Core, mode=CMSIS_V1, owner=FREERTOS
2024-12-05 19:36:01,629 [INFO] RtosManager:555 - Registered RTOS mode: class=RTOS, group=Core, mode=CMSIS_V2, owner=FREERTOS
2024-12-05 19:36:01,630 [WARN] ModelIntegratedComponent:184 - Missing modes for component STMicroelectronics:FreeRTOS:0.0.1:STMicroelectronics:RTOS:FreeRTOS:Core:::10.2.0:
2024-12-05 19:36:01,635 [WARN] ModelIntegratedComponent:63 - No mode defined for component null
2024-12-05 19:36:01,636 [WARN] ModelIntegratedComponent:63 - No mode defined for component null
2024-12-05 19:36:01,636 [WARN] ModelIntegratedComponent:63 - No mode defined for component null
2024-12-05 19:36:01,636 [WARN] ModelIntegratedComponent:63 - No mode defined for component null
2024-12-05 19:36:01,636 [WARN] ModelIntegratedComponent:63 - No mode defined for component null
2024-12-05 19:36:01,636 [WARN] ModelIntegratedComponent:63 - No mode defined for component null
2024-12-05 19:36:01,636 [WARN] ModelIntegratedComponent:63 - No mode defined for component null
2024-12-05 19:36:01,636 [WARN] ModelIntegratedComponent:63 - No mode defined for component null
2024-12-05 19:36:01,636 [WARN] ModelIntegratedComponent:63 - No mode defined for component null
2024-12-05 19:36:01,636 [WARN] ModelIntegratedComponent:63 - No mode defined for component null
2024-12-05 19:36:01,636 [WARN] ModelIntegratedComponent:63 - No mode defined for component null
2024-12-05 19:36:01,636 [WARN] ModelIntegratedComponent:63 - No mode defined for component null
2024-12-05 19:36:01,636 [WARN] ModelIntegratedComponent:63 - No mode defined for component null
2024-12-05 19:36:01,637 [WARN] ModelIntegratedComponent:63 - No mode defined for component null
2024-12-05 19:36:01,637 [WARN] ModelIntegratedComponent:63 - No mode defined for component null
2024-12-05 19:36:01,637 [WARN] ModelIntegratedComponent:63 - No mode defined for component null
2024-12-05 19:36:01,637 [WARN] ModelIntegratedComponent:63 - No mode defined for component null
2024-12-05 19:36:01,637 [WARN] ModelIntegratedComponent:63 - No mode defined for component null
2024-12-05 19:36:01,637 [WARN] ModelIntegratedComponent:63 - No mode defined for component null
2024-12-05 19:36:01,637 [WARN] ModelIntegratedComponent:63 - No mode defined for component null
2024-12-05 19:36:01,637 [WARN] ModelIntegratedComponent:63 - No mode defined for component null
2024-12-05 19:36:01,637 [WARN] ModelIntegratedComponent:63 - No mode defined for component null
2024-12-05 19:36:01,637 [WARN] ModelIntegratedComponent:63 - No mode defined for component null
2024-12-05 19:36:01,637 [WARN] ModelIntegratedComponent:63 - No mode defined for component null
2024-12-05 19:36:01,637 [WARN] ModelIntegratedComponent:63 - No mode defined for component null
2024-12-05 19:36:01,637 [WARN] ModelIntegratedComponent:63 - No mode defined for component null
2024-12-05 19:36:01,637 [WARN] ModelIntegratedComponent:63 - No mode defined for component null
2024-12-05 19:36:01,638 [WARN] ModelIntegratedComponent:63 - No mode defined for component null
2024-12-05 19:36:01,638 [WARN] ModelIntegratedComponent:63 - No mode defined for component null
2024-12-05 19:36:01,638 [WARN] ModelIntegratedComponent:63 - No mode defined for component null
2024-12-05 19:36:01,638 [WARN] ModelIntegratedComponent:63 - No mode defined for component null
2024-12-05 19:36:01,638 [WARN] ModelIntegratedComponent:63 - No mode defined for component null
2024-12-05 19:36:01,638 [WARN] ModelIntegratedComponent:63 - No mode defined for component null
2024-12-05 19:36:01,638 [WARN] ModelIntegratedComponent:63 - No mode defined for component null
2024-12-05 19:36:01,638 [WARN] ModelIntegratedComponent:63 - No mode defined for component null
2024-12-05 19:36:01,638 [WARN] ModelPack:524 - Component already loaded: STMicroelectronics:HAL Drivers:0.0.0:STMicroelectronics:Device:STMicro_Driver:XSPI:HAL::0.0.1:HAL_XSPI
2024-12-05 19:36:01,643 [WARN] ModelIntegratedComponent:182 - Modes not found for component STMicroelectronics:USB_DEVICE:1.0.0:STMicroelectronics:USB::USB Device:Audio HS::1.0:USB_DEVICE_1_0_RESTRICTED_HS
2024-12-05 19:36:01,643 [WARN] ModelIntegratedComponent:188 - Modes not found for component STMicroelectronics:USB_DEVICE:1.0.0:STMicroelectronics:USB::USB Device:Audio HS::1.0:USB_DEVICE_1_0_RESTRICTED_HS
2024-12-05 19:36:01,643 [WARN] ModelIntegratedComponent:182 - Modes not found for component STMicroelectronics:USB_DEVICE:1.0.0:STMicroelectronics:USB::USB Device:CDC HS::1.0:USB_DEVICE_1_0_RESTRICTED_HS
2024-12-05 19:36:01,643 [WARN] ModelIntegratedComponent:188 - Modes not found for component STMicroelectronics:USB_DEVICE:1.0.0:STMicroelectronics:USB::USB Device:CDC HS::1.0:USB_DEVICE_1_0_RESTRICTED_HS
2024-12-05 19:36:01,643 [WARN] ModelIntegratedComponent:182 - Modes not found for component STMicroelectronics:USB_DEVICE:1.0.0:STMicroelectronics:USB::USB Device:DFU HS::1.0:USB_DEVICE_1_0_RESTRICTED_HS
2024-12-05 19:36:01,643 [WARN] ModelIntegratedComponent:188 - Modes not found for component STMicroelectronics:USB_DEVICE:1.0.0:STMicroelectronics:USB::USB Device:DFU HS::1.0:USB_DEVICE_1_0_RESTRICTED_HS
2024-12-05 19:36:01,644 [WARN] ModelIntegratedComponent:182 - Modes not found for component STMicroelectronics:USB_DEVICE:1.0.0:STMicroelectronics:USB::USB Device:HID HS::1.0:USB_DEVICE_1_0_RESTRICTED_HS
2024-12-05 19:36:01,644 [WARN] ModelIntegratedComponent:188 - Modes not found for component STMicroelectronics:USB_DEVICE:1.0.0:STMicroelectronics:USB::USB Device:HID HS::1.0:USB_DEVICE_1_0_RESTRICTED_HS
2024-12-05 19:36:01,644 [WARN] ModelIntegratedComponent:182 - Modes not found for component STMicroelectronics:USB_DEVICE:1.0.0:STMicroelectronics:USB::USB Device:Custom HID HS::1.0:USB_DEVICE_1_0_RESTRICTED_HS
2024-12-05 19:36:01,644 [WARN] ModelIntegratedComponent:188 - Modes not found for component STMicroelectronics:USB_DEVICE:1.0.0:STMicroelectronics:USB::USB Device:Custom HID HS::1.0:USB_DEVICE_1_0_RESTRICTED_HS
2024-12-05 19:36:01,644 [WARN] ModelIntegratedComponent:182 - Modes not found for component STMicroelectronics:USB_DEVICE:1.0.0:STMicroelectronics:USB::USB Device:MSC HS::1.0:USB_DEVICE_1_0_RESTRICTED_HS
2024-12-05 19:36:01,644 [WARN] ModelIntegratedComponent:188 - Modes not found for component STMicroelectronics:USB_DEVICE:1.0.0:STMicroelectronics:USB::USB Device:MSC HS::1.0:USB_DEVICE_1_0_RESTRICTED_HS
2024-12-05 19:36:01,829 [WARN] ModelIntegratedComponent:182 - Modes not found for component STMicroelectronics:USB_HOST:1.0.0:STMicroelectronics:USB::USB Host:Audio HS::1.0:USB_HOST_1_0_RESTRICTED_HS
2024-12-05 19:36:01,829 [WARN] ModelIntegratedComponent:188 - Modes not found for component STMicroelectronics:USB_HOST:1.0.0:STMicroelectronics:USB::USB Host:Audio HS::1.0:USB_HOST_1_0_RESTRICTED_HS
2024-12-05 19:36:01,829 [WARN] ModelIntegratedComponent:182 - Modes not found for component STMicroelectronics:USB_HOST:1.0.0:STMicroelectronics:USB::USB Host:CDC HS::1.0:USB_HOST_1_0_RESTRICTED_HS
2024-12-05 19:36:01,830 [WARN] ModelIntegratedComponent:188 - Modes not found for component STMicroelectronics:USB_HOST:1.0.0:STMicroelectronics:USB::USB Host:CDC HS::1.0:USB_HOST_1_0_RESTRICTED_HS
2024-12-05 19:36:01,830 [WARN] ModelIntegratedComponent:182 - Modes not found for component STMicroelectronics:USB_HOST:1.0.0:STMicroelectronics:USB::USB Host:MSC HS::1.0:USB_HOST_1_0_RESTRICTED_HS
2024-12-05 19:36:01,830 [WARN] ModelIntegratedComponent:188 - Modes not found for component STMicroelectronics:USB_HOST:1.0.0:STMicroelectronics:USB::USB Host:MSC HS::1.0:USB_HOST_1_0_RESTRICTED_HS
2024-12-05 19:36:01,830 [WARN] ModelIntegratedComponent:182 - Modes not found for component STMicroelectronics:USB_HOST:1.0.0:STMicroelectronics:USB::USB Host:HID HS::1.0:USB_HOST_1_0_RESTRICTED_HS
2024-12-05 19:36:01,830 [WARN] ModelIntegratedComponent:188 - Modes not found for component STMicroelectronics:USB_HOST:1.0.0:STMicroelectronics:USB::USB Host:HID HS::1.0:USB_HOST_1_0_RESTRICTED_HS
2024-12-05 19:36:01,830 [WARN] ModelIntegratedComponent:182 - Modes not found for component STMicroelectronics:USB_HOST:1.0.0:STMicroelectronics:USB::USB Host:MTP HS::1.0:USB_HOST_1_0_RESTRICTED_HS
2024-12-05 19:36:01,830 [WARN] ModelIntegratedComponent:188 - Modes not found for component STMicroelectronics:USB_HOST:1.0.0:STMicroelectronics:USB::USB Host:MTP HS::1.0:USB_HOST_1_0_RESTRICTED_HS
2024-12-05 19:36:02,173 [INFO] ThirdPartyModel:298 - Start build external matchings
2024-12-05 19:36:04,086 [INFO] ThirdPartyModel:316 - End build external matchings
2024-12-05 19:36:04,174 [INFO] ImportTextPane:218 - (OptionalMessage_ERROR) IP (RCC) : Parameter (RTCHSEDivFreq_Value) has invalid value (4000000)
2024-12-05 19:36:04,412 [INFO] UtilMem:75 - End LoadConfig() Used Memory: 346028392 Bytes (884998144)
2024-12-05 19:36:04,443 [WARN] ThirdParty:833 - waiting for thirdparty lock release [change project]
2024-12-05 19:36:04,443 [INFO] ThirdParty:835 - entering critical section [change project]
2024-12-05 19:36:04,444 [INFO] ThirdParty:1030 - CMSIS Pack Vendor :STMicroelectronics USBPD 4.1
2024-12-05 19:36:04,444 [INFO] ThirdParty:1030 - CMSIS Pack Vendor :STMicroelectronics X-CUBE-GNSS1 6.0.0
2024-12-05 19:36:04,444 [INFO] ThirdParty:1030 - CMSIS Pack Vendor :STMicroelectronics USB_HOST 2.0.0
2024-12-05 19:36:04,444 [INFO] ThirdParty:1030 - CMSIS Pack Vendor :STMicroelectronics FP-SNS-MOTENVWB1 1.4.0
2024-12-05 19:36:04,444 [INFO] ThirdParty:1030 - CMSIS Pack Vendor :STMicroelectronics X-CUBE-AZRTOS-F4 1.1.0
2024-12-05 19:36:04,444 [INFO] ThirdParty:1030 - CMSIS Pack Vendor :STMicroelectronics LIBJPEG 8.0.0
2024-12-05 19:36:04,444 [INFO] ThirdParty:1030 - CMSIS Pack Vendor :STMicroelectronics FP-ATR-ASTRA1 2.0.1
2024-12-05 19:36:04,444 [INFO] ThirdParty:1030 - CMSIS Pack Vendor :STMicroelectronics X-CUBE-SMBUS 2.1.0
2024-12-05 19:36:04,444 [INFO] ThirdParty:1030 - CMSIS Pack Vendor :STMicroelectronics X-CUBE-WB05N 1.1.0
2024-12-05 19:36:04,444 [INFO] ThirdParty:1030 - CMSIS Pack Vendor :STMicroelectronics X-CUBE-ISPU 2.1.0
2024-12-05 19:36:04,444 [INFO] ThirdParty:1030 - CMSIS Pack Vendor :STMicroelectronics X-CUBE-FREERTOS 1.2.0
2024-12-05 19:36:04,444 [INFO] ThirdParty:1030 - CMSIS Pack Vendor :STMicroelectronics X-CUBE-AZRTOS-F7 1.1.0
2024-12-05 19:36:04,444 [INFO] ThirdParty:1030 - CMSIS Pack Vendor :STMicroelectronics X-CUBE-AZRTOS-L5 2.0.0
2024-12-05 19:36:04,444 [INFO] ThirdParty:1030 - CMSIS Pack Vendor :STMicroelectronics USB_DEVICE 2.0.0
2024-12-05 19:36:04,444 [INFO] ThirdParty:1030 - CMSIS Pack Vendor :STMicroelectronics X-CUBE-NFC6 3.1.0
2024-12-05 19:36:04,444 [INFO] ThirdParty:1030 - CMSIS Pack Vendor :STMicroelectronics X-CUBE-MEMS1 11.0.0
2024-12-05 19:36:04,445 [INFO] ThirdParty:1030 - CMSIS Pack Vendor :STMicroelectronics X-CUBE-BLE1 6.2.4
2024-12-05 19:36:04,445 [INFO] ThirdParty:1030 - CMSIS Pack Vendor :STMicroelectronics FreeRTOS 0.0.1
2024-12-05 19:36:04,445 [INFO] ThirdParty:1030 - CMSIS Pack Vendor :emotas I-CUBE-CANOPEN 1.1.3
2024-12-05 19:36:04,445 [INFO] ThirdParty:1030 - CMSIS Pack Vendor :STMicroelectronics X-CUBE-DPower 1.2.0
2024-12-05 19:36:04,445 [INFO] ThirdParty:1030 - CMSIS Pack Vendor :STMicroelectronics FP-SNS-FLIGHT1 5.0.2
2024-12-05 19:36:04,445 [INFO] ThirdParty:1030 - CMSIS Pack Vendor :STMicroelectronics X-CUBE-NFC4 2.0.5
2024-12-05 19:36:04,445 [INFO] ThirdParty:1030 - CMSIS Pack Vendor :STMicroelectronics X-CUBE-AI 9.0.0
2024-12-05 19:36:04,445 [INFO] ThirdParty:1030 - CMSIS Pack Vendor :STMicroelectronics PDM2PCM 3.3.0
2024-12-05 19:36:04,445 [INFO] ThirdParty:1030 - CMSIS Pack Vendor :STMicroelectronics X-CUBE-DISPLAY 3.0.0
2024-12-05 19:36:04,445 [INFO] ThirdParty:1030 - CMSIS Pack Vendor :STMicroelectronics X-CUBE-BLE1 7.0.0
2024-12-05 19:36:04,445 [INFO] ThirdParty:1030 - CMSIS Pack Vendor :STMicroelectronics X-CUBE-NFC10 1.0.0
2024-12-05 19:36:04,445 [INFO] ThirdParty:1030 - CMSIS Pack Vendor :wolfSSL I-CUBE-wolfSSL 5.5.4
2024-12-05 19:36:04,445 [INFO] ThirdParty:1030 - CMSIS Pack Vendor :STMicroelectronics HAL Drivers 0.0.0
2024-12-05 19:36:04,445 [INFO] ThirdParty:1030 - CMSIS Pack Vendor :STMicroelectronics X-CUBE-NFC7 1.0.1
2024-12-05 19:36:04,445 [INFO] ThirdParty:1030 - CMSIS Pack Vendor :STMicroelectronics MBEDTLS 2.14.1
2024-12-05 19:36:04,445 [INFO] ThirdParty:1030 - CMSIS Pack Vendor :STMicroelectronics X-CUBE-NFC7 1.0.0
2024-12-05 19:36:04,448 [INFO] ThirdParty:1030 - CMSIS Pack Vendor :wolfSSL I-CUBE-wolfTPM 3.2.0
2024-12-05 19:36:04,448 [INFO] ThirdParty:1030 - CMSIS Pack Vendor :STMicroelectronics X-CUBE-EEPRMA1 4.1.0
2024-12-05 19:36:04,448 [INFO] ThirdParty:1030 - CMSIS Pack Vendor :STMicroelectronics X-CUBE-BLEMGR 3.1.0
2024-12-05 19:36:04,448 [INFO] ThirdParty:1030 - CMSIS Pack Vendor :STMicroelectronics FP-SNS-SMARTAG2 1.2.0
2024-12-05 19:36:04,448 [INFO] ThirdParty:1030 - CMSIS Pack Vendor :STMicroelectronics X-CUBE-AZRTOS-WL 2.0.0
2024-12-05 19:36:04,448 [INFO] ThirdParty:1030 - CMSIS Pack Vendor :STMicroelectronics FP-SNS-MOTENV1 5.0.0
2024-12-05 19:36:04,448 [INFO] ThirdParty:1030 - CMSIS Pack Vendor :STMicroelectronics USB_DEVICE 1.0.0
2024-12-05 19:36:04,448 [INFO] ThirdParty:1030 - CMSIS Pack Vendor :wolfSSL I-CUBE-wolfMQTT 1.19.0
2024-12-05 19:36:04,448 [INFO] ThirdParty:1030 - CMSIS Pack Vendor :STMicroelectronics X-CUBE-AZRTOS-L4 2.0.0
2024-12-05 19:36:04,448 [INFO] ThirdParty:1030 - CMSIS Pack Vendor :STMicroelectronics ThreadX 0.0.2
2024-12-05 19:36:04,448 [INFO] ThirdParty:1030 - CMSIS Pack Vendor :WES I-CUBE-Cesium 1.3.0
2024-12-05 19:36:04,449 [INFO] ThirdParty:1030 - CMSIS Pack Vendor :STMicroelectronics lwIP 2.1.2
2024-12-05 19:36:04,449 [INFO] ThirdParty:1030 - CMSIS Pack Vendor :STMicroelectronics X-CUBE-SFXS2LP1 4.0.0
2024-12-05 19:36:04,449 [INFO] ThirdParty:1030 - CMSIS Pack Vendor :STMicroelectronics X-CUBE-BLE2 3.3.0
2024-12-05 19:36:04,449 [INFO] ThirdParty:1030 - CMSIS Pack Vendor :STMicroelectronics X-CUBE-DISPLAY 2.2.0
2024-12-05 19:36:04,449 [INFO] ThirdParty:1030 - CMSIS Pack Vendor :STMicroelectronics X-CUBE-TOF1 3.2.0
2024-12-05 19:36:04,449 [INFO] ThirdParty:1030 - CMSIS Pack Vendor :STMicroelectronics PDM2PCM 3.2.0
2024-12-05 19:36:04,449 [INFO] ThirdParty:1030 - CMSIS Pack Vendor :STMicroelectronics X-CUBE-AZRTOS-H7 3.0.0
2024-12-05 19:36:04,449 [INFO] ThirdParty:1030 - CMSIS Pack Vendor :STMicroelectronics X-CUBE-ISPU 1.1.0
2024-12-05 19:36:04,449 [INFO] ThirdParty:1030 - CMSIS Pack Vendor :STMicroelectronics X-CUBE-AZRTOS-H7 3.3.0
2024-12-05 19:36:04,449 [INFO] ThirdParty:1030 - CMSIS Pack Vendor :RoweBots I-CUBE-UNISONRTOS 5.5.0-4
2024-12-05 19:36:04,449 [INFO] ThirdParty:1030 - CMSIS Pack Vendor :STMicroelectronics X-CUBE-NFC9 1.0.0
2024-12-05 19:36:04,449 [INFO] ThirdParty:1030 - CMSIS Pack Vendor :STMicroelectronics USB_DEVICE 3.0.0
2024-12-05 19:36:04,449 [INFO] ThirdParty:1030 - CMSIS Pack Vendor :STMicroelectronics X-CUBE-TCPP 4.1.0
2024-12-05 19:36:04,449 [INFO] ThirdParty:1030 - CMSIS Pack Vendor :STMicroelectronics X-CUBE-AI 8.0.0
2024-12-05 19:36:04,449 [INFO] ThirdParty:1030 - CMSIS Pack Vendor :STMicroelectronics X-CUBE-IPS 3.0.0
2024-12-05 19:36:04,449 [INFO] ThirdParty:1030 - CMSIS Pack Vendor :STMicroelectronics X-CUBE-AZRTOS-WB 2.0.0
2024-12-05 19:36:04,450 [INFO] ThirdParty:1030 - CMSIS Pack Vendor :STMicroelectronics X-CUBE-TOUCHGFX 4.21.1
2024-12-05 19:36:04,450 [INFO] ThirdParty:1030 - CMSIS Pack Vendor :STMicroelectronics X-CUBE-GNSS1 7.0.0
2024-12-05 19:36:04,450 [INFO] ThirdParty:1030 - CMSIS Pack Vendor :STMicroelectronics X-CUBE-TOUCHGFX 4.21.0
2024-12-05 19:36:04,450 [INFO] ThirdParty:1030 - CMSIS Pack Vendor :STMicroelectronics X-CUBE-MEMS1 9.4.0
2024-12-05 19:36:04,450 [INFO] ThirdParty:1030 - CMSIS Pack Vendor :STMicroelectronics X-CUBE-AI 7.3.0
2024-12-05 19:36:04,450 [INFO] ThirdParty:1030 - CMSIS Pack Vendor :STMicroelectronics FP-SNS-STBOX1 2.0.0
2024-12-05 19:36:04,450 [INFO] ThirdParty:1030 - CMSIS Pack Vendor :STMicroelectronics X-CUBE-ALGOBUILD 1.3.0
2024-12-05 19:36:04,450 [INFO] ThirdParty:1030 - CMSIS Pack Vendor :STMicroelectronics X-CUBE-AZRTOS-L5 1.1.0
2024-12-05 19:36:04,450 [INFO] ThirdParty:1030 - CMSIS Pack Vendor :STMicroelectronics X-CUBE-AZRTOS-G0 1.1.0
2024-12-05 19:36:04,450 [INFO] ThirdParty:1030 - CMSIS Pack Vendor :STMicroelectronics X-CUBE-SAFEA1 1.2.2
2024-12-05 19:36:04,450 [INFO] ThirdParty:1030 - CMSIS Pack Vendor :STMicroelectronics X-CUBE-NFC4 3.0.0
2024-12-05 19:36:04,450 [INFO] ThirdParty:1030 - CMSIS Pack Vendor :STMicroelectronics X-CUBE-SUBG2 5.0.0
2024-12-05 19:36:04,451 [INFO] ThirdParty:1030 - CMSIS Pack Vendor :STMicroelectronics STM32_WPAN 1.0.0
2024-12-05 19:36:04,455 [INFO] ThirdParty:1030 - CMSIS Pack Vendor :EmbeddedOffice I-CUBE-FS-RTOS 1.0.1
2024-12-05 19:36:04,455 [INFO] ThirdParty:1030 - CMSIS Pack Vendor :STMicroelectronics lwIP 2.0.3
2024-12-05 19:36:04,455 [INFO] ThirdParty:1030 - CMSIS Pack Vendor :Cesanta I-CUBE-Mongoose 7.13.0
2024-12-05 19:36:04,455 [INFO] ThirdParty:1030 - CMSIS Pack Vendor :STMicroelectronics USB_HOST 1.0.0
2024-12-05 19:36:04,455 [INFO] ThirdParty:1030 - CMSIS Pack Vendor :STMicroelectronics X-CUBE-AZRTOS-G4 2.0.0
2024-12-05 19:36:04,456 [INFO] ThirdParty:1030 - CMSIS Pack Vendor :STMicroelectronics PDM2PCM 3.1.0
2024-12-05 19:36:04,456 [INFO] ThirdParty:1030 - CMSIS Pack Vendor :STMicroelectronics FP-ATR-ASTRA1 1.1.1
2024-12-05 19:36:04,456 [INFO] ThirdParty:1030 - CMSIS Pack Vendor :STMicroelectronics X-CUBE-BLEMGR 1.3.0
2024-12-05 19:36:04,456 [INFO] ThirdParty:1030 - CMSIS Pack Vendor :RealThread X-CUBE-RT-Thread_Nano 4.1.1
2024-12-05 19:36:04,456 [INFO] ThirdParty:1030 - CMSIS Pack Vendor :STMicroelectronics FP-ATR-SIGFOX1 3.2.0
2024-12-05 19:36:04,456 [INFO] ThirdParty:1030 - CMSIS Pack Vendor :STMicroelectronics X-CUBE-AZRTOS-G4 1.0.0
2024-12-05 19:36:04,458 [INFO] ThirdParty:1030 - CMSIS Pack Vendor :STMicroelectronics X-CUBE-AZRTOS-L4 1.0.0
2024-12-05 19:36:04,458 [INFO] ThirdParty:1030 - CMSIS Pack Vendor :quantropi X-CUBE-qispace-sdk-base 1.9.3
2024-12-05 19:36:04,459 [INFO] ThirdParty:1030 - CMSIS Pack Vendor :STMicroelectronics X-CUBE-ISPU 2.0.0
2024-12-05 19:36:04,460 [INFO] ThirdParty:1030 - CMSIS Pack Vendor :STMicroelectronics X-CUBE-EEPRMA1 5.1.0
2024-12-05 19:36:04,460 [INFO] ThirdParty:1030 - CMSIS Pack Vendor :STMicroelectronics MBEDTLS 2.16.2
2024-12-05 19:36:04,460 [INFO] ThirdParty:1030 - CMSIS Pack Vendor :STMicroelectronics X-CUBE-ALS 1.0.2
2024-12-05 19:36:04,460 [INFO] ThirdParty:1030 - CMSIS Pack Vendor :STMicroelectronics X-CUBE-MEMS1 10.0.0
2024-12-05 19:36:04,460 [INFO] ThirdParty:1030 - CMSIS Pack Vendor :STMicroelectronics X-CUBE-TOUCHGFX 4.24.0
2024-12-05 19:36:04,460 [INFO] ThirdParty:1030 - CMSIS Pack Vendor :ITTIA_DB I-CUBE-ITTIADB 8.9.0
2024-12-05 19:36:04,460 [INFO] ThirdParty:1030 - CMSIS Pack Vendor :STMicroelectronics X-CUBE-AZRTOS-WL 1.0.0
2024-12-05 19:36:04,460 [INFO] ThirdParty:1030 - CMSIS Pack Vendor :STMicroelectronics X-CUBE-TOUCHGFX 4.24.1
2024-12-05 19:36:04,460 [INFO] ThirdParty:1030 - CMSIS Pack Vendor :portGmbH I-Cube-SoM-uGOAL 1.1.0
2024-12-05 19:36:04,461 [INFO] ThirdParty:1030 - CMSIS Pack Vendor :STMicroelectronics X-CUBE-ALS 1.0.1
2024-12-05 19:36:04,461 [INFO] ThirdParty:1030 - CMSIS Pack Vendor :STMicroelectronics X-CUBE-MEMS1 9.5.0
2024-12-05 19:36:04,461 [INFO] ThirdParty:1030 - CMSIS Pack Vendor :STMicroelectronics ThreadX 1.0.0
2024-12-05 19:36:04,461 [INFO] ThirdParty:1030 - CMSIS Pack Vendor :STMicroelectronics X-CUBE-AZRTOS-WB 1.1.0
2024-12-05 19:36:04,461 [INFO] ThirdParty:1030 - CMSIS Pack Vendor :SEGGER I-CUBE-embOS 1.3.1
2024-12-05 19:36:04,461 [INFO] ThirdParty:1030 - CMSIS Pack Vendor :STMicroelectronics X-CUBE-ALGOBUILD 1.4.0
2024-12-05 19:36:04,461 [INFO] ThirdParty:1030 - CMSIS Pack Vendor :SEGGER I-CUBE-embOS 1.3.0
2024-12-05 19:36:04,461 [INFO] ThirdParty:1030 - CMSIS Pack Vendor :STMicroelectronics X-CUBE-AZRTOS-H7RS 1.0.0
2024-12-05 19:36:04,462 [INFO] ThirdParty:1030 - CMSIS Pack Vendor :STMicroelectronics FP-ATR-ASTRA1 2.0.0
2024-12-05 19:36:04,462 [INFO] ThirdParty:1030 - CMSIS Pack Vendor :STMicroelectronics X-CUBE-TOF1 3.4.2
2024-12-05 19:36:04,462 [INFO] ThirdParty:1030 - CMSIS Pack Vendor :STMicroelectronics X-CUBE-AI 9.1.0
2024-12-05 19:36:04,462 [INFO] ThirdParty:1030 - CMSIS Pack Vendor :STMicroelectronics X-CUBE-AZRTOS-H7 3.2.0
2024-12-05 19:36:04,462 [INFO] ThirdParty:1030 - CMSIS Pack Vendor :Infineon AIROC-Wi-Fi-Bluetooth-STM32 1.6.0
2024-12-05 19:36:04,462 [INFO] ThirdParty:1030 - CMSIS Pack Vendor :wolfSSL I-CUBE-wolfSSH 1.4.17
2024-12-05 19:36:04,462 [INFO] ThirdParty:841 - exiting critical section [change project]
2024-12-05 19:36:04,951 [INFO] PinOutPanel:1589 - setPackage(No Configuration,No Configuration)
2024-12-05 19:36:04,951 [INFO] PinOutPanel:1589 - setPackage(STM32F401RCTx,LQFP64)
2024-12-05 19:36:05,424 [INFO] UtilMem:75 - Before build in PCC Used Memory: 453861040 Bytes (884998144)
2024-12-05 19:36:05,866 [INFO] UtilMem:75 - After build in PCC Used Memory: 499998352 Bytes (884998144)
2024-12-05 19:36:05,895 [INFO] IPUIPlugin:80 - create IPUIPlugin
2024-12-05 19:36:05,895 [INFO] IPUIPlugin:80 - create IPUIPlugin
2024-12-05 19:36:05,895 [INFO] IPUIPlugin:80 - create IPUIPlugin
2024-12-05 19:36:05,895 [INFO] IPUIPlugin:80 - create IPUIPlugin
2024-12-05 19:36:05,896 [INFO] IPUIPlugin:80 - create IPUIPlugin
2024-12-05 19:36:05,896 [INFO] IPUIPlugin:80 - create IPUIPlugin
2024-12-05 19:36:05,896 [INFO] IPUIPlugin:80 - create IPUIPlugin
2024-12-05 19:36:05,896 [INFO] IPUIPlugin:80 - create IPUIPlugin
2024-12-05 19:36:05,896 [INFO] IPUIPlugin:80 - create IPUIPlugin
2024-12-05 19:36:05,897 [INFO] IPUIPlugin:80 - create IPUIPlugin
2024-12-05 19:36:05,897 [INFO] IPUIPlugin:80 - create IPUIPlugin
2024-12-05 19:36:05,897 [INFO] IPUIPlugin:80 - create IPUIPlugin
2024-12-05 19:36:05,898 [INFO] IPUIPlugin:80 - create IPUIPlugin
2024-12-05 19:36:05,898 [INFO] IPUIPlugin:80 - create IPUIPlugin
2024-12-05 19:36:05,899 [INFO] IPUIPlugin:80 - create IPUIPlugin
2024-12-05 19:36:05,899 [INFO] IPUIPlugin:80 - create IPUIPlugin
2024-12-05 19:36:05,899 [INFO] IPUIPlugin:80 - create IPUIPlugin
2024-12-05 19:36:05,900 [INFO] IPUIPlugin:80 - create IPUIPlugin
2024-12-05 19:36:05,900 [INFO] IPUIPlugin:80 - create IPUIPlugin
2024-12-05 19:36:05,900 [INFO] IPUIPlugin:80 - create IPUIPlugin
2024-12-05 19:36:05,900 [INFO] IPUIPlugin:80 - create IPUIPlugin
2024-12-05 19:36:05,901 [INFO] IPUIPlugin:80 - create IPUIPlugin
2024-12-05 19:36:05,901 [INFO] IPUIPlugin:80 - create IPUIPlugin
2024-12-05 19:36:05,902 [INFO] IPUIPlugin:80 - create IPUIPlugin
2024-12-05 19:36:05,902 [INFO] IPUIPlugin:80 - create IPUIPlugin
2024-12-05 19:36:05,902 [INFO] IPUIPlugin:80 - create IPUIPlugin
2024-12-05 19:36:05,903 [INFO] IPUIPlugin:80 - create IPUIPlugin
2024-12-05 19:36:05,903 [INFO] IPUIPlugin:80 - create IPUIPlugin
2024-12-05 19:36:05,903 [INFO] IPUIPlugin:80 - create IPUIPlugin
2024-12-05 19:36:05,903 [INFO] IPUIPlugin:80 - create IPUIPlugin
2024-12-05 19:36:05,904 [INFO] IPUIPlugin:80 - create IPUIPlugin
2024-12-05 19:36:05,904 [INFO] IPUIPlugin:80 - create IPUIPlugin
2024-12-05 19:36:05,904 [INFO] IPUIPlugin:80 - create IPUIPlugin
2024-12-05 19:36:05,905 [INFO] IPUIPlugin:80 - create IPUIPlugin
2024-12-05 19:36:05,905 [INFO] IPUIPlugin:80 - create IPUIPlugin
2024-12-05 19:36:05,906 [INFO] IPUIPlugin:80 - create IPUIPlugin
2024-12-05 19:36:05,906 [INFO] IPUIPlugin:80 - create IPUIPlugin
2024-12-05 19:36:05,907 [INFO] IPUIPlugin:80 - create IPUIPlugin
2024-12-05 19:36:05,910 [INFO] ApiDbMcu:508 - Load IP Config File for PDM2PCM
2024-12-05 19:36:05,979 [INFO] CADModel:165 - CPN selected for project levelSTM32F401RCT6TR
2024-12-05 19:36:05,980 [INFO] CADModel:114 - Register for checkConnection events
2024-12-05 19:36:06,026 [INFO] OpenFileManager:363 - Restore cursor
2024-12-05 19:37:02,602 [INFO] NvicIntPanel:101 - NVIC parent = com.st.microxplorer.plugins.ip.nvic.MultiNvicIntPanel[,0,0,0x0,invalid,layout=javax.swing.BoxLayout,alignmentX=0.0,alignmentY=0.0,border=,flags=9,maximumSize=,minimumSize=,preferredSize=]
2024-12-05 19:37:03,604 [INFO] UtilMem:75 - End SaveConfig() Used Memory: 297800296 Bytes (884998144)
2024-12-05 19:37:03,723 [INFO] UtilMem:75 - End SaveConfig() Used Memory: 312477696 Bytes (884998144)
2024-12-05 19:37:04,221 [INFO] UtilMem:75 - End SaveConfig() Used Memory: 348979232 Bytes (884998144)
2024-12-05 19:37:04,635 [INFO] BlockDiagram:2766 - set Specific Code input for plugin: SPI
2024-12-05 19:37:04,635 [INFO] BlockDiagram:2766 - set Specific Code input for plugin: NVIC
2024-12-05 19:37:04,635 [INFO] BlockDiagram:2766 - set Specific Code input for plugin: TIM1_8
2024-12-05 19:37:04,636 [INFO] BlockDiagram:2766 - set Specific Code input for plugin: SYS
2024-12-05 19:37:04,636 [INFO] BlockDiagram:2766 - set Specific Code input for plugin: GPIO
2024-12-05 19:37:04,636 [INFO] BlockDiagram:2766 - set Specific Code input for plugin: RCC
2024-12-05 19:37:04,636 [INFO] CodeGenerator:896 - code generatio: config db path: /home/cotti/.stm32cubemx/databases/DB.6.0.120/db/
2024-12-05 19:37:04,831 [INFO] CodeEngine:255 - oldGeneratedFile, /home/cotti/Desktop/Potencia/repos/bldc-controller-edp/code/FOC_bits_3/MXTmpFiles/license.tmp_save
2024-12-05 19:37:05,480 [INFO] CodeEngine:279 - Generated code: /home/cotti/Desktop/Potencia/repos/bldc-controller-edp/code/FOC_bits_3/MXTmpFiles/license.tmp
2024-12-05 19:37:05,551 [INFO] CodeEngine:255 - oldGeneratedFile, /home/cotti/Desktop/Potencia/repos/bldc-controller-edp/code/FOC_bits_3/MXTmpFiles/gpio.tmp_save
2024-12-05 19:37:05,791 [INFO] CodeEngine:279 - Generated code: /home/cotti/Desktop/Potencia/repos/bldc-controller-edp/code/FOC_bits_3/MXTmpFiles/gpio.tmp
2024-12-05 19:37:05,965 [INFO] CodeEngine:255 - oldGeneratedFile, /home/cotti/Desktop/Potencia/repos/bldc-controller-edp/code/FOC_bits_3/Core/Src/stm32f4xx_it.c_save
2024-12-05 19:37:06,399 [INFO] CodeEngine:279 - Generated code: /home/cotti/Desktop/Potencia/repos/bldc-controller-edp/code/FOC_bits_3/Core/Src/stm32f4xx_it.c
2024-12-05 19:37:06,402 [INFO] CodeEngine:255 - oldGeneratedFile, /home/cotti/Desktop/Potencia/repos/bldc-controller-edp/code/FOC_bits_3/Core/Inc/stm32f4xx_it.h_save
2024-12-05 19:37:06,525 [INFO] CodeEngine:279 - Generated code: /home/cotti/Desktop/Potencia/repos/bldc-controller-edp/code/FOC_bits_3/Core/Inc/stm32f4xx_it.h
2024-12-05 19:37:06,532 [INFO] CodeEngine:255 - oldGeneratedFile, /home/cotti/Desktop/Potencia/repos/bldc-controller-edp/code/FOC_bits_3/Core/Src/stm32f4xx_hal_msp.c_save
2024-12-05 19:37:06,752 [INFO] CodeEngine:279 - Generated code: /home/cotti/Desktop/Potencia/repos/bldc-controller-edp/code/FOC_bits_3/Core/Src/stm32f4xx_hal_msp.c
2024-12-05 19:37:06,754 [INFO] CodeEngine:255 - oldGeneratedFile, /home/cotti/Desktop/Potencia/repos/bldc-controller-edp/code/FOC_bits_3/MXTmpFiles/system.tmp_save
2024-12-05 19:37:06,881 [INFO] CodeEngine:279 - Generated code: /home/cotti/Desktop/Potencia/repos/bldc-controller-edp/code/FOC_bits_3/MXTmpFiles/system.tmp
2024-12-05 19:37:06,886 [INFO] CodeEngine:311 - oldGeneratedFile, /home/cotti/Desktop/Potencia/repos/bldc-controller-edp/code/FOC_bits_3/Core/Inc/stm32f4xx_hal_conf.h_save
2024-12-05 19:37:07,015 [INFO] CodeEngine:335 - Generated code: /home/cotti/Desktop/Potencia/repos/bldc-controller-edp/code/FOC_bits_3/Core/Inc/stm32f4xx_hal_conf.h
2024-12-05 19:37:07,047 [INFO] ApiDbMcu:508 - Load IP Config File for SPI3
2024-12-05 19:37:07,067 [INFO] ApiDbMcu:508 - Load IP Config File for TIM3
2024-12-05 19:37:07,073 [INFO] ApiDbMcu:508 - Load IP Config File for RCC
2024-12-05 19:37:07,075 [WARN] IPConfigManager:3618 - IP not found : TIM
2024-12-05 19:37:07,075 [WARN] CodeGenerator:4152 - IP not found : null
2024-12-05 19:37:07,078 [INFO] CodeEngine:255 - oldGeneratedFile, /home/cotti/Desktop/Potencia/repos/bldc-controller-edp/code/FOC_bits_3/Core/Inc/main.h_save
2024-12-05 19:37:07,232 [INFO] CodeEngine:279 - Generated code: /home/cotti/Desktop/Potencia/repos/bldc-controller-edp/code/FOC_bits_3/Core/Inc/main.h
2024-12-05 19:37:07,234 [INFO] CodeEngine:255 - oldGeneratedFile, /home/cotti/Desktop/Potencia/repos/bldc-controller-edp/code/FOC_bits_3/Core/Src/main.c_save
2024-12-05 19:37:07,474 [INFO] CodeEngine:279 - Generated code: /home/cotti/Desktop/Potencia/repos/bldc-controller-edp/code/FOC_bits_3/Core/Src/main.c
2024-12-05 19:37:07,965 [INFO] ProjectBuilder:3289 - Time for Copy HAL[1] : 43mS.
2024-12-05 19:37:07,968 [INFO] ProjectBuilder:4876 - Project Generator version: 4.5.0-RC5
2024-12-05 19:37:08,158 [INFO] ConfigFileManager:1579 - The Die is : DIE423
2024-12-05 19:37:08,162 [INFO] ApiDbMcu:508 - Load IP Config File for FATFS
2024-12-05 19:37:08,169 [INFO] ApiDbMcu:508 - Load IP Config File for FREERTOS
2024-12-05 19:37:08,172 [INFO] ApiDbMcu:508 - Load IP Config File for LIBJPEG
2024-12-05 19:37:08,181 [INFO] ApiDbMcu:508 - Load IP Config File for MBEDTLS
2024-12-05 19:37:08,195 [INFO] ApiDbMcu:508 - Load IP Config File for USB_DEVICE
2024-12-05 19:37:08,200 [INFO] ApiDbMcu:508 - Load IP Config File for USB_HOST
2024-12-05 19:37:08,779 [ERROR] ConfigurationRetriever:142 - IOException on connection: Connect timed out
2024-12-05 19:37:09,482 [INFO] ProjectBuilder:5154 - Time for Generating toolchain IDE Files: 1513mS.
2024-12-05 19:37:09,482 [INFO] ProjectBuilder:3146 - Time for Copy CMSIS : 0mS.
2024-12-05 19:37:09,485 [INFO] ProjectBuilder:3146 - Time for Copy CMSIS : 0mS.
2024-12-05 19:37:13,788 [ERROR] ConfigurationRetriever:142 - IOException on connection: Connect timed out
2024-12-05 19:37:18,570 [ERROR] ConfigurationRetriever:142 - IOException on connection: Connect timed out
2024-12-05 19:37:18,794 [ERROR] ConfigurationRetriever:142 - IOException on connection: Connect timed out
2024-12-05 19:37:20,573 [ERROR] ConfigurationRetriever:142 - IOException on connection: Connect timed out
2024-12-05 19:37:22,576 [ERROR] ConfigurationRetriever:142 - IOException on connection: Connect timed out
2024-12-05 19:37:24,588 [ERROR] ConfigurationRetriever:142 - IOException on connection: Connect timed out
2024-12-05 19:37:26,591 [ERROR] ConfigurationRetriever:142 - IOException on connection: Connect timed out
2024-12-05 19:37:28,594 [ERROR] ConfigurationRetriever:142 - IOException on connection: Connect timed out
2024-12-05 19:38:22,700 [ERROR] ConfigurationRetriever:142 - IOException on connection: Connect timed out
2024-12-05 19:38:24,703 [ERROR] ConfigurationRetriever:142 - IOException on connection: Connect timed out
2024-12-05 19:38:26,707 [ERROR] ConfigurationRetriever:142 - IOException on connection: Connect timed out
2024-12-05 19:38:28,717 [ERROR] ConfigurationRetriever:142 - IOException on connection: Connect timed out
2024-12-05 19:38:30,720 [ERROR] ConfigurationRetriever:142 - IOException on connection: Connect timed out
2024-12-05 19:38:32,723 [ERROR] ConfigurationRetriever:142 - IOException on connection: Connect timed out
2024-12-05 19:50:04,810 [ERROR] ConfigurationRetriever:142 - IOException on connection: Connect timed out
2024-12-05 19:50:06,813 [ERROR] ConfigurationRetriever:142 - IOException on connection: Connect timed out
2024-12-05 19:50:08,815 [ERROR] ConfigurationRetriever:142 - IOException on connection: Connect timed out
